method,seed,task,threshold,overall,cpa,matched,cpa_minus_overall,cpa_minus_matched
finetune,7,baseline,0.5,7.850540060922503,13.626017377587432,7.9645086601323145,5.775477316664929,5.661508717455118
finetune,7,baseline,1.0,7.850540060922503,11.010430844217169,7.971233587560684,3.1598907832946654,3.039197256656484
finetune,7,baseline,1.5,7.850540060922503,10.140505773535322,7.98827028714213,2.289965712612819,2.1522354863931925
finetune,7,baseline,2.0,7.850540060922503,9.508841508360051,7.9771451993662525,1.6583014474375481,1.5316963089937987
finetune,11,baseline,0.5,18.627272356867792,22.199064240989273,18.679851779068034,3.571791884121481,3.5192124619212386
finetune,11,baseline,1.0,18.627272356867792,20.561974437892637,18.687612701526888,1.9347020810248452,1.8743617363657492
finetune,11,baseline,1.5,18.627272356867792,20.216219242642126,18.76612244615817,1.5889468857743339,1.4500967964839546
finetune,11,baseline,2.0,18.627272356867792,19.792574419318832,18.76024589065995,1.1653020624510404,1.0323285286588835
finetune,23,baseline,0.5,11.736808467164636,14.151824489182083,11.821952755682709,2.415016022017447,2.329871733499374
finetune,23,baseline,1.0,11.736808467164636,12.76921868418357,11.732484365355631,1.0324102170189349,1.0367343188279392
finetune,23,baseline,1.5,11.736808467164636,12.537170166708195,11.771007224774351,0.8003616995435596,0.7661629419338443
finetune,23,baseline,2.0,11.736808467164636,12.127672847293066,11.767245520880945,0.3908643801284306,0.36042732641212183
finetune,47,baseline,0.5,6.922497689247131,10.621511964268633,6.8359622002305205,3.6990142750215016,3.7855497640381124
finetune,47,baseline,1.0,6.922497689247131,8.747581442219563,6.8517026949680355,1.8250837529724313,1.895878747251527
finetune,47,baseline,1.5,6.922497689247131,8.277746177019294,6.948574361750631,1.3552484877721627,1.329171815268663
finetune,47,baseline,2.0,6.922497689247131,7.81769524286417,6.951549472757205,0.8951975536170389,0.8661457701069653
finetune,59,baseline,0.5,10.309609429761768,16.007237224479876,10.572218520395948,5.697627794718109,5.435018704083928
finetune,59,baseline,1.0,10.309609429761768,13.65371206147426,10.564966266476633,3.3441026317124933,3.088745794997628
finetune,59,baseline,1.5,10.309609429761768,12.776869421828158,10.530518439056266,2.4672599920663902,2.246350982771892
finetune,59,baseline,2.0,10.309609429761768,12.204701102842801,10.525957281421684,1.8950916730810334,1.6787438214211168
finetune,71,baseline,0.5,9.335515867814422,14.849445675577067,9.52162068512001,5.513929807762645,5.327824990457058
finetune,71,baseline,1.0,9.335515867814422,12.201900231193125,9.442052623987276,2.866384363378703,2.759847607205849
finetune,71,baseline,1.5,9.335515867814422,11.41013252419458,9.440356596875702,2.074616656380158,1.969775927318878
finetune,71,baseline,2.0,9.335515867814422,10.812440756260646,9.41253225866283,1.4769248884462236,1.3999084975978153
finetune,89,baseline,0.5,12.7368464724198,17.01530605188776,12.8342655687199,4.27845957946796,4.181040483167859
finetune,89,baseline,1.0,12.7368464724198,15.379392503818503,12.816967178115933,2.6425460313987035,2.56242532570257
finetune,89,baseline,1.5,12.7368464724198,14.8496210567078,12.825327952342107,2.112774584288001,2.024293104365693
finetune,89,baseline,2.0,12.7368464724198,14.371094762014762,12.822840527544889,1.6342482895949626,1.5482542344698729
finetune,107,baseline,0.5,3.5430087298825383,8.868707373442417,3.5792151408231185,5.325698643559878,5.289492232619299
finetune,107,baseline,1.0,3.5430087298825383,6.48384876851635,3.6118914377228686,2.940840038633812,2.8719573307934816
finetune,107,baseline,1.5,3.5430087298825383,5.469060861002286,3.612587280778737,1.9260521311197478,1.856473580223549
finetune,107,baseline,2.0,3.5430087298825383,4.853348456106594,3.581043600987412,1.3103397262240555,1.2723048551191818
reservoir,7,baseline,0.5,0.3094001135379076,0.7694322330749422,0.18231484180459834,0.46003211953703466,0.5871173912703439
reservoir,7,baseline,1.0,0.3094001135379076,0.44730660917390697,0.2444918330657178,0.13790649563599938,0.20281477610818915
reservoir,7,baseline,1.5,0.3094001135379076,0.5242673193691448,0.3109391337234965,0.21486720583123725,0.21332818564564832
reservoir,7,baseline,2.0,0.3094001135379076,0.4302345413863893,0.31501702582202945,0.1208344278484817,0.11521751556435983
reservoir,11,baseline,0.5,0.9578209414035082,2.7462835489412507,0.9784203319693964,1.7884626075377426,1.7678632169718544
reservoir,11,baseline,1.0,0.9578209414035082,1.722780891510384,0.9634112688413403,0.7649599501068758,0.7593696226690436
reservoir,11,baseline,1.5,0.9578209414035082,1.4945878010356877,0.9886015385226072,0.5367668596321795,0.5059862625130804
reservoir,11,baseline,2.0,0.9578209414035082,1.3327978045239939,0.9847778570188475,0.3749768631204857,0.3480199475051464
reservoir,23,baseline,0.5,-0.5112621717453003,-0.7381484741983861,-0.7949544700904264,-0.22688630245308583,0.05680599589204027
reservoir,23,baseline,1.0,-0.5112621717453003,-0.5718740014844441,-0.5245592712272023,-0.06061182973914381,-0.047314730257241866
reservoir,23,baseline,1.5,-0.5112621717453003,-0.5521967649406334,-0.48633670087526004,-0.0409345931953331,-0.06586006406537337
reservoir,23,baseline,2.0,-0.5112621717453003,-0.5980334861580069,-0.4756916629048359,-0.08677131441270658,-0.122341823253171
reservoir,47,baseline,0.5,-0.20856627881526946,-0.3190339784329549,-0.38184164089227907,-0.11046769961768543,0.06280766245932418
reservoir,47,baseline,1.0,-0.20856627881526946,-0.21883135469548462,-0.2659768016991874,-0.010265075880215163,0.047145447003702795
reservoir,47,baseline,1.5,-0.20856627881526946,-0.14004836663523526,-0.22682185536475968,0.0685179121800342,0.08677348872952442
reservoir,47,baseline,2.0,-0.20856627881526946,-0.20323860626565315,-0.2201218823877927,0.005327672549616302,0.01688327612213955
reservoir,59,baseline,0.5,0.09278190842270852,-0.17981957603878063,0.026425625036224257,-0.27260148446148913,-0.20624520107500488
reservoir,59,baseline,1.0,0.09278190842270852,-0.25420233708089207,0.11884651234944382,-0.3469842455036006,-0.3730488494303359
reservoir,59,baseline,1.5,0.09278190842270852,-0.09582793961414529,0.14570941855735633,-0.18860984803685382,-0.24153735817150163
reservoir,59,baseline,2.0,0.09278190842270852,-0.05922638595057395,0.1428289200021981,-0.15200829437328248,-0.20205530595277205
reservoir,71,baseline,0.5,1.012819450467825,1.9330747837086446,0.9496823758055133,0.9202553332408197,0.9833924079031313
reservoir,71,baseline,1.0,1.012819450467825,1.499738462109711,0.9852855145870868,0.486919011641886,0.5144529475226242
reservoir,71,baseline,1.5,1.012819450467825,1.4014102515080673,1.0206656085732737,0.38859080104024235,0.3807446429347936
reservoir,71,baseline,2.0,1.012819450467825,1.242444032280818,1.0233370960777202,0.22962458181299295,0.21910693620309774
reservoir,89,baseline,0.5,-0.09902775820344686,0.3461865763371602,-0.20240573492748568,0.4452143345406071,0.5485923112646459
reservoir,89,baseline,1.0,-0.09902775820344686,0.07043211321685602,-0.09547883804013851,0.1694598714203029,0.16591095125699454
reservoir,89,baseline,1.5,-0.09902775820344686,-0.036251405892723125,-0.07561820616350107,0.06277635231072373,0.03936680027077794
reservoir,89,baseline,2.0,-0.09902775820344686,-0.10321337981946994,-0.07184915234914611,-0.00418562161602308,-0.03136422747032383
reservoir,107,baseline,0.5,-0.9116357543691993,-1.2651245086470666,-1.1525992191554248,-0.3534887542778673,-0.11252528949164176
reservoir,107,baseline,1.0,-0.9116357543691993,-1.1592112366517475,-0.9941117465679464,-0.24757548228254822,-0.1650994900838011
reservoir,107,baseline,1.5,-0.9116357543691993,-1.0800068364135882,-0.9309619884318111,-0.1683710820443889,-0.14904484798177708
reservoir,107,baseline,2.0,-0.9116357543691993,-1.131863417734523,-0.9390671234072837,-0.22022766336532373,-0.19279629432723933
gss_adapted,7,baseline,0.5,-0.43771967706829307,-0.657051807921716,-0.4871157820503813,-0.21933213085342296,-0.16993602587133472
gss_adapted,7,baseline,1.0,-0.43771967706829307,-0.5743874879270422,-0.44753521110571637,-0.13666781085874913,-0.12685227682132583
gss_adapted,7,baseline,1.5,-0.43771967706829307,-0.4789382692299369,-0.4130015720729682,-0.04121859216164381,-0.06593669715696865
gss_adapted,7,baseline,2.0,-0.43771967706829307,-0.48263057532595166,-0.41024156512270415,-0.044910898257658594,-0.0723890102032475
gss_adapted,11,baseline,0.5,-0.297739235535264,-0.5496692232491738,-0.36598692571988756,-0.2519299877139098,-0.18368229752928622
gss_adapted,11,baseline,1.0,-0.297739235535264,-0.34227947821880544,-0.2538394825365765,-0.04454024268354145,-0.08843999568222893
gss_adapted,11,baseline,1.5,-0.297739235535264,-0.3130868711848233,-0.25221921300750755,-0.015347635649559321,-0.060867658177315764
gss_adapted,11,baseline,2.0,-0.297739235535264,-0.31341049843010527,-0.24679811844149116,-0.015671262894841276,-0.0666123799886141
gss_adapted,23,baseline,0.5,-0.8699116237610579,-1.1905919616295542,-1.0585211794250404,-0.32068033786849626,-0.13207078220451374
gss_adapted,23,baseline,1.0,-0.8699116237610579,-1.0023949811867152,-0.8855962277225213,-0.1324833574256573,-0.11679875346419388
gss_adapted,23,baseline,1.5,-0.8699116237610579,-0.9416294080778769,-0.8585637555662562,-0.07171778431681897,-0.08306565251162068
gss_adapted,23,baseline,2.0,-0.8699116237610579,-0.9413608164180477,-0.8553601056824218,-0.07144919265698979,-0.08600071073562587
gss_adapted,47,baseline,0.5,-0.17196655586361886,-0.36966124198496986,-0.2112722093017785,-0.197694686121351,-0.15838903268319135
gss_adapted,47,baseline,1.0,-0.17196655586361886,-0.17244542834455023,-0.13271949632374133,-0.00047887248093136936,-0.0397259320208089
gss_adapted,47,baseline,1.5,-0.17196655586361886,-0.13021572134867176,-0.13415583828486935,0.0417508345149471,0.003940116936197585
gss_adapted,47,baseline,2.0,-0.17196655586361886,-0.15687929867574388,-0.13359410220024498,0.015087257187874986,-0.023285196475498898
gss_adapted,59,baseline,0.5,0.28245933935046197,-0.16524655315419828,0.18649648203316707,-0.44770589250466025,-0.3517430351873654
gss_adapted,59,baseline,1.0,0.28245933935046197,0.2663583322401918,0.29348044708768706,-0.016101007110270182,-0.02712211484749527
gss_adapted,59,baseline,1.5,0.28245933935046197,0.41529083671967904,0.316776089453855,0.13283149736921707,0.09851474726582404
gss_adapted,59,baseline,2.0,0.28245933935046197,0.41988460259557425,0.32311961832082986,0.13742526324511228,0.09676498427474439
gss_adapted,71,baseline,0.5,0.005611046269536018,-0.3468746257818133,-0.020369017971874223,-0.3524856720513493,-0.32650560780993904
gss_adapted,71,baseline,1.0,0.005611046269536018,-0.1568385492653293,0.007905691744762681,-0.16244959553486532,-0.164744241010092
gss_adapted,71,baseline,1.5,0.005611046269536018,-0.06607184763763709,0.029140494672787006,-0.0716828939071731,-0.0952123423104241
gss_adapted,71,baseline,2.0,0.005611046269536018,-0.11177605561449691,0.02710949043233149,-0.11738710188403292,-0.1388855460468284
gss_adapted,89,baseline,0.5,-0.4631685724928975,-0.7977924425464245,-0.5321574137901787,-0.33462387005352695,-0.2656350287562458
gss_adapted,89,baseline,1.0,-0.4631685724928975,-0.6097207452761684,-0.47897253296989784,-0.14655217278327087,-0.13074821230627054
gss_adapted,89,baseline,1.5,-0.4631685724928975,-0.5353444293275128,-0.46395016530099153,-0.0721758568346153,-0.07139426402652127
gss_adapted,89,baseline,2.0,-0.4631685724928975,-0.5447955887943202,-0.4564743040575299,-0.08162701630142272,-0.0883212847367903
gss_adapted,107,baseline,0.5,0.23099359302967787,0.22256585151387465,0.14629252383431618,-0.008427741515803222,0.07627332767955847
gss_adapted,107,baseline,1.0,0.23099359302967787,0.3533669229189465,0.23017353083574518,0.12237332988926863,0.12319339208320132
gss_adapted,107,baseline,1.5,0.23099359302967787,0.3937378507140937,0.24871353677745853,0.1627442576844158,0.14502431393663515
gss_adapted,107,baseline,2.0,0.23099359302967787,0.37405737254765686,0.24514476176140798,0.143063779517979,0.12891261078624888
cgsm_dual,7,baseline,0.5,-0.40660695265233515,-0.8101830828921459,-0.4777372352911336,-0.40357613023981076,-0.3324458476010123
cgsm_dual,7,baseline,1.0,-0.40660695265233515,-0.6374667743147427,-0.4190691546882226,-0.2308598216624076,-0.21839761962652016
cgsm_dual,7,baseline,1.5,-0.40660695265233515,-0.47134833447167007,-0.3912294034097403,-0.06474138181933492,-0.0801189310619298
cgsm_dual,7,baseline,2.0,-0.40660695265233515,-0.47647227326997693,-0.3877839213707461,-0.06986532061764178,-0.08868835189923086
cgsm_dual,11,baseline,0.5,-0.08492370570451022,-0.5148318350207505,-0.20713873256388032,-0.42990812931624023,-0.30769310245687015
cgsm_dual,11,baseline,1.0,-0.08492370570451022,-0.2885045222392077,-0.10134306157630785,-0.20358081653469748,-0.18716146066289985
cgsm_dual,11,baseline,1.5,-0.08492370570451022,-0.16963347789950173,-0.07128685563372746,-0.08470977219499151,-0.09834662226577427
cgsm_dual,11,baseline,2.0,-0.08492370570451022,-0.12402295546557898,-0.06270820864542938,-0.039099249761068766,-0.061314746820149604
cgsm_dual,23,baseline,0.5,-0.5039157890081406,-0.7279175830877215,-0.7742969025270382,-0.22400179407958087,0.046379319439316724
cgsm_dual,23,baseline,1.0,-0.5039157890081406,-0.46825443146059453,-0.5562697285700998,0.03566135754754607,0.08801529710950529
cgsm_dual,23,baseline,1.5,-0.5039157890081406,-0.441068977545579,-0.5237495683377118,0.0628468114625616,0.0826805907921328
cgsm_dual,23,baseline,2.0,-0.5039157890081406,-0.471414243013767,-0.5176220244865113,0.032501545994373604,0.04620778147274429
cgsm_dual,47,baseline,0.5,-0.47050873884558675,-0.24422850688441997,-0.5351627538701017,0.22628023196116678,0.2909342469856817
cgsm_dual,47,baseline,1.0,-0.47050873884558675,-0.3387662191132951,-0.4510163085916923,0.13174251973229167,0.11225008947839721
cgsm_dual,47,baseline,1.5,-0.47050873884558675,-0.38610765610819875,-0.44118931981484216,0.084401082737388,0.05508166370664341
cgsm_dual,47,baseline,2.0,-0.47050873884558675,-0.4538424358251801,-0.4392119715308773,0.01666630302040667,-0.014630464294302759
cgsm_dual,59,baseline,0.5,-0.047796157330274584,-0.5217881346867833,-0.14456109627271102,-0.4739919773565087,-0.3772270384140723
cgsm_dual,59,baseline,1.0,-0.047796157330274584,-0.2683454251679116,-0.05531969350679438,-0.220549267837637,-0.2130257316611172
cgsm_dual,59,baseline,1.5,-0.047796157330274584,-0.13290887704550472,-0.02821738562274733,-0.08511271971523013,-0.10469149142275738
cgsm_dual,59,baseline,2.0,-0.047796157330274584,-0.12790348786401262,-0.025952910387802126,-0.08010733053373803,-0.1019505774762105
cgsm_dual,71,baseline,0.5,-0.5125563412606716,-0.8705142861776833,-0.5567882132583192,-0.3579579449170117,-0.31372607291936416
cgsm_dual,71,baseline,1.0,-0.5125563412606716,-0.6804034018126792,-0.49089407412719654,-0.1678470605520076,-0.18950932768548268
cgsm_dual,71,baseline,1.5,-0.5125563412606716,-0.5992671719198809,-0.48244810857713016,-0.08671083065920926,-0.11681906334275072
cgsm_dual,71,baseline,2.0,-0.5125563412606716,-0.5992416981534516,-0.47440481115989275,-0.08668535689278001,-0.12483688699355888
cgsm_dual,89,baseline,0.5,-0.1223150530681014,-0.33164342968902866,-0.20916010223974496,-0.20932837662092724,-0.1224833274492837
cgsm_dual,89,baseline,1.0,-0.1223150530681014,-0.2579370360766887,-0.14033286182940327,-0.1356219830085873,-0.11760417424728545
cgsm_dual,89,baseline,1.5,-0.1223150530681014,-0.15186339119178388,-0.12106734192428843,-0.029548338123682474,-0.03079604926749545
cgsm_dual,89,baseline,2.0,-0.1223150530681014,-0.1411441381953405,-0.1143566223281997,-0.01882908512723909,-0.0267875158671408
cgsm_dual,107,baseline,0.5,-0.43614601596444846,-0.662753179319714,-0.5007388092440626,-0.22660716335526554,-0.16201437007565145
cgsm_dual,107,baseline,1.0,-0.43614601596444846,-0.5196074928244179,-0.43767760646066284,-0.08346147685996941,-0.08192988636375503
cgsm_dual,107,baseline,1.5,-0.43614601596444846,-0.4484274260151322,-0.41851556108796084,-0.012281410050683728,-0.02991186492717135
cgsm_dual,107,baseline,2.0,-0.43614601596444846,-0.46443757507291633,-0.42416360999426383,-0.028291559108467867,-0.040273965078652496
dualls_adapted,7,baseline,0.5,-0.6022611609250307,-0.8421991615949554,-0.6870110160204045,-0.23993800066992477,-0.15518814557455096
dualls_adapted,7,baseline,1.0,-0.6022611609250307,-0.6903120002792277,-0.5784559008007656,-0.088050839354197,-0.11185609947846209
dualls_adapted,7,baseline,1.5,-0.6022611609250307,-0.6267128311485534,-0.558956910638694,-0.02445167022352268,-0.06775592050985935
dualls_adapted,7,baseline,2.0,-0.6022611609250307,-0.6645546681704899,-0.5603564651988,-0.062293507245459234,-0.10419820297168991
dualls_adapted,11,baseline,0.5,-0.1728398947864771,-0.30374244640880543,-0.26703261203380146,-0.13090255162232833,-0.03670983437500397
dualls_adapted,11,baseline,1.0,-0.1728398947864771,-0.14356190006520594,-0.13182985982889966,0.029277994721271156,-0.01173204023630628
dualls_adapted,11,baseline,1.5,-0.1728398947864771,-0.0916772840320529,-0.1286245191961922,0.0811626107544242,0.036947235164139294
dualls_adapted,11,baseline,2.0,-0.1728398947864771,-0.12019095527123769,-0.1226903051865078,0.05264893951523941,0.0024993499152701076
dualls_adapted,23,baseline,0.5,-0.3632503941357136,-0.5655536493992547,-0.4876342814190492,-0.2023032552635411,-0.07791936798020549
dualls_adapted,23,baseline,1.0,-0.3632503941357136,-0.41836514857334106,-0.31497361090726317,-0.05511475443762748,-0.10339153766607789
dualls_adapted,23,baseline,1.5,-0.3632503941357136,-0.38229826868543504,-0.30657925831956095,-0.019047874549721455,-0.07571901036587408
dualls_adapted,23,baseline,2.0,-0.3632503941357136,-0.40574972416974386,-0.3061843345817832,-0.04249933003403028,-0.09956538958796068
dualls_adapted,47,baseline,0.5,-0.32600420638918876,-0.020970228938419468,-0.3305097654627483,0.30503397745076927,0.3095395365243288
dualls_adapted,47,baseline,1.0,-0.32600420638918876,-0.09421797404160226,-0.2433012598028942,0.2317862323475865,0.14908328576129193
dualls_adapted,47,baseline,1.5,-0.32600420638918876,-0.1750910943190114,-0.24957282206949638,0.15091311207017735,0.07448172775048498
dualls_adapted,47,baseline,2.0,-0.32600420638918876,-0.27588421876563485,-0.2556766465061777,0.05011998762355391,-0.02020757225945713
dualls_adapted,59,baseline,0.5,-0.15145253072679044,-0.469311825581406,-0.3056938055827085,-0.31785929485461556,-0.16361801999869752
dualls_adapted,59,baseline,1.0,-0.15145253072679044,-0.3715020550883206,-0.16828070526620267,-0.2200495243615302,-0.20322134982211795
dualls_adapted,59,baseline,1.5,-0.15145253072679044,-0.270642834356058,-0.13603161980400574,-0.11919030362926758,-0.13461121455205227
dualls_adapted,59,baseline,2.0,-0.15145253072679044,-0.29934482956531944,-0.12370531889783278,-0.147892298838529,-0.17563951066748668
dualls_adapted,71,baseline,0.5,-0.3161897637695074,-0.7797806492135844,-0.4346594493861713,-0.46359088544407695,-0.34512119982741307
dualls_adapted,71,baseline,1.0,-0.3161897637695074,-0.5493265532855923,-0.32010935347123165,-0.2331367895160849,-0.22921719981436067
dualls_adapted,71,baseline,1.5,-0.3161897637695074,-0.41749757924242553,-0.29837251524651337,-0.10130781547291812,-0.11912506399591216
dualls_adapted,71,baseline,2.0,-0.3161897637695074,-0.41779922511946566,-0.29600847389473356,-0.10160946134995824,-0.1217907512247321
dualls_adapted,89,baseline,0.5,-0.5407560940980911,-1.017039236824435,-0.6146638990071565,-0.47628314272634387,-0.4023753378172785
dualls_adapted,89,baseline,1.0,-0.5407560940980911,-0.8050231129065442,-0.5329500258035347,-0.26426701880845305,-0.2720730871030095
dualls_adapted,89,baseline,1.5,-0.5407560940980911,-0.6864713806946573,-0.5303253382155191,-0.14571528659656618,-0.15614604247913821
dualls_adapted,89,baseline,2.0,-0.5407560940980911,-0.693299307295495,-0.5223921330020127,-0.15254321319740394,-0.17090717429348234
dualls_adapted,107,baseline,0.5,-0.7214713341295719,-1.3078125190218433,-0.9179254481692989,-0.5863411848922714,-0.38988707085254437
dualls_adapted,107,baseline,1.0,-0.7214713341295719,-0.975730112735959,-0.7620591083066495,-0.2542587786063871,-0.21367100442930953
dualls_adapted,107,baseline,1.5,-0.7214713341295719,-0.8746476444671569,-0.7046556333916066,-0.15317631033758505,-0.1699920110755503
dualls_adapted,107,baseline,2.0,-0.7214713341295719,-0.8926465191058258,-0.6953058828440014,-0.17117518497625395,-0.1973406362618244
finetune,7,wind5,0.5,10.901019306123256,16.002209460184833,10.960017477450105,5.101190154061577,5.042191982734728
finetune,7,wind5,1.0,10.901019306123256,13.50071919185032,11.015862833017561,2.5996998857270643,2.4848563588327597
finetune,7,wind5,1.5,10.901019306123256,12.510045277374285,10.984289199900338,1.6090259712510289,1.5257560774739467
finetune,7,wind5,2.0,10.901019306123256,11.85839658412974,10.927542311995225,0.9573772780064829,0.9308542721345141
finetune,11,wind5,0.5,23.157292249292134,27.556746665839178,23.14850780391266,4.399454416547044,4.408238861926517
finetune,11,wind5,1.0,23.157292249292134,25.448023521029683,23.166804168370373,2.290731271737549,2.28121935265931
finetune,11,wind5,1.5,23.157292249292134,24.62320030614258,23.181441031581397,1.465908056850445,1.441759274561182
finetune,11,wind5,2.0,23.157292249292134,24.054182220004485,23.146086090391005,0.8968899707123512,0.9080961296134795
finetune,23,wind5,0.5,14.893630449995399,19.542452916218217,15.03233486314964,4.648822466222818,4.510118053068577
finetune,23,wind5,1.0,14.893630449995399,17.1468645378373,14.977292766505725,2.2532340878419,2.169571771331574
finetune,23,wind5,1.5,14.893630449995399,16.21172279607654,14.974837501993381,1.3180923460811407,1.2368852940831587
finetune,23,wind5,2.0,14.893630449995399,15.632182929683358,14.92767939176662,0.738552479687959,0.7045035379167377
finetune,47,wind5,0.5,10.468277089893817,14.066014738172102,10.522796949959314,3.597737648278285,3.5432177882127878
finetune,47,wind5,1.0,10.468277089893817,12.156820281191482,10.522702862536303,1.688543191297665,1.6341174186551797
finetune,47,wind5,1.5,10.468277089893817,11.461940804263005,10.524046683528438,0.9936637143691875,0.9378941207345672
finetune,47,wind5,2.0,10.468277089893817,10.999809251071039,10.479776398372314,0.5315321611772212,0.5200328526987246
finetune,59,wind5,0.5,15.298167879730464,19.656896429219444,15.296303735917345,4.35872854948898,4.360592693302099
finetune,59,wind5,1.0,15.298167879730464,17.717797045261573,15.376853388448387,2.4196291655311093,2.3409436568131863
finetune,59,wind5,1.5,15.298167879730464,16.890013493322915,15.364950549636056,1.5918456135924508,1.5250629436868586
finetune,59,wind5,2.0,15.298167879730464,16.280059386285338,15.3200523998195,0.9818915065548737,0.9600069864658369
finetune,71,wind5,0.5,13.055427513480186,18.916295059404934,13.263079790874793,5.860867545924748,5.653215268530142
finetune,71,wind5,1.0,13.055427513480186,15.959658349866073,13.158876398634789,2.904230836385887,2.8007819512312846
finetune,71,wind5,1.5,13.055427513480186,14.832776115626023,13.096903229024534,1.7773486021458371,1.7358728866014896
finetune,71,wind5,2.0,13.055427513480186,14.09528560021653,13.055538447525452,1.0398580867363432,1.0397471526910778
finetune,89,wind5,0.5,17.47585402301699,19.56825120635568,17.284161058783607,2.09239718333869,2.2840901475720727
finetune,89,wind5,1.0,17.47585402301699,18.67089573617337,17.4363126673469,1.1950417131563817,1.2345830688264705
finetune,89,wind5,1.5,17.47585402301699,18.262367856968726,17.44001559253421,0.7865138339517372,0.8223522644345174
finetune,89,wind5,2.0,17.47585402301699,17.90733467399905,17.431067448351918,0.4314806509820599,0.4762672256471312
finetune,107,wind5,0.5,5.40918147110194,9.610733844861862,5.5062319119337495,4.201552373759922,4.1045019329281125
finetune,107,wind5,1.0,5.40918147110194,7.425076992226421,5.493746394654412,2.015895521124481,1.9313305975720088
finetune,107,wind5,1.5,5.40918147110194,6.58388239457703,5.4855587210130325,1.1747009234750898,1.0983236735639972
finetune,107,wind5,2.0,5.40918147110194,6.084477388198872,5.465283264378862,0.6752959170969319,0.6191941238200096
reservoir,7,wind5,0.5,0.25508968684077266,0.49040105587737576,0.1370015355228856,0.2353113690366031,0.3533995203544902
reservoir,7,wind5,1.0,0.25508968684077266,0.3176585108223116,0.2226782128279462,0.06256882398153896,0.09498029799436541
reservoir,7,wind5,1.5,0.25508968684077266,0.3043494492305487,0.222360003087998,0.04925976238977603,0.08198944614255069
reservoir,7,wind5,2.0,0.25508968684077266,0.2552964259877621,0.21669035437698647,0.00020673914698943197,0.038606071610775616
reservoir,11,wind5,0.5,0.47336291697621347,1.1239876782248734,0.47106759335289766,0.65062476124866,0.6529200848719758
reservoir,11,wind5,1.0,0.47336291697621347,0.7272283434263349,0.4993801128472603,0.25386542645012145,0.2278482305790746
reservoir,11,wind5,1.5,0.47336291697621347,0.6357847978646983,0.5003464951809493,0.16242188088848486,0.135438302683749
reservoir,11,wind5,2.0,0.47336291697621347,0.5375027221047853,0.49053630838793794,0.06413980512857187,0.0469664137168474
reservoir,23,wind5,0.5,0.09482652500271797,-0.01173990594733293,0.04623022235283104,-0.1065664309500509,-0.057970128300163966
reservoir,23,wind5,1.0,0.09482652500271797,-0.03230288425275327,0.07653645189044478,-0.12712940925547123,-0.10883933614319805
reservoir,23,wind5,1.5,0.09482652500271797,0.022298618577524448,0.08212564427403786,-0.07252790642519352,-0.05982702569651341
reservoir,23,wind5,2.0,0.09482652500271797,0.014565989004964943,0.06473781705093197,-0.08026053599775303,-0.050171828045967024
reservoir,47,wind5,0.5,0.45741064283251764,0.32919001939949716,0.37769536217154837,-0.1282206234330205,-0.04850534277205121
reservoir,47,wind5,1.0,0.45741064283251764,0.32127329930814236,0.43016129726117536,-0.1361373435243753,-0.108887997953033
reservoir,47,wind5,1.5,0.45741064283251764,0.3246530235350669,0.4513017278549074,-0.13275761929745072,-0.1266487043198405
reservoir,47,wind5,2.0,0.45741064283251764,0.324927617210797,0.45354831689634895,-0.13248302562172065,-0.12862069968555195
reservoir,59,wind5,0.5,0.04909719723463059,-0.21805157351076224,-0.037625965799990925,-0.26714877074539284,-0.18042560771077132
reservoir,59,wind5,1.0,0.04909719723463059,-0.08414004141612179,0.012317401274355506,-0.13323723865075238,-0.09645744269047729
reservoir,59,wind5,1.5,0.04909719723463059,-0.004334721576962483,0.033876238143310644,-0.05343191881159307,-0.03821095972027313
reservoir,59,wind5,2.0,0.04909719723463059,-0.01659797044236919,0.027585663215582198,-0.06569516767699977,-0.04418363365795139
reservoir,71,wind5,0.5,1.2667604790776967,0.8990385035041032,1.2104744079003453,-0.36772197557359354,-0.31143590439624214
reservoir,71,wind5,1.0,1.2667604790776967,1.0582769443611586,1.2319245331658215,-0.20848353471653813,-0.1736475888046629
reservoir,71,wind5,1.5,1.2667604790776967,1.1129123724990941,1.2395108090577451,-0.1538481065786026,-0.126598436558651
reservoir,71,wind5,2.0,1.2667604790776967,1.0664867545333292,1.2330616125618439,-0.20027372454436754,-0.16657485802851468
reservoir,89,wind5,0.5,0.22711637303233145,0.19140125346031917,0.13268542444255738,-0.03571511957201229,0.05871582901776179
reservoir,89,wind5,1.0,0.22711637303233145,0.24027381773894504,0.19306152004654,0.013157444706613591,0.047212297692405036
reservoir,89,wind5,1.5,0.22711637303233145,0.17535013629216625,0.17548500913204462,-0.0517662367401652,-0.0001348728398783694
reservoir,89,wind5,2.0,0.22711637303233145,0.20660430886713302,0.1598387672066043,-0.020512064165198435,0.04676554166052871
reservoir,107,wind5,0.5,0.17764396299421786,0.4394746819499192,0.16248584488672635,0.2618307189557013,0.2769888370631928
reservoir,107,wind5,1.0,0.17764396299421786,0.30266036168798716,0.186063306802917,0.1250163986937693,0.11659705488507016
reservoir,107,wind5,1.5,0.17764396299421786,0.262754219047951,0.18594993789969463,0.08511025605373312,0.07680428114825635
reservoir,107,wind5,2.0,0.17764396299421786,0.21670263314010235,0.1675362215663545,0.03905867014588449,0.04916641157374785
gss_adapted,7,wind5,0.5,-0.09974863956868649,-0.4287805253058482,-0.1707029360025245,-0.3290318857371617,-0.2580775893033237
gss_adapted,7,wind5,1.0,-0.09974863956868649,-0.2103197410491127,-0.1515628867309084,-0.1105711014804262,-0.058756854318204293
gss_adapted,7,wind5,1.5,-0.09974863956868649,-0.1985074025163096,-0.1473014356863045,-0.09875876294762312,-0.05120596683000511
gss_adapted,7,wind5,2.0,-0.09974863956868649,-0.14478732160087002,-0.13993560258480248,-0.04503868203218353,-0.0048517190160675405
gss_adapted,11,wind5,0.5,-0.48963032257556915,-1.0919422721786864,-0.6222803274684064,-0.6023119496031173,-0.46966194471028
gss_adapted,11,wind5,1.0,-0.48963032257556915,-0.8572205458040412,-0.562474393327541,-0.367590223228472,-0.29474615247650016
gss_adapted,11,wind5,1.5,-0.48963032257556915,-0.7734948433294929,-0.5459959421015897,-0.28386452075392377,-0.22749890122790317
gss_adapted,11,wind5,2.0,-0.48963032257556915,-0.6459985499140047,-0.5300192265473583,-0.15636822733843558,-0.1159793233666464
gss_adapted,23,wind5,0.5,-0.18811456712335348,-0.4915543253159827,-0.22141962814176092,-0.30343975819262925,-0.2701346971742218
gss_adapted,23,wind5,1.0,-0.18811456712335348,-0.3552362725712948,-0.20675729725495798,-0.16712170544794133,-0.14847897531633683
gss_adapted,23,wind5,1.5,-0.18811456712335348,-0.29129951502776946,-0.20972864110758513,-0.10318494790441599,-0.08157087392018433
gss_adapted,23,wind5,2.0,-0.18811456712335348,-0.2538606797214769,-0.20899219525554397,-0.06574611259812344,-0.044868484465932945
gss_adapted,47,wind5,0.5,0.243486443862319,-0.21954556018303914,0.18624693165417955,-0.46303200404535816,-0.40579249183721866
gss_adapted,47,wind5,1.0,0.243486443862319,0.02177252492000317,0.22739795252808567,-0.22171391894231582,-0.2056254276080825
gss_adapted,47,wind5,1.5,0.243486443862319,0.14506376065454163,0.23394767929385113,-0.09842268320777736,-0.0888839186393095
gss_adapted,47,wind5,2.0,0.243486443862319,0.17868970591519384,0.2241085208388355,-0.06479673794712515,-0.045418814923641665
gss_adapted,59,wind5,0.5,-0.254655789270997,-0.7734142484938263,-0.31235649045892383,-0.5187584592228294,-0.4610577580349025
gss_adapted,59,wind5,1.0,-0.254655789270997,-0.40517110442534904,-0.2696883145450015,-0.15051531515435201,-0.13548278988034756
gss_adapted,59,wind5,1.5,-0.254655789270997,-0.3208282325572405,-0.26883645036863585,-0.0661724432862435,-0.051991782188604674
gss_adapted,59,wind5,2.0,-0.254655789270997,-0.2986198501480311,-0.2753218070973898,-0.043964060877034083,-0.023298043050641315
gss_adapted,71,wind5,0.5,0.477025606662035,0.22691933497501787,0.4043476912331311,-0.2501062716870171,-0.1774283562581132
gss_adapted,71,wind5,1.0,0.477025606662035,0.41914736184822377,0.43203800186560687,-0.05787824481381121,-0.012890640017383104
gss_adapted,71,wind5,1.5,0.477025606662035,0.4521526293028192,0.43823923958331523,-0.024872977359215787,0.013913389719503955
gss_adapted,71,wind5,2.0,0.477025606662035,0.4750120112708141,0.44457908067652224,-0.002013595391220868,0.030432930594291863
gss_adapted,89,wind5,0.5,-0.2767877535074949,-0.5781406756893844,-0.31521128459343106,-0.3013529221818895,-0.26292939109595337
gss_adapted,89,wind5,1.0,-0.2767877535074949,-0.41130783011415184,-0.30067709239489904,-0.13452007660665694,-0.1106307377192528
gss_adapted,89,wind5,1.5,-0.2767877535074949,-0.38335104356233846,-0.3025227611949466,-0.10656329005484355,-0.08082828236739187
gss_adapted,89,wind5,2.0,-0.2767877535074949,-0.31124064114772315,-0.30920214874367224,-0.03445288764022825,-0.0020384924040509067
gss_adapted,107,wind5,0.5,1.4372859427779914,0.8803922655476126,1.3484147968400009,-0.5568936772303787,-0.46802253129238824
gss_adapted,107,wind5,1.0,1.4372859427779914,1.338496631891684,1.3831214917473074,-0.09878931088630738,-0.04462485985562337
gss_adapted,107,wind5,1.5,1.4372859427779914,1.3946383609867408,1.4064645384553078,-0.04264758179125061,-0.011826177468567067
gss_adapted,107,wind5,2.0,1.4372859427779914,1.4711813594408285,1.415963383321134,0.03389541666283713,0.05521797611969448
cgsm_dual,7,wind5,0.5,-0.24153560952842235,-0.5174815126095608,-0.3564482368439019,-0.2759459030811384,-0.16103327576565885
cgsm_dual,7,wind5,1.0,-0.24153560952842235,-0.32932241490719044,-0.3039906823408951,-0.0877868053787681,-0.02533173256629534
cgsm_dual,7,wind5,1.5,-0.24153560952842235,-0.3279401993136441,-0.30471141742663366,-0.08640458978522175,-0.02322878188701044
cgsm_dual,7,wind5,2.0,-0.24153560952842235,-0.24329885556987196,-0.2984448732174162,-0.0017632460414496176,0.05514601764754423
cgsm_dual,11,wind5,0.5,-0.3660771563649178,-1.3890465621118713,-0.5483974672588193,-1.0229694057469536,-0.840649094853052
cgsm_dual,11,wind5,1.0,-0.3660771563649178,-0.931381792056754,-0.4703499795538876,-0.5653046356918362,-0.4610318125028664
cgsm_dual,11,wind5,1.5,-0.3660771563649178,-0.7585284656110501,-0.4418219019175874,-0.39245130924613236,-0.31670656369346273
cgsm_dual,11,wind5,2.0,-0.3660771563649178,-0.6053736961484378,-0.4312809762760364,-0.23929653978352006,-0.17409271987240144
cgsm_dual,23,wind5,0.5,0.008856417924165725,-0.15736814882535083,-0.013389596122092408,-0.16622456674951655,-0.14397855270325843
cgsm_dual,23,wind5,1.0,0.008856417924165725,-0.06739306851889008,-0.004326117594258522,-0.0762494864430558,-0.06306695092463156
cgsm_dual,23,wind5,1.5,0.008856417924165725,-0.07135169821914154,-0.007413292318800256,-0.08020811614330726,-0.06393840590034129
cgsm_dual,23,wind5,2.0,0.008856417924165725,-0.046497864639446024,-0.00551358474370547,-0.055354282563611745,-0.04098427989574056
cgsm_dual,47,wind5,0.5,-0.20471952809393407,-0.30745151420687417,-0.2421426152884062,-0.1027319861129401,-0.06530889891846797
cgsm_dual,47,wind5,1.0,-0.20471952809393407,-0.26833494524443124,-0.22080679282030338,-0.06361541715049718,-0.04752815242412786
cgsm_dual,47,wind5,1.5,-0.20471952809393407,-0.25541367499580353,-0.22041213703381246,-0.050694146901869463,-0.03500153796199107
cgsm_dual,47,wind5,2.0,-0.20471952809393407,-0.22835558678259488,-0.22896338030321234,-0.02363605868866081,0.0006077935206174612
cgsm_dual,59,wind5,0.5,-0.43301271139085296,-0.7053624412436394,-0.4891000464542586,-0.2723497298527865,-0.21626239478938086
cgsm_dual,59,wind5,1.0,-0.43301271139085296,-0.5026100027029219,-0.4523974935245843,-0.06959729131206893,-0.05021250917833758
cgsm_dual,59,wind5,1.5,-0.43301271139085296,-0.45982837940609717,-0.46488613947057544,-0.02681566801524421,0.005057760064478278
cgsm_dual,59,wind5,2.0,-0.43301271139085296,-0.4290271926806107,-0.4606867659690424,0.003985518710242275,0.03165957328843172
cgsm_dual,71,wind5,0.5,-0.25064762100577354,-0.5737959499097174,-0.36725052575455847,-0.32314832890394385,-0.20654542415515892
cgsm_dual,71,wind5,1.0,-0.25064762100577354,-0.3813995190312364,-0.2980492835912687,-0.1307518980254629,-0.08335023543996772
cgsm_dual,71,wind5,1.5,-0.25064762100577354,-0.3504395938671387,-0.3045540281012388,-0.09979197286136515,-0.04588556576589986
cgsm_dual,71,wind5,2.0,-0.25064762100577354,-0.287821044877034,-0.30753534156151835,-0.03717342387126049,0.019714296684484323
cgsm_dual,89,wind5,0.5,-0.01750153608620167,-0.4929093263900963,-0.06989850247676918,-0.4754077903038947,-0.4230108239133271
cgsm_dual,89,wind5,1.0,-0.01750153608620167,-0.17413992055410304,-0.040874285593135794,-0.15663838446790138,-0.13326563496096724
cgsm_dual,89,wind5,1.5,-0.01750153608620167,-0.12199331274489512,-0.05321592499485293,-0.10449177665869346,-0.06877738775004219
cgsm_dual,89,wind5,2.0,-0.01750153608620167,-0.02969013525713751,-0.06031891807697734,-0.01218859917093584,0.03062878281983983
cgsm_dual,107,wind5,0.5,0.7649572503119707,0.3628105865257561,0.7250164231547299,-0.4021466637862146,-0.3622058366289738
cgsm_dual,107,wind5,1.0,0.7649572503119707,0.6883704015800001,0.7373930053531,-0.07658684873197064,-0.04902260377309997
cgsm_dual,107,wind5,1.5,0.7649572503119707,0.7376010922454206,0.7488278810234722,-0.027356158066550118,-0.01122678877805161
cgsm_dual,107,wind5,2.0,0.7649572503119707,0.7999670805239018,0.748957421073695,0.03500983021193105,0.051009659450206746
dualls_adapted,7,wind5,0.5,-0.17252637687325478,-0.2848870008234765,-0.19036091076517467,-0.11236062395022173,-0.09452609005830184
dualls_adapted,7,wind5,1.0,-0.17252637687325478,-0.22758589820977881,-0.1705194077704696,-0.05505952133652403,-0.057066490439309225
dualls_adapted,7,wind5,1.5,-0.17252637687325478,-0.2286939071300672,-0.184967437675588,-0.056167530256812426,-0.04372646945447922
dualls_adapted,7,wind5,2.0,-0.17252637687325478,-0.2072125023946092,-0.18357687928347802,-0.034686125521354416,-0.023635623111131182
dualls_adapted,11,wind5,0.5,0.23640481600165367,-0.2216926574896855,0.13889707075058205,-0.45809747349133917,-0.3605897282402676
dualls_adapted,11,wind5,1.0,0.23640481600165367,-0.021580081531290592,0.18997341571730642,-0.25798489753294424,-0.211553497248597
dualls_adapted,11,wind5,1.5,0.23640481600165367,0.015176876097990781,0.20812497299517377,-0.22122793990366288,-0.19294809689718298
dualls_adapted,11,wind5,2.0,0.23640481600165367,0.10069766027272552,0.21291289766775065,-0.13570715572892816,-0.11221523739502513
dualls_adapted,23,wind5,0.5,0.008971820138394832,0.05234061236119574,-0.026816985035576547,0.043368792222800906,0.07915759739677229
dualls_adapted,23,wind5,1.0,0.008971820138394832,0.00920843671531271,-0.012625969133104027,0.0002366165769178783,0.021834405848416737
dualls_adapted,23,wind5,1.5,0.008971820138394832,0.029943258070633316,-0.0009390132827848795,0.020971437932238483,0.030882271353418193
dualls_adapted,23,wind5,2.0,0.008971820138394832,0.032392303039623205,0.0014934851780241246,0.023420482901228373,0.03089881786159908
dualls_adapted,47,wind5,0.5,0.1476627238318324,0.28300767987491976,0.10121385492462832,0.13534495604308736,0.18179382495029145
dualls_adapted,47,wind5,1.0,0.1476627238318324,0.21632500248252742,0.13870120415966083,0.06866227865069502,0.07762379832286659
dualls_adapted,47,wind5,1.5,0.1476627238318324,0.22917259336250126,0.1565840038763758,0.08150986953066885,0.07258858948612545
dualls_adapted,47,wind5,2.0,0.1476627238318324,0.21440150207496858,0.14336374993190573,0.06673877824313618,0.07103775214306285
dualls_adapted,59,wind5,0.5,0.025246128246188163,0.07310005623823518,0.0011123918089015758,0.04785392799204702,0.0719876644293336
dualls_adapted,59,wind5,1.0,0.025246128246188163,0.07906927210684964,0.010819349735000029,0.053823143860661476,0.06824992237184961
dualls_adapted,59,wind5,1.5,0.025246128246188163,0.09582550436819703,0.01388031943378742,0.07057937612200887,0.08194518493440961
dualls_adapted,59,wind5,2.0,0.025246128246188163,0.07390306939716623,0.014315610606359103,0.04865694115097807,0.05958745879080713
dualls_adapted,71,wind5,0.5,0.07989193333685399,-0.450807851590928,-0.011231341168571262,-0.530699784927782,-0.43957651042235674
dualls_adapted,71,wind5,1.0,0.07989193333685399,-0.20002150783432424,0.02583142664052156,-0.2799134411711782,-0.2258529344748458
dualls_adapted,71,wind5,1.5,0.07989193333685399,-0.11296710120567428,0.043549326342475,-0.19285903454252828,-0.1565164275481493
dualls_adapted,71,wind5,2.0,0.07989193333685399,-0.05345026341797698,0.045401624943416825,-0.13334219675483097,-0.0988518883613938
dualls_adapted,89,wind5,0.5,-0.09553916169703007,-0.4380716000962409,-0.1363442206507103,-0.3425324383992108,-0.30172737944553063
dualls_adapted,89,wind5,1.0,-0.09553916169703007,-0.2360782884439155,-0.12241010962647703,-0.14053912674688546,-0.11366817881743849
dualls_adapted,89,wind5,1.5,-0.09553916169703007,-0.2181571856275335,-0.12274485453645004,-0.12261802393050343,-0.09541233109108346
dualls_adapted,89,wind5,2.0,-0.09553916169703007,-0.15643431147926662,-0.1281558080591995,-0.06089514978223655,-0.02827850342006713
dualls_adapted,107,wind5,0.5,-0.09271498200297355,-0.2928358479669899,-0.1311652843414957,-0.20012086596401635,-0.1616705636254942
dualls_adapted,107,wind5,1.0,-0.09271498200297355,-0.15692020520477218,-0.10072740879112302,-0.06420522320179863,-0.05619279641364916
dualls_adapted,107,wind5,1.5,-0.09271498200297355,-0.12799284577272058,-0.09904441188946003,-0.03527786376974702,-0.028948433883260544
dualls_adapted,107,wind5,2.0,-0.09271498200297355,-0.09453740159698713,-0.10598437921485333,-0.0018224195940135801,0.0114469776178662
finetune,7,speed15,0.5,22.428004644244908,33.44889201484259,23.463330213646284,11.020887370597684,9.985561801196308
finetune,7,speed15,1.0,22.428004644244908,30.466024865367135,23.586678927702067,8.038020221122228,6.879345937665068
finetune,7,speed15,1.5,22.428004644244908,28.169435844861944,23.334612197094373,5.741431200617036,4.834823647767571
finetune,7,speed15,2.0,22.428004644244908,27.277149695119693,23.195993229426048,4.849145050874785,4.081156465693645
finetune,11,speed15,0.5,37.21937826481089,44.75132378154588,38.18555564094239,7.531945516734986,6.565768140603488
finetune,11,speed15,1.0,37.21937826481089,43.475294839919805,38.50054506893297,6.2559165751089125,4.974749770986833
finetune,11,speed15,1.5,37.21937826481089,41.708370621405216,38.169805781423655,4.4889923565943235,3.538564839981561
finetune,11,speed15,2.0,37.21937826481089,41.08971086600787,38.00147989611797,3.870332601196978,3.0882309698898993
finetune,23,speed15,0.5,35.14492683908343,40.26364393098262,35.65566592214482,5.118717091899185,4.607978008837797
finetune,23,speed15,1.0,35.14492683908343,39.022388913607664,35.94262109840162,3.8774620745242316,3.079767815206047
finetune,23,speed15,1.5,35.14492683908343,37.8111173890855,35.76923648331548,2.666190550002071,2.0418809057700216
finetune,23,speed15,2.0,35.14492683908343,37.31607732964941,35.65605796022698,2.171150490565978,1.6600193694224288
finetune,47,speed15,0.5,24.672338658005,32.14876409887689,25.351742085372496,7.476425440871889,6.797022013504392
finetune,47,speed15,1.0,24.672338658005,30.16908543801036,25.65070600242066,5.49674678000536,4.518379435589701
finetune,47,speed15,1.5,24.672338658005,28.424341979234114,25.443447466660498,3.7520033212291146,2.9808945125736166
finetune,47,speed15,2.0,24.672338658005,27.802368295477333,25.26603496053741,3.130029637472333,2.536333334939922
finetune,59,speed15,0.5,23.501644673034548,33.53745662623528,24.475443889685117,10.035811953200735,9.062012736550166
finetune,59,speed15,1.0,23.501644673034548,31.124737193123398,24.794178744610907,7.62309252008885,6.330558448512491
finetune,59,speed15,1.5,23.501644673034548,28.964501239569937,24.498468089518095,5.46285656653539,4.466033150051842
finetune,59,speed15,2.0,23.501644673034548,28.12870076631219,24.34583716913614,4.627056093277641,3.78286359717605
finetune,71,speed15,0.5,22.579532338380815,32.513476124521596,23.381186192741584,9.93394378614078,9.132289931780011
finetune,71,speed15,1.0,22.579532338380815,29.65003224052595,23.621871366264752,7.070499902145134,6.0281608742611965
finetune,71,speed15,1.5,22.579532338380815,27.52078188094108,23.335144643636237,4.941249542560264,4.185637237304842
finetune,71,speed15,2.0,22.579532338380815,26.709077591519492,23.190034111694356,4.1295452531386765,3.519043479825136
finetune,89,speed15,0.5,32.44348193377257,41.00061451361596,33.59587133546481,8.55713257984339,7.404743178151151
finetune,89,speed15,1.0,32.44348193377257,39.80095575686194,33.89156196534801,7.3574738230893715,5.909393791513928
finetune,89,speed15,1.5,32.44348193377257,37.854009454211464,33.55766839292148,5.410527520438897,4.296341061289986
finetune,89,speed15,2.0,32.44348193377257,37.20947353774468,33.337965090610275,4.765991603972111,3.871508447134403
finetune,107,speed15,0.5,19.5765567458719,29.196195778337497,20.4400188349673,9.619639032465596,8.756176943370196
finetune,107,speed15,1.0,19.5765567458719,26.721222756595015,20.544580794305823,7.144666010723114,6.176641962289192
finetune,107,speed15,1.5,19.5765567458719,24.716898176624724,20.336750972827804,5.140341430752823,4.38014720379692
finetune,107,speed15,2.0,19.5765567458719,23.85515054447373,20.17145013464822,4.278593798601829,3.6837004098255086
reservoir,7,speed15,0.5,0.37287837186455725,0.6128491329625972,0.2353914383596911,0.23997076109804,0.3774576946029061
reservoir,7,speed15,1.0,0.37287837186455725,0.607325003230334,0.2595022569854398,0.23444663136577676,0.3478227462448942
reservoir,7,speed15,1.5,0.37287837186455725,0.5437553967470709,0.2918789970090838,0.1708770248825136,0.25187639973798703
reservoir,7,speed15,2.0,0.37287837186455725,0.4952609270838448,0.3073279062276199,0.12238255521928754,0.18793302085622487
reservoir,11,speed15,0.5,0.7676972570642829,2.649907987528634,0.7747072692930025,1.8822107304643514,1.8752007182356318
reservoir,11,speed15,1.0,0.7676972570642829,1.727698722031721,0.7771642074070471,0.9600014649674381,0.950534514624674
reservoir,11,speed15,1.5,0.7676972570642829,1.3720831298309824,0.7740331545597711,0.6043858727666994,0.5980499752712113
reservoir,11,speed15,2.0,0.7676972570642829,1.1954871176907074,0.7708395108211011,0.42778986062642443,0.42464760686960623
reservoir,23,speed15,0.5,-0.08458380506932736,0.14463923755780006,-0.18998762489412518,0.22922304262712742,0.33462686245192524
reservoir,23,speed15,1.0,-0.08458380506932736,-0.02206846893343151,-0.15622413765950596,0.06251533613589585,0.13415566872607446
reservoir,23,speed15,1.5,-0.08458380506932736,-0.04911980441083079,-0.1485658498348172,0.03546400065849657,0.0994460454239864
reservoir,23,speed15,2.0,-0.08458380506932736,-0.041235864189811754,-0.1262300176243629,0.04334794087951561,0.08499415343455113
reservoir,47,speed15,0.5,-0.24557410391420126,0.015653710088972907,-0.5002559263156402,0.2612278140031742,0.5159096364046131
reservoir,47,speed15,1.0,-0.24557410391420126,-0.3102142082108052,-0.4383380749333906,-0.06464010429660394,0.1281238667225854
reservoir,47,speed15,1.5,-0.24557410391420126,-0.3454704892538164,-0.37828729136775346,-0.09989638533961515,0.03281680211393706
reservoir,47,speed15,2.0,-0.24557410391420126,-0.37246818055079767,-0.37574276060712647,-0.1268940766365964,0.003274580056328802
reservoir,59,speed15,0.5,-0.3616160516887903,-0.6271995089007812,-0.6393471786154878,-0.26558345721199095,0.0121476697147066
reservoir,59,speed15,1.0,-0.3616160516887903,-0.6415524209114561,-0.5638829158376708,-0.27993636922266585,-0.07766950507378534
reservoir,59,speed15,1.5,-0.3616160516887903,-0.5388052022813455,-0.4981945770987174,-0.17718915059255524,-0.040610625182628146
reservoir,59,speed15,2.0,-0.3616160516887903,-0.4697275426515863,-0.47201602819398075,-0.10811149096279599,0.0022884855423944694
reservoir,71,speed15,0.5,0.5956544291079044,0.2832315159798826,0.29507481469356994,-0.31242291312802184,-0.011843298713687334
reservoir,71,speed15,1.0,0.5956544291079044,0.36497315463007685,0.43738951080390936,-0.2306812744778276,-0.07241635617383252
reservoir,71,speed15,1.5,0.5956544291079044,0.45055939163202824,0.49268532694593975,-0.1450950374758762,-0.04212593531391151
reservoir,71,speed15,2.0,0.5956544291079044,0.4982988504612522,0.5141329021980183,-0.09735557864665223,-0.015834051736766108
reservoir,89,speed15,0.5,0.49423115810751916,0.8301128211241324,0.2889191413016889,0.33588166301661326,0.5411936798224435
reservoir,89,speed15,1.0,0.49423115810751916,0.8895639186231499,0.36839162078987064,0.3953327605156307,0.5211722978332792
reservoir,89,speed15,1.5,0.49423115810751916,0.7822303212207297,0.4042573963371213,0.2879991631132105,0.37797292488360834
reservoir,89,speed15,2.0,0.49423115810751916,0.6474940220733867,0.4109814029012437,0.15326286396586752,0.236512619172143
reservoir,107,speed15,0.5,-0.06604674559831619,-0.13543809393366563,-0.3003718673555653,-0.06939134833534943,0.1649337734218997
reservoir,107,speed15,1.0,-0.06604674559831619,-0.22428897180278756,-0.21705745036633084,-0.15824222620447137,-0.007231521436456723
reservoir,107,speed15,1.5,-0.06604674559831619,-0.22718762723000152,-0.1740815493372012,-0.16114088163168533,-0.05310607789280031
reservoir,107,speed15,2.0,-0.06604674559831619,-0.19615464357195697,-0.14900699921846736,-0.13010789797364078,-0.047147644353489615
gss_adapted,7,speed15,0.5,-0.027103331692516802,-0.4133721705055931,-0.06217252071851896,-0.3862688388130763,-0.35119964978707413
gss_adapted,7,speed15,1.0,-0.027103331692516802,-0.1449654692428404,-0.03255044728354593,-0.1178621375503236,-0.11241502195929447
gss_adapted,7,speed15,1.5,-0.027103331692516802,-0.10677189268171787,-0.032185656536681026,-0.07966856098920107,-0.07458623614503684
gss_adapted,7,speed15,2.0,-0.027103331692516802,-0.06079666680486187,-0.03315493906675893,-0.03369333511234507,-0.027641727738102938
gss_adapted,11,speed15,0.5,-0.2149073474854231,-0.06835379173020714,-0.3465980905038054,0.14655355575521595,0.27824429877359824
gss_adapted,11,speed15,1.0,-0.2149073474854231,-0.14072728539124513,-0.28754857332391376,0.07418006209417796,0.14682128793266863
gss_adapted,11,speed15,1.5,-0.2149073474854231,-0.14264746392550676,-0.27093796131798026,0.07225988355991633,0.1282904973924735
gss_adapted,11,speed15,2.0,-0.2149073474854231,-0.1726877791576149,-0.2718144520911501,0.04221956832780818,0.09912667293353522
gss_adapted,23,speed15,0.5,-0.031104460403323174,-0.3016328494814993,-0.1651443295659357,-0.27052838907817617,-0.13648851991556363
gss_adapted,23,speed15,1.0,-0.031104460403323174,-0.26916890224160633,-0.10512042618415021,-0.23806444183828315,-0.16404847605745612
gss_adapted,23,speed15,1.5,-0.031104460403323174,-0.22221966975409052,-0.08609456676247036,-0.19111520935076734,-0.13612510299162017
gss_adapted,23,speed15,2.0,-0.031104460403323174,-0.151834059188517,-0.07134562009164136,-0.12072959878519382,-0.08048843909687564
gss_adapted,47,speed15,0.5,-0.4662157116159797,-0.877895890943055,-0.5944147900918525,-0.4116801793270753,-0.2834811008512025
gss_adapted,47,speed15,1.0,-0.4662157116159797,-0.6826363531952231,-0.556426238424678,-0.2164206415792434,-0.1262101147705451
gss_adapted,47,speed15,1.5,-0.4662157116159797,-0.5865549039743517,-0.5308236472824437,-0.12033919235837204,-0.05573125669190804
gss_adapted,47,speed15,2.0,-0.4662157116159797,-0.5834476470098898,-0.5266151577703305,-0.11723193539391014,-0.0568324892395593
gss_adapted,59,speed15,0.5,-0.1859538216367364,-0.6909356348722884,-0.35283590946658183,-0.5049818132355519,-0.33809972540570654
gss_adapted,59,speed15,1.0,-0.1859538216367364,-0.47976122775308766,-0.2807367882115674,-0.29380740611635126,-0.19902443954152027
gss_adapted,59,speed15,1.5,-0.1859538216367364,-0.37180120731177535,-0.27150870512100683,-0.18584738567503895,-0.10029250219076852
gss_adapted,59,speed15,2.0,-0.1859538216367364,-0.30458195263962884,-0.2536501202022802,-0.11862813100289243,-0.05093183243734861
gss_adapted,71,speed15,0.5,0.8847416393011809,0.5367829892241839,0.7857503693027764,-0.347958650076997,-0.24896738007859254
gss_adapted,71,speed15,1.0,0.8847416393011809,0.9375933900348141,0.8752061052071529,0.05285175073363324,0.062387284827661205
gss_adapted,71,speed15,1.5,0.8847416393011809,0.9602915776812512,0.8888547741658542,0.07554993838007029,0.07143680351539694
gss_adapted,71,speed15,2.0,0.8847416393011809,1.0225526131108007,0.8962664824535415,0.13781097380961982,0.12628613065725924
gss_adapted,89,speed15,0.5,-0.2875877467021346,-0.5468821060093283,-0.44375670764702985,-0.2592943593071937,-0.10312539836229845
gss_adapted,89,speed15,1.0,-0.2875877467021346,-0.459473713829137,-0.37001116824300595,-0.17188596712700238,-0.08946254558613104
gss_adapted,89,speed15,1.5,-0.2875877467021346,-0.39581875370248504,-0.34681338341116136,-0.10823100700035043,-0.04900537029132368
gss_adapted,89,speed15,2.0,-0.2875877467021346,-0.36821738109881996,-0.33889476100231386,-0.08062963439668536,-0.029322620096506102
gss_adapted,107,speed15,0.5,0.0978128436356783,-0.2794600176869087,-0.03408522938896662,-0.37727286132258697,-0.24537478829794207
gss_adapted,107,speed15,1.0,0.0978128436356783,0.025674523621203215,0.04258997508379855,-0.07213832001447508,-0.01691545146259533
gss_adapted,107,speed15,1.5,0.0978128436356783,0.11933019174181897,0.0591367677048814,0.02151734810614067,0.060193424036937566
gss_adapted,107,speed15,2.0,0.0978128436356783,0.15879768904904032,0.07316385799175891,0.06098484541336202,0.08563383105728141
cgsm_dual,7,speed15,0.5,-0.29670133208483457,-0.429590170172233,-0.39357653458345104,-0.13288883808739843,-0.036013635588781956
cgsm_dual,7,speed15,1.0,-0.29670133208483457,-0.33954945945332193,-0.3498264753387308,-0.042848127368487365,0.010277015885408858
cgsm_dual,7,speed15,1.5,-0.29670133208483457,-0.33529108986258505,-0.3410866684421672,-0.03858975777775048,0.005795578579582128
cgsm_dual,7,speed15,2.0,-0.29670133208483457,-0.3455280708379982,-0.33760510912706454,-0.04882673875316362,-0.007922961710933651
cgsm_dual,11,speed15,0.5,-0.04594222415238619,-0.1676597153605188,-0.11808725590621741,-0.1217174912081326,-0.04957245945430139
cgsm_dual,11,speed15,1.0,-0.04594222415238619,-0.1238203943412528,-0.08266394471032072,-0.07787817018886661,-0.04115644963093208
cgsm_dual,11,speed15,1.5,-0.04594222415238619,-0.11169054943906224,-0.07339403149999157,-0.06574832528667605,-0.03829651793907067
cgsm_dual,11,speed15,2.0,-0.04594222415238619,-0.10478241840177331,-0.07208293361844345,-0.05884019424938712,-0.03269948478332986
cgsm_dual,23,speed15,0.5,0.1395519702322781,-0.2918359397829158,-0.08226011505071268,-0.4313879100151939,-0.2095758247322031
cgsm_dual,23,speed15,1.0,0.1395519702322781,-0.20501251484763588,0.0036763002357592485,-0.344564485079914,-0.20868881508339512
cgsm_dual,23,speed15,1.5,0.1395519702322781,-0.1137390825735486,0.033928413301494084,-0.2532910528058267,-0.1476674958750427
cgsm_dual,23,speed15,2.0,0.1395519702322781,-0.05240641823047011,0.05514943591793166,-0.1919583884627482,-0.10755585414840177
cgsm_dual,47,speed15,0.5,-0.2778612527772784,-0.29262202269243964,-0.36248205265007044,-0.014760769915161231,0.0698600299576308
cgsm_dual,47,speed15,1.0,-0.2778612527772784,-0.34164777364146676,-0.31974425143405805,-0.06378652086418835,-0.02190352220740871
cgsm_dual,47,speed15,1.5,-0.2778612527772784,-0.345024327804213,-0.30323709096538615,-0.06716307502693458,-0.04178723683882685
cgsm_dual,47,speed15,2.0,-0.2778612527772784,-0.32206521762741935,-0.3032033131558144,-0.04420396485014094,-0.018861904471604962
cgsm_dual,59,speed15,0.5,-0.19089645694941282,-0.5077145018623871,-0.34971561551602925,-0.3168180449129743,-0.15799888634635784
cgsm_dual,59,speed15,1.0,-0.19089645694941282,-0.4290905063945344,-0.28528388530961163,-0.23819404944512157,-0.14380662108492276
cgsm_dual,59,speed15,1.5,-0.19089645694941282,-0.3781195689640615,-0.271596424286755,-0.1872231120146487,-0.1065231446773065
cgsm_dual,59,speed15,2.0,-0.19089645694941282,-0.30680730683032914,-0.24494882909766968,-0.11591084988091632,-0.061858477732659456
cgsm_dual,71,speed15,0.5,0.38661739899218084,0.16998918904262839,0.34195274100469397,-0.21662820994955245,-0.1719635519620656
cgsm_dual,71,speed15,1.0,0.38661739899218084,0.45911426804004574,0.40164877122310716,0.0724968690478649,0.05746549681693858
cgsm_dual,71,speed15,1.5,0.38661739899218084,0.44742902854214545,0.4071258773604346,0.06081162954996461,0.04030315118171085
cgsm_dual,71,speed15,2.0,0.38661739899218084,0.4747647183328949,0.40473185249243177,0.08814731934071407,0.07003286584046314
cgsm_dual,89,speed15,0.5,0.07521120022982358,-0.1631282977036481,-0.04989454210822255,-0.23833949793347167,-0.11323375559542553
cgsm_dual,89,speed15,1.0,0.07521120022982358,0.05213162305093559,-0.005054286624511258,-0.02307957717888799,0.05718590967544685
cgsm_dual,89,speed15,1.5,0.07521120022982358,0.06241143360410047,0.015584907778406114,-0.01279976662572311,0.04682652582569436
cgsm_dual,89,speed15,2.0,0.07521120022982358,0.09837464777508168,0.020300723406925642,0.023163447545258092,0.07807392436815604
cgsm_dual,107,speed15,0.5,-0.18484364940226078,-0.5530283655067092,-0.3167051074366882,-0.3681847161044484,-0.23632325807002097
cgsm_dual,107,speed15,1.0,-0.18484364940226078,-0.3514029619700549,-0.2595004993478298,-0.1665593125677941,-0.09190246262222507
cgsm_dual,107,speed15,1.5,-0.18484364940226078,-0.2526002118121023,-0.23597797640910675,-0.06775656240984151,-0.01662223540299554
cgsm_dual,107,speed15,2.0,-0.18484364940226078,-0.20861898804608564,-0.22428087288000892,-0.02377533864382486,0.01566188483392328
dualls_adapted,7,speed15,0.5,0.09887406124919652,-0.021947485874000104,-0.00047802119978918413,-0.12082154712319662,-0.02146946467421092
dualls_adapted,7,speed15,1.0,0.09887406124919652,0.007468025208028973,0.04210035700746962,-0.09140603604116755,-0.03463233179944065
dualls_adapted,7,speed15,1.5,0.09887406124919652,0.06494860155103,0.056755026370885794,-0.03392545969816653,0.0081935751801442
dualls_adapted,7,speed15,2.0,0.09887406124919652,0.09238272887561384,0.06468989945811296,-0.006491332373582681,0.027692829417500883
dualls_adapted,11,speed15,0.5,-0.0438649984896183,-0.25402908851799455,-0.19643680567204927,-0.21016409002837624,-0.05759228284594528
dualls_adapted,11,speed15,1.0,-0.0438649984896183,-0.19758935565622443,-0.13178715926227016,-0.15372435716660612,-0.06580219639395427
dualls_adapted,11,speed15,1.5,-0.0438649984896183,-0.16217799517123596,-0.11066551132983776,-0.11831299668161765,-0.0515124838413982
dualls_adapted,11,speed15,2.0,-0.0438649984896183,-0.11778652979979502,-0.10423250250105982,-0.07392153131017673,-0.0135540272987352
dualls_adapted,23,speed15,0.5,-0.03291334642469883,-0.1852645777093554,-0.1778983327654541,-0.15235123128465655,-0.0073662449439012845
dualls_adapted,23,speed15,1.0,-0.03291334642469883,-0.1505855599529723,-0.1306019773059984,-0.11767221352827346,-0.01998358264697389
dualls_adapted,23,speed15,1.5,-0.03291334642469883,-0.08500270091969034,-0.0949029894553755,-0.05208935449499151,0.009900288535685156
dualls_adapted,23,speed15,2.0,-0.03291334642469883,-0.06976775183274836,-0.08655824574150585,-0.03685440540804953,0.01679049390875749
dualls_adapted,47,speed15,0.5,-0.05806691084802151,-0.454964826624949,-0.2805600761227402,-0.3968979157769275,-0.17440475050220883
dualls_adapted,47,speed15,1.0,-0.05806691084802151,-0.2514893748396822,-0.18743007039176443,-0.1934224639916607,-0.06405930444791777
dualls_adapted,47,speed15,1.5,-0.05806691084802151,-0.13728939680301624,-0.14655215773429903,-0.07922248595499473,0.009262760931282782
dualls_adapted,47,speed15,2.0,-0.05806691084802151,-0.11806596942841185,-0.1383857783725295,-0.05999905858039035,0.02031980894411764
dualls_adapted,59,speed15,0.5,-0.026097309857606887,-0.2783298764414,-0.13453287419547122,-0.2522325665837931,-0.14379700224592878
dualls_adapted,59,speed15,1.0,-0.026097309857606887,-0.1457441717046618,-0.07102117481552603,-0.11964686184705492,-0.07472299688913578
dualls_adapted,59,speed15,1.5,-0.026097309857606887,-0.0713846864907638,-0.05669419924814399,-0.045287376633156906,-0.014690487242619801
dualls_adapted,59,speed15,2.0,-0.026097309857606887,-0.06902133028259838,-0.05484338845785123,-0.042924020424991494,-0.014177941824747152
dualls_adapted,71,speed15,0.5,0.007093824937939644,-0.5526124493589679,-0.2213772803695783,-0.5597062742969076,-0.33123516898938965
dualls_adapted,71,speed15,1.0,0.007093824937939644,-0.2028127381859342,-0.10764201556811709,-0.20990656312387385,-0.09517072261781712
dualls_adapted,71,speed15,1.5,0.007093824937939644,-0.11990416085590487,-0.06792883577150184,-0.12699798579384453,-0.05197532508440303
dualls_adapted,71,speed15,2.0,0.007093824937939644,-0.08110956200445542,-0.055432320679333465,-0.08820338694239506,-0.025677241325121954
dualls_adapted,89,speed15,0.5,0.028438866086304186,0.05415519551166053,-0.12585892539816593,0.025716329425356343,0.18001412090982646
dualls_adapted,89,speed15,1.0,0.028438866086304186,0.049726247745022135,-0.049190757958253756,0.02128738165871795,0.09891700570327588
dualls_adapted,89,speed15,1.5,0.028438866086304186,0.07969087566370549,-0.027268633443768772,0.0512520095774013,0.10695950910747426
dualls_adapted,89,speed15,2.0,0.028438866086304186,0.04452938199919008,-0.024033433696962037,0.01609051591288589,0.06856281569615211
dualls_adapted,107,speed15,0.5,-0.11404636270925403,-0.6557879268544392,-0.3726078629258901,-0.5417415641451852,-0.2831800639285491
dualls_adapted,107,speed15,1.0,-0.11404636270925403,-0.4328038713488823,-0.2771496875364687,-0.31875750863962826,-0.15565418381241364
dualls_adapted,107,speed15,1.5,-0.11404636270925403,-0.31100680483100207,-0.23260830504669128,-0.19696044212174804,-0.0783984997843108
dualls_adapted,107,speed15,2.0,-0.11404636270925403,-0.21584771321770027,-0.20130359626266658,-0.10180135050844624,-0.014544116955033687
finetune,7,alt180,0.5,-0.07587662908434868,0.6793159890314837,-0.032424728769461834,0.7551926181158324,0.7117407178009455
finetune,7,alt180,1.0,-0.07587662908434868,0.3698904320337529,-0.055935245774731406,0.44576706111810155,0.4258256778084843
finetune,7,alt180,1.5,-0.07587662908434868,0.19232309845429432,-0.04997218124381696,0.268199727538643,0.24229527969811127
finetune,7,alt180,2.0,-0.07587662908434868,0.09657782942578631,-0.0723290033889501,0.172454458510135,0.1689068328147364
finetune,11,alt180,0.5,0.8819394177645445,1.6591579552499283,0.9451355535818817,0.7772185374853837,0.7140224016680465
finetune,11,alt180,1.0,0.8819394177645445,1.392449714373472,0.9452857176479287,0.5105102966089274,0.4471639967255433
finetune,11,alt180,1.5,0.8819394177645445,1.221526838672196,0.9201423762464646,0.3395874209076515,0.30138446242573147
finetune,11,alt180,2.0,0.8819394177645445,1.0650082378461025,0.9143176925995554,0.183068820081558,0.15069054524654713
finetune,23,alt180,0.5,0.8881157340556383,1.94604080839633,0.9518247368335366,1.0579250743406918,0.9942160715627935
finetune,23,alt180,1.0,0.8881157340556383,1.5862551095554063,0.9660918799517788,0.698139375499768,0.6201632296036275
finetune,23,alt180,1.5,0.8881157340556383,1.3363033546735157,0.953406002531647,0.4481876206178774,0.3828973521418687
finetune,23,alt180,2.0,0.8881157340556383,1.1965437174290792,0.9259660376873223,0.3084279833734409,0.27057767974175684
finetune,47,alt180,0.5,0.41771840342879296,1.0074411749606496,0.4911622294036381,0.5897227715318566,0.5162789455570115
finetune,47,alt180,1.0,0.41771840342879296,0.8128701746463776,0.4804752451224816,0.3951517712175846,0.332394929523896
finetune,47,alt180,1.5,0.41771840342879296,0.6265280487010403,0.4622115173350806,0.20880964527224732,0.1643165313659597
finetune,47,alt180,2.0,0.41771840342879296,0.5453917221589522,0.44717102065137965,0.1276733187301592,0.0982207015075725
finetune,59,alt180,0.5,0.18931706403940915,1.0322862521776248,0.2285191127895422,0.8429691881382156,0.8037671393880826
finetune,59,alt180,1.0,0.18931706403940915,0.7760649763437876,0.2448418464319094,0.5867479123043784,0.5312231299118781
finetune,59,alt180,1.5,0.18931706403940915,0.47459148247785204,0.21944982384839665,0.2852744184384429,0.25514165862945537
finetune,59,alt180,2.0,0.18931706403940915,0.32178235423127444,0.20630247076998462,0.1324652901918653,0.11547988346128982
finetune,71,alt180,0.5,0.3754388282895088,1.5242489103935002,0.4835014428944015,1.1488100821039913,1.0407474674990986
finetune,71,alt180,1.0,0.3754388282895088,1.072925229359446,0.4671698651898389,0.6974864010699372,0.6057553641696072
finetune,71,alt180,1.5,0.3754388282895088,0.7280198721888003,0.4469411345640833,0.35258104389929146,0.28107873762471697
finetune,71,alt180,2.0,0.3754388282895088,0.5513860284785015,0.42834380186008336,0.17594720018899268,0.12304222661841813
finetune,89,alt180,0.5,0.24970713942497968,1.1342918261623196,0.34120122807901604,0.8845846867373399,0.7930905980833036
finetune,89,alt180,1.0,0.24970713942497968,0.8529146760330533,0.29555357203913835,0.6032075366080736,0.5573611039939149
finetune,89,alt180,1.5,0.24970713942497968,0.6420153933989851,0.2960851870015344,0.39230825397400537,0.34593020639745065
finetune,89,alt180,2.0,0.24970713942497968,0.46658627650357964,0.27305311015441586,0.21687913707859996,0.1935331663491638
finetune,107,alt180,0.5,-0.25787741562724115,9.016054017203195e-05,-0.2555255969034265,0.25796757616741317,0.25561575744359855
finetune,107,alt180,1.0,-0.25787741562724115,-0.006937445770772615,-0.23854291526079663,0.25093996985646855,0.231605469490024
finetune,107,alt180,1.5,-0.25787741562724115,-0.1133111930055999,-0.240996219438215,0.14456622262164126,0.1276850264326151
finetune,107,alt180,2.0,-0.25787741562724115,-0.21481735090895232,-0.25122664393082866,0.043060064718288826,0.03640929302187634
reservoir,7,alt180,0.5,-0.1121730255484581,0.035665265093111014,-0.11122354477325634,0.14783829064156911,0.14688880986636735
reservoir,7,alt180,1.0,-0.1121730255484581,-0.02268470474460773,-0.14452004366935203,0.08948832080385036,0.1218353389247443
reservoir,7,alt180,1.5,-0.1121730255484581,0.0026484992511084386,-0.11692178333669424,0.11482152479956653,0.11957028258780268
reservoir,7,alt180,2.0,-0.1121730255484581,-0.07342483546954577,-0.13843932292540923,0.03874819007891232,0.06501448745586345
reservoir,11,alt180,0.5,-0.4081854830831289,0.3647461117130436,-0.3671192497880629,0.7729315947961726,0.7318653615011065
reservoir,11,alt180,1.0,-0.4081854830831289,0.11143731197662782,-0.3807164237315524,0.5196227950597567,0.4921537357081802
reservoir,11,alt180,1.5,-0.4081854830831289,-0.09755574255282133,-0.39220482976751847,0.31062974053030756,0.2946490872146971
reservoir,11,alt180,2.0,-0.4081854830831289,-0.20329566253931747,-0.41716740687581944,0.20488982054381144,0.21387174433650197
reservoir,23,alt180,0.5,-0.4905531207770109,-0.4096390210719025,-0.4755029041418987,0.08091409970510843,0.06586388306999624
reservoir,23,alt180,1.0,-0.4905531207770109,-0.4285769586328259,-0.49445144099743854,0.061976162144185,0.06587448236461263
reservoir,23,alt180,1.5,-0.4905531207770109,-0.5018979694327919,-0.4936309954341226,-0.011344848655780948,-0.00826697399866927
reservoir,23,alt180,2.0,-0.4905531207770109,-0.5858174207262241,-0.5108284446195664,-0.0952642999492132,-0.07498897610665767
reservoir,47,alt180,0.5,-0.08971360263973474,0.33893770810559304,-0.037552870439523905,0.4286513107453278,0.3764905785451169
reservoir,47,alt180,1.0,-0.08971360263973474,0.19555469204734388,-0.07581685294595439,0.2852682946870786,0.2713715449932983
reservoir,47,alt180,1.5,-0.08971360263973474,0.12282646208740372,-0.08197166503280089,0.21254006472713846,0.20479812712020462
reservoir,47,alt180,2.0,-0.08971360263973474,-0.01771701638702555,-0.09045077370880637,0.07199658625270919,0.07273375732178082
reservoir,59,alt180,0.5,-0.554489860728383,-0.44016198554384267,-0.5456978805023573,0.11432787518454035,0.10553589495851468
reservoir,59,alt180,1.0,-0.554489860728383,-0.44650789968985277,-0.5644878935393871,0.10798196103853025,0.11797999384953434
reservoir,59,alt180,1.5,-0.554489860728383,-0.48377077378688094,-0.5477249213065454,0.07071908694150209,0.06395414751966444
reservoir,59,alt180,2.0,-0.554489860728383,-0.4809533260930469,-0.5697620343674227,0.0735365346353361,0.08880870827437576
reservoir,71,alt180,0.5,0.4816930934935808,0.9907288353037228,0.556866249987801,0.509035741810142,0.4338625853159218
reservoir,71,alt180,1.0,0.4816930934935808,0.9691442622805474,0.5558928288109557,0.4874511687869666,0.4132514334695917
reservoir,71,alt180,1.5,0.4816930934935808,0.7082538186285025,0.5290083753065872,0.22656072513492165,0.17924544332191528
reservoir,71,alt180,2.0,0.4816930934935808,0.5056717377886164,0.49988178358045926,0.0239786442950356,0.005789954208157144
reservoir,89,alt180,0.5,-0.22068218871951104,0.7896018541489095,-0.20384912171881392,1.0102840428684206,0.9934509758677235
reservoir,89,alt180,1.0,-0.22068218871951104,0.5077537199356906,-0.22280898853336834,0.7284359086552017,0.7305627084690589
reservoir,89,alt180,1.5,-0.22068218871951104,0.1734778734237797,-0.22288155673644255,0.39416006214329075,0.39635943016022224
reservoir,89,alt180,2.0,-0.22068218871951104,-0.09399040422407759,-0.246764261689814,0.12669178449543345,0.1527738574657364
reservoir,107,alt180,0.5,-0.792463840290904,-0.3433963864050266,-0.7804216136109488,0.4490674538858774,0.43702522720592213
reservoir,107,alt180,1.0,-0.792463840290904,-0.37052318580132765,-0.7683524052586405,0.42194065448957635,0.3978292194573128
reservoir,107,alt180,1.5,-0.792463840290904,-0.5273118626757978,-0.7706996873043089,0.2651519776151062,0.24338782462851116
reservoir,107,alt180,2.0,-0.792463840290904,-0.5920085822720643,-0.783482154340575,0.20045525801883968,0.19147357206851068
gss_adapted,7,alt180,0.5,-0.8715386215746402,-0.4067528551105417,-0.841537237748786,0.4647857664640985,0.43478438263824426
gss_adapted,7,alt180,1.0,-0.8715386215746402,-0.5126762462970325,-0.8745544706124316,0.3588623752776078,0.3618782243153992
gss_adapted,7,alt180,1.5,-0.8715386215746402,-0.7454483391827711,-0.8849402010423849,0.12609028239186915,0.13949186185961382
gss_adapted,7,alt180,2.0,-0.8715386215746402,-0.8694098488900739,-0.8957330118681863,0.002128772684566349,0.026323162978112435
gss_adapted,11,alt180,0.5,-0.703338936522603,-0.06143626261597277,-0.643350687728093,0.6419026739066303,0.5819144251121202
gss_adapted,11,alt180,1.0,-0.703338936522603,-0.16135542254495502,-0.6803298225005919,0.541983513977648,0.5189743999556369
gss_adapted,11,alt180,1.5,-0.703338936522603,-0.4410150445772819,-0.6979567449114201,0.26232389194532113,0.2569417003341382
gss_adapted,11,alt180,2.0,-0.703338936522603,-0.5930945876243215,-0.7040206658595282,0.1102443488982815,0.11092607823520662
gss_adapted,23,alt180,0.5,-0.7595686216540635,-0.32361284971470466,-0.7196257609665715,0.4359557719393588,0.39601291125186683
gss_adapted,23,alt180,1.0,-0.7595686216540635,-0.4606164608735991,-0.7732524157512022,0.2989521607804644,0.3126359548776031
gss_adapted,23,alt180,1.5,-0.7595686216540635,-0.6924097184545226,-0.7746215136863355,0.06715890319954088,0.08221179523181288
gss_adapted,23,alt180,2.0,-0.7595686216540635,-0.8598489150889622,-0.7834268089677228,-0.10028029343489875,-0.07642210612123945
gss_adapted,47,alt180,0.5,-0.6020531762689352,-0.16339717493365188,-0.6000460339960448,0.43865600133528326,0.4366488590623929
gss_adapted,47,alt180,1.0,-0.6020531762689352,-0.20906441545397267,-0.6139988927978605,0.3929887608149625,0.40493447734388777
gss_adapted,47,alt180,1.5,-0.6020531762689352,-0.4857428600574538,-0.6134113856620291,0.11631031621148136,0.1276685256045753
gss_adapted,47,alt180,2.0,-0.6020531762689352,-0.639013623400864,-0.6267917181416421,-0.03696044713192881,-0.012221905259221844
gss_adapted,59,alt180,0.5,-1.1004515765830873,-0.6663898972324196,-1.082497797788871,0.43406167935066775,0.4161079005564514
gss_adapted,59,alt180,1.0,-1.1004515765830873,-0.6492152420845709,-1.108945580493156,0.4512363344985164,0.4597303384085851
gss_adapted,59,alt180,1.5,-1.1004515765830873,-0.9054430503953165,-1.1175292195144018,0.19500852618777087,0.2120861691190853
gss_adapted,59,alt180,2.0,-1.1004515765830873,-1.0011041091445887,-1.1176795282432197,0.09934746743849865,0.116575419098631
gss_adapted,71,alt180,0.5,0.03800741468369961,1.0435040236219268,0.2035082717518674,1.0054966089382273,0.8399957518700595
gss_adapted,71,alt180,1.0,0.03800741468369961,0.920040599128552,0.16830921287908243,0.8820331844448523,0.7517313862494696
gss_adapted,71,alt180,1.5,0.03800741468369961,0.4084448673941028,0.08778472097473981,0.3704374527104032,0.32066014641936297
gss_adapted,71,alt180,2.0,0.03800741468369961,0.16645915668342787,0.07331998302096798,0.12845174199972825,0.09313917366245988
gss_adapted,89,alt180,0.5,-0.894784321680665,-0.18173431656132005,-0.8273677281812969,0.7130500051193449,0.6456334116199769
gss_adapted,89,alt180,1.0,-0.894784321680665,-0.3033192343916976,-0.8636609928248639,0.5914650872889674,0.5603417584331662
gss_adapted,89,alt180,1.5,-0.894784321680665,-0.5944924802893905,-0.87988826540965,0.3002918413912745,0.28539578512025954
gss_adapted,89,alt180,2.0,-0.894784321680665,-0.7914411869766913,-0.8879375018896479,0.10334313470397372,0.09649631491295663
gss_adapted,107,alt180,0.5,-0.6821311909854412,0.09891993402268322,-0.5911822614507011,0.7810511250081243,0.6901021954733843
gss_adapted,107,alt180,1.0,-0.6821311909854412,0.02327006085406515,-0.60853852038767,0.7054012518395063,0.6318085812417351
gss_adapted,107,alt180,1.5,-0.6821311909854412,-0.2941851654500785,-0.6448379145863534,0.38794602553536267,0.3506527491362749
gss_adapted,107,alt180,2.0,-0.6821311909854412,-0.4878045927245384,-0.6625640873260329,0.19432659826090276,0.17475949460149448
cgsm_dual,7,alt180,0.5,-0.6879329282790423,-0.22161710513081337,-0.6475215453486896,0.46631582314822895,0.4259044402178762
cgsm_dual,7,alt180,1.0,-0.6879329282790423,-0.3513727754057197,-0.6919670039213714,0.3365601528733226,0.34059422851565174
cgsm_dual,7,alt180,1.5,-0.6879329282790423,-0.5686708702955181,-0.7090654349065643,0.11926205798352418,0.14039456461104616
cgsm_dual,7,alt180,2.0,-0.6879329282790423,-0.7207073451728996,-0.7237478051849793,-0.032774416893857294,0.003040460012079693
cgsm_dual,11,alt180,0.5,-1.137765091329813,-0.6307367577478143,-1.1470429160672975,0.5070283335819986,0.5163061583194831
cgsm_dual,11,alt180,1.0,-1.137765091329813,-0.7318194914339784,-1.1415967800570432,0.40594559989583456,0.40977728862306484
cgsm_dual,11,alt180,1.5,-1.137765091329813,-0.9562027124722489,-1.1491137346157425,0.1815623788575641,0.19291102214349365
cgsm_dual,11,alt180,2.0,-1.137765091329813,-1.119772604199824,-1.1814913638793696,0.01799248712998902,0.061718759679545654
cgsm_dual,23,alt180,0.5,-0.48809442161768674,-0.15377014577971979,-0.46058785698166466,0.334324275837967,0.3068177112019449
cgsm_dual,23,alt180,1.0,-0.48809442161768674,-0.27722918177186107,-0.4964856085725348,0.21086523984582567,0.21925642680067375
cgsm_dual,23,alt180,1.5,-0.48809442161768674,-0.5130917662799996,-0.5111297149816044,-0.024997344662312904,-0.0019620512983952176
cgsm_dual,23,alt180,2.0,-0.48809442161768674,-0.6913850674960293,-0.5256687913012011,-0.2032906458783426,-0.1657162761948282
cgsm_dual,47,alt180,0.5,-0.7821212495416403,-0.036710705600839305,-0.7183356917616792,0.745410543940801,0.6816249861608399
cgsm_dual,47,alt180,1.0,-0.7821212495416403,-0.15530736573467827,-0.7497571193178452,0.626813883806962,0.5944497535831669
cgsm_dual,47,alt180,1.5,-0.7821212495416403,-0.5598287969798633,-0.775675338190322,0.222292452561777,0.21584654121045865
cgsm_dual,47,alt180,2.0,-0.7821212495416403,-0.7367676356566559,-0.7917614403192451,0.04535361388498438,0.054993804662589185
cgsm_dual,59,alt180,0.5,-0.6288561129122973,-0.09449746551578991,-0.5343361164125024,0.5343586473965074,0.43983865089671254
cgsm_dual,59,alt180,1.0,-0.6288561129122973,-0.14076074946699593,-0.5950116844184616,0.48809536344530136,0.45425093495146573
cgsm_dual,59,alt180,1.5,-0.6288561129122973,-0.38123014633123925,-0.6209668723622124,0.247625966581058,0.23973672603097312
cgsm_dual,59,alt180,2.0,-0.6288561129122973,-0.47971826754479335,-0.6316824301693937,0.1491378453675039,0.15196416262460039
cgsm_dual,71,alt180,0.5,-0.7085806712061167,0.12007137439022325,-0.5246540033415104,0.82865204559634,0.6447253777317337
cgsm_dual,71,alt180,1.0,-0.7085806712061167,0.01321708357096313,-0.5946644285466319,0.7217977547770799,0.6078815121175951
cgsm_dual,71,alt180,1.5,-0.7085806712061167,-0.49447465514602773,-0.6743595674649676,0.21410601606008894,0.17988491231893988
cgsm_dual,71,alt180,2.0,-0.7085806712061167,-0.7374490243231285,-0.6934147419295718,-0.028868353117011858,-0.04403428239355678
cgsm_dual,89,alt180,0.5,-0.5010776424407959,0.40595579193996123,-0.44324433092902016,0.9070334343807571,0.8492001228689814
cgsm_dual,89,alt180,1.0,-0.5010776424407959,0.2466878814070005,-0.4713868495309076,0.7477655238477964,0.7180747309379081
cgsm_dual,89,alt180,1.5,-0.5010776424407959,-0.07994471288702389,-0.4937666329685437,0.421132929553772,0.4138219200815198
cgsm_dual,89,alt180,2.0,-0.5010776424407959,-0.2686245601757851,-0.5049083008270466,0.23245308226501077,0.2362837406512615
cgsm_dual,107,alt180,0.5,-0.7515427569299936,-0.14335455423231927,-0.6298173840319382,0.6081882026976744,0.48646282979961897
cgsm_dual,107,alt180,1.0,-0.7515427569299936,-0.15248869883449298,-0.6588564039399069,0.5990540580955006,0.5063677051054138
cgsm_dual,107,alt180,1.5,-0.7515427569299936,-0.4170655801442489,-0.7044887390595858,0.33447717678574473,0.2874231589153369
cgsm_dual,107,alt180,2.0,-0.7515427569299936,-0.5650202306337014,-0.7263247344978505,0.18652252629629218,0.16130450386414907
dualls_adapted,7,alt180,0.5,-0.6110491356998682,-0.21278915701547013,-0.5763060957509853,0.39825997868439805,0.3635169387355152
dualls_adapted,7,alt180,1.0,-0.6110491356998682,-0.22228913633454767,-0.6014041136012426,0.3887599993653205,0.3791149772666949
dualls_adapted,7,alt180,1.5,-0.6110491356998682,-0.4333444623369089,-0.6122033085236006,0.1777046733629593,0.17885884618669173
dualls_adapted,7,alt180,2.0,-0.6110491356998682,-0.6028486291401778,-0.6179253300053503,0.008200506559690401,0.015076700865172543
dualls_adapted,11,alt180,0.5,-0.5795217272564769,-0.16425840903634895,-0.513380433078137,0.41526331822012796,0.34912202404178805
dualls_adapted,11,alt180,1.0,-0.5795217272564769,-0.1665839946775365,-0.567563334096579,0.4129377325789404,0.4009793394190425
dualls_adapted,11,alt180,1.5,-0.5795217272564769,-0.41877820819413186,-0.5785007856711416,0.16074351906234502,0.15972257747700974
dualls_adapted,11,alt180,2.0,-0.5795217272564769,-0.6264166421473673,-0.5885734341069274,-0.04689491489089037,-0.037843208040439835
dualls_adapted,23,alt180,0.5,-0.4987741121649742,0.25624833613225856,-0.4496207521980421,0.7550224482972328,0.7058690883303007
dualls_adapted,23,alt180,1.0,-0.4987741121649742,0.029277769333109296,-0.4874709846190157,0.5280518814980835,0.516748753952125
dualls_adapted,23,alt180,1.5,-0.4987741121649742,-0.2989056117926972,-0.4975607063345192,0.199868500372277,0.198655094541822
dualls_adapted,23,alt180,2.0,-0.4987741121649742,-0.4641799550935365,-0.505465003547482,0.0345941570714377,0.04128504845394554
dualls_adapted,47,alt180,0.5,-0.7465961945801973,-0.07812400993302376,-0.649422754769708,0.6684721846471735,0.5712987448366842
dualls_adapted,47,alt180,1.0,-0.7465961945801973,-0.24005511607463817,-0.7109900951246404,0.5065410785055592,0.47093497905000226
dualls_adapted,47,alt180,1.5,-0.7465961945801973,-0.5601409802244144,-0.7231080277247977,0.18645521435578294,0.16296704750038327
dualls_adapted,47,alt180,2.0,-0.7465961945801973,-0.7830752442785857,-0.7423927687129243,-0.03647904969838833,-0.0406824755656614
dualls_adapted,59,alt180,0.5,-0.4745952173769474,0.020583980587363944,-0.41037123559943334,0.4951791979643113,0.4309552161867973
dualls_adapted,59,alt180,1.0,-0.4745952173769474,-0.03558312947316063,-0.4394265015620238,0.43901208790378676,0.4038433720888632
dualls_adapted,59,alt180,1.5,-0.4745952173769474,-0.28686032288262536,-0.45814271904039483,0.187734894494322,0.17128239615776947
dualls_adapted,59,alt180,2.0,-0.4745952173769474,-0.437773790828778,-0.4699780630626916,0.03682142654816939,0.03220427223391359
dualls_adapted,71,alt180,0.5,-0.6550958896577358,-0.14423847478429866,-0.536921369651567,0.5108574148734372,0.3926828948672684
dualls_adapted,71,alt180,1.0,-0.6550958896577358,-0.19940111442397063,-0.5831907678258902,0.45569477523376517,0.38378965340191956
dualls_adapted,71,alt180,1.5,-0.6550958896577358,-0.5329971534019552,-0.6261792675404193,0.1220987362557806,0.09318211413846411
dualls_adapted,71,alt180,2.0,-0.6550958896577358,-0.6964669548242265,-0.6382140773678824,-0.041371065166490695,-0.05825287745634411
dualls_adapted,89,alt180,0.5,-0.6112885250747204,0.1390662075488768,-0.5347501944420042,0.7503547326235972,0.673816401990881
dualls_adapted,89,alt180,1.0,-0.6112885250747204,-0.038819502119411556,-0.560494029330288,0.5724690229553089,0.5216745272108765
dualls_adapted,89,alt180,1.5,-0.6112885250747204,-0.3271424245114684,-0.5783462273712722,0.284146100563252,0.25120380285980376
dualls_adapted,89,alt180,2.0,-0.6112885250747204,-0.49882520845872946,-0.5904113128682958,0.11246331661599096,0.09158610440956638
dualls_adapted,107,alt180,0.5,-0.7951935828924179,-0.07933432132064012,-0.6738625048035147,0.7158592615717778,0.5945281834828746
dualls_adapted,107,alt180,1.0,-0.7951935828924179,-0.20968062685166214,-0.7242942440478194,0.5855129560407558,0.5146136171961573
dualls_adapted,107,alt180,1.5,-0.7951935828924179,-0.5834798289656987,-0.7778339761451506,0.2117137539267192,0.19435414717945187
dualls_adapted,107,alt180,2.0,-0.7951935828924179,-0.7861219233677127,-0.788812655472564,0.009071659524705233,0.002690732104851268
finetune,7,speed10,0.5,36.80446161842346,51.49401676514386,37.58148546936061,14.689555146720402,13.912531295783253
finetune,7,speed10,1.0,36.80446161842346,45.188538678675805,37.286556572332884,8.384077060252345,7.9019821063429205
finetune,7,speed10,1.5,36.80446161842346,42.36418779712378,37.13715535096374,5.559726178700323,5.227032446160045
finetune,7,speed10,2.0,36.80446161842346,41.1248060200708,37.100189036725844,4.32034440164734,4.024616983344956
finetune,11,speed10,0.5,56.52694030407071,66.47776364765242,56.999279311201256,9.95082334358171,9.478484336451167
finetune,11,speed10,1.0,56.52694030407071,62.796663152181075,56.847607306756174,6.269722848110362,5.949055845424901
finetune,11,speed10,1.5,56.52694030407071,60.99026089765995,56.767077301896684,4.463320593589238,4.223183595763267
finetune,11,speed10,2.0,56.52694030407071,60.19101568528734,56.77679800216592,3.6640753812166267,3.4142176831214215
finetune,23,speed10,0.5,59.95617464125901,69.46050585412387,60.47750744529694,9.504331212864855,8.982998408826923
finetune,23,speed10,1.0,59.95617464125901,65.146624710444,60.272451304156526,5.19045006918499,4.8741734062874755
finetune,23,speed10,1.5,59.95617464125901,63.46952447872369,60.19851473869414,3.5133498374646805,3.271009740029548
finetune,23,speed10,2.0,59.95617464125901,62.66514748622405,60.145461853914156,2.7089728449650394,2.519685632309894
finetune,47,speed10,0.5,44.15324833258987,55.237481232869065,44.48546498719636,11.084232900279197,10.752016245672706
finetune,47,speed10,1.0,44.15324833258987,50.69297714451831,44.386913360441355,6.539728811928441,6.3060637840769544
finetune,47,speed10,1.5,44.15324833258987,48.60190175508865,44.36221255100901,4.448653422498779,4.239689204079639
finetune,47,speed10,2.0,44.15324833258987,47.69954008764633,44.39410087416236,3.5462917550564583,3.3054392134839645
finetune,59,speed10,0.5,37.46532494353503,50.338306964614006,38.0115198127525,12.872982021078975,12.326787151861502
finetune,59,speed10,1.0,37.46532494353503,44.96123440077291,37.72863090814657,7.495909457237879,7.232603492626339
finetune,59,speed10,1.5,37.46532494353503,42.59431259366064,37.65759597810126,5.128987650125609,4.9367166155593765
finetune,59,speed10,2.0,37.46532494353503,41.52354676712977,37.681222807677564,4.058221823594742,3.8423239594522087
finetune,71,speed10,0.5,37.83010888519883,52.816880459716806,38.49275041000608,14.986771574517974,14.324130049710725
finetune,71,speed10,1.0,37.83010888519883,46.211902358853855,38.259197216668596,8.381793473655023,7.952705142185259
finetune,71,speed10,1.5,37.83010888519883,43.405410007217924,38.16255706966443,5.575301122019091,5.242852937553494
finetune,71,speed10,2.0,37.83010888519883,42.11275124552491,38.10863863096712,4.282642360326079,4.0041126145577906
finetune,89,speed10,0.5,56.037688390046355,66.13759829743682,56.54750383468595,10.099909907390469,9.590094462750876
finetune,89,speed10,1.0,56.037688390046355,62.61451385035359,56.43502137389416,6.576825460307234,6.17949247645943
finetune,89,speed10,1.5,56.037688390046355,60.839901874633306,56.38320593424285,4.80221348458695,4.456695940390453
finetune,89,speed10,2.0,56.037688390046355,60.07830287044794,56.38188676573873,4.040614480401587,3.696416104709215
finetune,107,speed10,0.5,38.00790807839856,49.092745929956436,38.59402914800926,11.084837851557879,10.498716781947174
finetune,107,speed10,1.0,38.00790807839856,44.5978728206469,38.443231525260266,6.589964742248341,6.154641295386632
finetune,107,speed10,1.5,38.00790807839856,42.50870163522085,38.293153030256875,4.500793556822295,4.215548604963978
finetune,107,speed10,2.0,38.00790807839856,41.59265223883978,38.33264247036562,3.5847441604412253,3.2600097684741627
reservoir,7,speed10,0.5,0.2245069096237421,0.5313687376795014,0.23129652140399728,0.30686182805575934,0.3000722162755042
reservoir,7,speed10,1.0,0.2245069096237421,0.4082676070114979,0.25924953638765036,0.1837606973877558,0.14901807062384753
reservoir,7,speed10,1.5,0.2245069096237421,0.34504983590140365,0.2540612975754835,0.12054292627766156,0.09098853832592013
reservoir,7,speed10,2.0,0.2245069096237421,0.29296565591501245,0.24787414992402654,0.06845874629127036,0.04509150599098591
reservoir,11,speed10,0.5,0.4596084547117352,1.3986946056494538,0.49565766994555943,0.9390861509377186,0.9030369357038943
reservoir,11,speed10,1.0,0.4596084547117352,0.8923993654084842,0.46996125681074175,0.43279091069674896,0.42243810859774245
reservoir,11,speed10,1.5,0.4596084547117352,0.7055885087650733,0.46159477374685565,0.24598005405333806,0.24399373501821764
reservoir,11,speed10,2.0,0.4596084547117352,0.6248160372484098,0.45885926780411246,0.1652075825366746,0.16595676944429738
reservoir,23,speed10,0.5,0.09397550882399082,0.42261230555504403,0.07253053788088282,0.3286367967310532,0.3500817676741612
reservoir,23,speed10,1.0,0.09397550882399082,0.22451076375801415,0.093285301577528,0.13053525493402335,0.13122546218048614
reservoir,23,speed10,1.5,0.09397550882399082,0.151841141667233,0.07635125606921839,0.057865632843242185,0.07548988559801462
reservoir,23,speed10,2.0,0.09397550882399082,0.1283016890943838,0.08326408675589857,0.034326180270392984,0.045037602338485236
reservoir,47,speed10,0.5,0.3288700862005353,1.8760401431022513,0.42327922244106625,1.547170056901716,1.4527609206611851
reservoir,47,speed10,1.0,0.3288700862005353,1.0114725165798686,0.363333095870358,0.6826024303793332,0.6481394207095106
reservoir,47,speed10,1.5,0.3288700862005353,0.7112112450113623,0.3692807044370067,0.38234115881082703,0.3419305405743556
reservoir,47,speed10,2.0,0.3288700862005353,0.5780758504956829,0.3532499640683474,0.24920576429514757,0.22482588642733548
reservoir,59,speed10,0.5,0.7186870691031217,1.3389477973209,0.7256775443112687,0.6202607282177783,0.6132702530096313
reservoir,59,speed10,1.0,0.7186870691031217,1.031934411770689,0.7048710945144927,0.31324734266756726,0.3270633172561963
reservoir,59,speed10,1.5,0.7186870691031217,0.8961597617891469,0.7056140423145734,0.17747269268602517,0.19054571947457355
reservoir,59,speed10,2.0,0.7186870691031217,0.8461850790856693,0.7167247064712157,0.12749800998254757,0.12946037261445364
reservoir,71,speed10,0.5,0.689593016423285,0.8284134495008678,0.6832390644294893,0.13882043307758285,0.14517438507137848
reservoir,71,speed10,1.0,0.689593016423285,0.7029777876258958,0.6911389231991557,0.013384771202610835,0.011838864426740092
reservoir,71,speed10,1.5,0.689593016423285,0.7051269425151174,0.7008306004380611,0.015533926091832462,0.004296342077056314
reservoir,71,speed10,2.0,0.689593016423285,0.6803032346496498,0.6889700128490394,-0.009289781773635153,-0.008666778199389547
reservoir,89,speed10,0.5,0.28943682224303485,0.8116620282852213,0.28643094501290184,0.5222252060421864,0.5252310832723195
reservoir,89,speed10,1.0,0.28943682224303485,0.5045143743473981,0.2841514270276953,0.21507755210436325,0.2203629473197028
reservoir,89,speed10,1.5,0.28943682224303485,0.4151388600532589,0.29215346391588326,0.12570203781022404,0.12298539613737564
reservoir,89,speed10,2.0,0.28943682224303485,0.3768816337186334,0.2866708545501065,0.08744481147559857,0.09021077916852693
reservoir,107,speed10,0.5,0.2712359906435013,1.3633771569941056,0.30875899800135903,1.0921411663506042,1.0546181589927466
reservoir,107,speed10,1.0,0.2712359906435013,0.7938082229666611,0.29414269234150736,0.5225722323231599,0.49966553062515373
reservoir,107,speed10,1.5,0.2712359906435013,0.5719834082628013,0.2792114300377575,0.30074741761929996,0.29277197822504375
reservoir,107,speed10,2.0,0.2712359906435013,0.4735448419260033,0.2807148441816755,0.20230885128250203,0.1928299977443278
gss_adapted,7,speed10,0.5,0.16722028732299804,0.2017208707582264,0.1697532058303729,0.034500583435228355,0.031967664927853495
gss_adapted,7,speed10,1.0,0.16722028732299804,0.15790925835997133,0.1573327681019488,-0.009311028963026713,0.0005764902580225328
gss_adapted,7,speed10,1.5,0.16722028732299804,0.1658392313851819,0.1600457981594802,-0.0013810559378161502,0.005793433225701694
gss_adapted,7,speed10,2.0,0.16722028732299804,0.16256864420117786,0.16140696676673458,-0.004651643121820176,0.0011616774344432867
gss_adapted,11,speed10,0.5,0.2275677957162261,0.4121846085443547,0.2364058718172761,0.18461681282812858,0.17577873672707858
gss_adapted,11,speed10,1.0,0.2275677957162261,0.3655004318283998,0.22253435039834896,0.1379326361121737,0.14296608143005085
gss_adapted,11,speed10,1.5,0.2275677957162261,0.3068027571163464,0.21750789844774202,0.07923496140012032,0.0892948586686044
gss_adapted,11,speed10,2.0,0.2275677957162261,0.2953369489850452,0.22265052088232457,0.0677691532688191,0.07268642810272063
gss_adapted,23,speed10,0.5,0.044675609722733496,-0.11422737605908778,0.031786458299972335,-0.15890298578182127,-0.14601383435906012
gss_adapted,23,speed10,1.0,0.044675609722733496,0.013335554200039419,0.03673354842728717,-0.031340055522694074,-0.02339799422724775
gss_adapted,23,speed10,1.5,0.044675609722733496,0.02093871475033494,0.041426397387039994,-0.023736894972398555,-0.020487682636705053
gss_adapted,23,speed10,2.0,0.044675609722733496,0.037201406448948225,0.04438303058023005,-0.007474203273785271,-0.007181624131281823
gss_adapted,47,speed10,0.5,0.13808560222387314,-0.40642869854784763,0.10099691614794865,-0.5445143007717208,-0.5074256146957963
gss_adapted,47,speed10,1.0,0.13808560222387314,-0.12641634453828682,0.13081738074167537,-0.26450194676216,-0.2572337252799622
gss_adapted,47,speed10,1.5,0.13808560222387314,-0.04153149619762478,0.12333832727346501,-0.17961709842149792,-0.1648698234710898
gss_adapted,47,speed10,2.0,0.13808560222387314,0.02131669140597272,0.1214479488845836,-0.11676891081790042,-0.10013125747861087
gss_adapted,59,speed10,0.5,0.04654437537491322,0.15673351662321242,0.035522227099215514,0.1101891412482992,0.1212112895239969
gss_adapted,59,speed10,1.0,0.04654437537491322,0.10487573604909178,0.037487882104254806,0.058331360674178566,0.06738785394483698
gss_adapted,59,speed10,1.5,0.04654437537491322,0.09672946521268894,0.03761746664483416,0.05018508983777572,0.059111998567854776
gss_adapted,59,speed10,2.0,0.04654437537491322,0.07082622145766204,0.035379867508578085,0.024281846082748824,0.03544635394908396
gss_adapted,71,speed10,0.5,0.5467951041162014,0.614452931113268,0.5485683130646268,0.06765782699706668,0.06588461804864121
gss_adapted,71,speed10,1.0,0.5467951041162014,0.5714124553458273,0.5390327642777796,0.02461735122962594,0.03237969106804772
gss_adapted,71,speed10,1.5,0.5467951041162014,0.5649942652094517,0.5396594729471773,0.01819916109325037,0.02533479226227442
gss_adapted,71,speed10,2.0,0.5467951041162014,0.571641206216182,0.5435702374446554,0.024846102099980616,0.028070968771526594
gss_adapted,89,speed10,0.5,-0.24473405741155146,-0.2318804879619189,-0.23785504440595964,0.012853569449632563,0.005974556444040741
gss_adapted,89,speed10,1.0,-0.24473405741155146,-0.24313509437733657,-0.24892572519246242,0.0015989630342148897,0.005790630815125847
gss_adapted,89,speed10,1.5,-0.24473405741155146,-0.2546393113458617,-0.2540331965536261,-0.009905253934310243,-0.0006061147922356014
gss_adapted,89,speed10,2.0,-0.24473405741155146,-0.25258241634536943,-0.25371263927962207,-0.007848358933817967,0.0011302229342526338
gss_adapted,107,speed10,0.5,0.025526824776083232,-0.04215232396000967,-0.0065324776136575415,-0.0676791487360929,-0.035619846346352124
gss_adapted,107,speed10,1.0,0.025526824776083232,-0.02724153926535247,0.007764605886744982,-0.0527683640414357,-0.035006145152097455
gss_adapted,107,speed10,1.5,0.025526824776083232,-0.03496665798543349,0.012661639442025805,-0.060493482761516726,-0.0476282974274593
gss_adapted,107,speed10,2.0,0.025526824776083232,-0.018822786881535065,0.01654135415033535,-0.0443496116576183,-0.03536414103187041
cgsm_dual,7,speed10,0.5,0.17962852891534567,0.17759363439070616,0.17045764768079993,-0.002034894524639508,0.007135986709906228
cgsm_dual,7,speed10,1.0,0.17962852891534567,0.18845302655806528,0.17163672428798618,0.008824497642719614,0.016816302270079103
cgsm_dual,7,speed10,1.5,0.17962852891534567,0.18603922530625,0.177599256217231,0.00641069639090433,0.008439969089019006
cgsm_dual,7,speed10,2.0,0.17962852891534567,0.21047438022061066,0.1799840551029474,0.030845851305264987,0.030490325117663253
cgsm_dual,11,speed10,0.5,0.14249139165878297,0.023645876901936157,0.13242365527727779,-0.1188455147568468,-0.10877777837534162
cgsm_dual,11,speed10,1.0,0.14249139165878297,0.10374537198762865,0.13484962599607495,-0.03874601967115432,-0.031104254008446297
cgsm_dual,11,speed10,1.5,0.14249139165878297,0.10577738646401867,0.14090012065579813,-0.036714005194764296,-0.035122734191779456
cgsm_dual,11,speed10,2.0,0.14249139165878297,0.1271452070332834,0.13401421673947705,-0.015346184625499582,-0.006869009706193668
cgsm_dual,23,speed10,0.5,0.054681390568614006,-0.0665505468377268,0.06424972793277732,-0.1212319374063408,-0.13080027477050413
cgsm_dual,23,speed10,1.0,0.054681390568614006,0.027469825364361884,0.07196973967702515,-0.027211565204252122,-0.044499914312663265
cgsm_dual,23,speed10,1.5,0.054681390568614006,0.04020611059256378,0.06693370196151721,-0.014475279976050227,-0.026727591368953432
cgsm_dual,23,speed10,2.0,0.054681390568614006,0.05356043292299766,0.06461874581333468,-0.001120957645616344,-0.01105831289033702
cgsm_dual,47,speed10,0.5,0.11661909378319979,0.0636115603109929,0.11145064643889628,-0.053007533472206894,-0.047839086127903385
cgsm_dual,47,speed10,1.0,0.11661909378319979,0.10528097854435267,0.11619163495913604,-0.011338115238847118,-0.010910656414783365
cgsm_dual,47,speed10,1.5,0.11661909378319979,0.09346115456438371,0.11133002951197393,-0.02315793921881608,-0.01786887494759022
cgsm_dual,47,speed10,2.0,0.11661909378319979,0.08980066520264496,0.11111552272751546,-0.02681842858055483,-0.0213148575248705
cgsm_dual,59,speed10,0.5,0.2506099805533886,0.15371349188669814,0.24371924924307,-0.09689648866669048,-0.09000575735637187
cgsm_dual,59,speed10,1.0,0.2506099805533886,0.22613678169533477,0.23990025084641703,-0.024473198858053852,-0.013763469151082258
cgsm_dual,59,speed10,1.5,0.2506099805533886,0.24829382158400162,0.24532609211024914,-0.002316158969387,0.002967729473752484
cgsm_dual,59,speed10,2.0,0.2506099805533886,0.2531027364835865,0.24477470714005967,0.0024927559301978763,0.008328029343526833
cgsm_dual,71,speed10,0.5,0.2769879032969475,0.1145011962084246,0.25442837540404895,-0.16248670708852292,-0.13992717919562436
cgsm_dual,71,speed10,1.0,0.2769879032969475,0.2067685463971483,0.2678927093338055,-0.07021935689979919,-0.06112416293665718
cgsm_dual,71,speed10,1.5,0.2769879032969475,0.247450380382236,0.2673607017168923,-0.02953752291471151,-0.01991032133465631
cgsm_dual,71,speed10,2.0,0.2769879032969475,0.2744922488927841,0.26829987624183893,-0.0024956544041633832,0.006192372650945188
cgsm_dual,89,speed10,0.5,0.16573915151506663,-0.11132481897064529,0.15329020630699924,-0.2770639704857119,-0.2646150252776445
cgsm_dual,89,speed10,1.0,0.16573915151506663,-0.06047308845141521,0.13226111907349786,-0.22621223996648185,-0.19273420752491308
cgsm_dual,89,speed10,1.5,0.16573915151506663,0.023260412042233055,0.14250221301145605,-0.14247873947283357,-0.11924180096922299
cgsm_dual,89,speed10,2.0,0.16573915151506663,0.07653468922108805,0.14656559217053028,-0.08920446229397858,-0.07003090294944223
cgsm_dual,107,speed10,0.5,0.12900253795832395,0.022777795791625977,0.11280872080410123,-0.10622474216669797,-0.09003092501247525
cgsm_dual,107,speed10,1.0,0.12900253795832395,0.07816837166466416,0.11129475326065774,-0.05083416629365979,-0.033126381595993584
cgsm_dual,107,speed10,1.5,0.12900253795832395,0.07919278545824755,0.11765232922377239,-0.049809752500076396,-0.03845954376552484
cgsm_dual,107,speed10,2.0,0.12900253795832395,0.1054120688186343,0.1206757686268169,-0.02359046913968965,-0.01526369980818261
dualls_adapted,7,speed10,0.5,0.08795169671624899,0.1481672464552974,0.08358289208705273,0.06021554973904843,0.06458435436824468
dualls_adapted,7,speed10,1.0,0.08795169671624899,0.18682568106877698,0.08574782400952963,0.09887398435252799,0.10107785705924735
dualls_adapted,7,speed10,1.5,0.08795169671624899,0.15664921668977697,0.08641336480965853,0.06869751997352798,0.07023585188011844
dualls_adapted,7,speed10,2.0,0.08795169671624899,0.1327146727476876,0.08830561859214424,0.044762976031438625,0.04440905415554337
dualls_adapted,11,speed10,0.5,0.14575497453659772,0.1680740795210394,0.15624753203345812,0.022319104984441673,0.011826547487581274
dualls_adapted,11,speed10,1.0,0.14575497453659772,0.23336197860339983,0.14718907120036784,0.08760700406680211,0.08617290740303199
dualls_adapted,11,speed10,1.5,0.14575497453659772,0.21052844022988249,0.14614543364433563,0.06477346569328477,0.06438300658554685
dualls_adapted,11,speed10,2.0,0.14575497453659772,0.1833563407612267,0.14291336982729227,0.03760136622462898,0.040442970933934425
dualls_adapted,23,speed10,0.5,0.12683757551014424,0.14213581710897816,0.12661464214518264,0.015298241598833917,0.015521174963795514
dualls_adapted,23,speed10,1.0,0.12683757551014424,0.18139070316662775,0.13682871360681464,0.05455312765648351,0.04456198955981311
dualls_adapted,23,speed10,1.5,0.12683757551014424,0.15675514616679737,0.13455448684900542,0.029917570656653125,0.022200659317791943
dualls_adapted,23,speed10,2.0,0.12683757551014424,0.1584289322865692,0.13318152921316626,0.03159135677642497,0.025247403073402952
dualls_adapted,47,speed10,0.5,0.2737587485462427,0.41345703937308326,0.2773701727134265,0.13969829082684054,0.13608686665965675
dualls_adapted,47,speed10,1.0,0.2737587485462427,0.34716604225536485,0.28101267124807705,0.07340729370912213,0.0661533710072878
dualls_adapted,47,speed10,1.5,0.2737587485462427,0.31329998712938745,0.2727540800103116,0.03954123858314473,0.04054590711907585
dualls_adapted,47,speed10,2.0,0.2737587485462427,0.2961272376224333,0.27173537600430775,0.0223684890761906,0.024391861618125565
dualls_adapted,59,speed10,0.5,0.20190615754947067,0.08263986397788163,0.1970362362802682,-0.11926629357158904,-0.11439637230238657
dualls_adapted,59,speed10,1.0,0.20190615754947067,0.14802224027650646,0.19899537927005032,-0.05388391727296421,-0.05097313899354386
dualls_adapted,59,speed10,1.5,0.20190615754947067,0.15482546395498284,0.20099475674114903,-0.04708069359448783,-0.04616929278616619
dualls_adapted,59,speed10,2.0,0.20190615754947067,0.1844661662231983,0.19950373524282441,-0.017439991326272358,-0.015037569019626107
dualls_adapted,71,speed10,0.5,0.14735801436007023,0.3042587496691349,0.1490843774006378,0.15690073530906468,0.15517437226849712
dualls_adapted,71,speed10,1.0,0.14735801436007023,0.3151324679218343,0.15868071176075088,0.16777445356176407,0.15645175616108342
dualls_adapted,71,speed10,1.5,0.14735801436007023,0.28099136588527407,0.15694341846146825,0.13363335152520384,0.12404794742380582
dualls_adapted,71,speed10,2.0,0.14735801436007023,0.23846062539957694,0.15546545567797998,0.0911026110395067,0.08299516972159696
dualls_adapted,89,speed10,0.5,0.09566930954158306,0.24020830690080583,0.08006602562783502,0.14453899735922277,0.1601422812729708
dualls_adapted,89,speed10,1.0,0.09566930954158306,0.1524592059877223,0.08075118646622632,0.05678989644613924,0.07170801952149598
dualls_adapted,89,speed10,1.5,0.09566930954158306,0.14313318978499445,0.08515969211598691,0.04746388024341139,0.05797349766900754
dualls_adapted,89,speed10,2.0,0.09566930954158306,0.09615870027552617,0.08949611550851956,0.000489390733943107,0.00666258476700661
dualls_adapted,107,speed10,0.5,0.07277478350326419,0.020420943567266016,0.06301389377863884,-0.052353839935998174,-0.04259295021137282
dualls_adapted,107,speed10,1.0,0.07277478350326419,0.055423235260945045,0.06517980613980139,-0.017351548242319145,-0.009756570878856341
dualls_adapted,107,speed10,1.5,0.07277478350326419,0.04669784234892657,0.06221168697271406,-0.02607694115433762,-0.015513844623787486
dualls_adapted,107,speed10,2.0,0.07277478350326419,0.07648071009944714,0.06321804291615371,0.0037059265961829485,0.013262667183293428
