example_index,risk_rank,gradient_magnitude_rank,risk_score,gradient_magnitude,high_risk
0,0.685,0.9895,0.7056688,8.68095,True
1,0.9755,0.7165,0.9825024,0.97997916,True
2,0.99325,0.7645,0.993677,1.0904855,True
3,0.86,0.294,0.8999336,0.41557848,True
4,0.319,0.57225,0.29252627,0.71352303,False
5,0.33125,0.19575,0.3067975,0.32987294,False
6,0.35325,0.45825,0.33506784,0.58528674,False
7,0.0615,0.198,0.018922243,0.3308136,False
8,0.976,0.92,0.98284876,1.9177814,True
9,0.9905,0.33775,0.991673,0.45679674,True
10,0.0475,0.844,0.009758991,1.3854415,False
11,0.0115,0.42725,8.26153e-05,0.5494416,False
12,0.00525,0.54975,5.904882e-06,0.6836433,False
13,0.796,0.93725,0.83726966,2.179268,True
14,0.57525,0.33225,0.59036845,0.45065013,False
15,0.44225,0.36825,0.43182135,0.4903332,False
16,0.78425,0.73925,0.82122326,1.0314202,True
17,0.9545,0.96275,0.96950895,2.9278712,True
18,0.945,0.71375,0.9637307,0.9721633,True
19,0.81175,0.69025,0.85544413,0.90965897,True
20,0.988,0.8215,0.99009866,1.2768449,True
21,0.82925,0.13325,0.8739586,0.28064162,True
22,0.96575,0.73775,0.9760506,1.0287917,True
23,0.84425,0.293,0.8866895,0.41469145,True
24,0.287,0.6715,0.25769064,0.8742935,False
25,0.15675,0.72375,0.10549582,0.99494076,False
26,0.28825,0.72125,0.25960785,0.99183905,False
27,0.36125,0.558,0.34407115,0.6953223,False
28,0.0685,0.18425,0.022843944,0.31911832,False
29,0.123,0.2415,0.07307589,0.3698969,False
30,0.02475,0.67375,0.0012473307,0.87760633,False
31,0.558,0.8065,0.5699732,1.2192633,False
32,0.91025,0.9205,0.9423382,1.9295832,True
33,0.198,0.3795,0.15773605,0.49956828,False
34,0.46275,0.653,0.45502973,0.84069604,False
35,0.16925,0.99725,0.12392982,12.329649,False
36,0.80975,0.132,0.85376877,0.27971715,True
37,0.22475,0.82325,0.1857148,1.282284,False
38,0.20375,0.7015,0.16460583,0.9363809,False
39,0.462,0.4115,0.45484453,0.53264505,False
40,0.82525,0.81125,0.86972433,1.2318448,True
41,0.61575,0.61625,0.6310093,0.7706671,True
42,0.5015,0.9915,0.5018564,9.885308,False
43,0.682,0.692,0.7022934,0.9161011,True
44,0.623,0.553,0.63863707,0.6881461,True
45,0.33275,0.624,0.308069,0.78566855,False
46,0.32075,0.62,0.29386574,0.7793199,False
47,0.21725,0.3035,0.17925246,0.42165726,False
48,0.10375,0.77375,0.052537065,1.1211582,False
49,0.919,0.75225,0.9490393,1.0597446,True
50,0.637,0.79275,0.65124756,1.1770129,True
51,0.85475,0.84925,0.8949168,1.4130857,True
52,0.6015,0.328,0.61478895,0.44550666,True
53,0.62625,0.38825,0.6415474,0.51073134,True
54,0.64725,0.36475,0.6635603,0.48780257,True
55,0.31375,0.82175,0.28669667,1.2771808,False
56,0.5445,0.4225,0.55362487,0.5436037,False
57,0.768,0.4235,0.8039969,0.5442016,True
58,0.03725,0.99675,0.0052750995,12.094563,False
59,0.88425,0.2655,0.9208653,0.3892051,True
60,0.86075,0.44,0.90073824,0.5662109,True
61,0.94575,0.88525,0.96419483,1.603527,True
62,0.9445,0.45675,0.9634708,0.583944,True
63,0.39125,0.12175,0.3689891,0.26837876,False
64,0.7975,0.44975,0.83913976,0.5753049,True
65,0.41875,0.4765,0.4013461,0.6024187,False
66,0.8315,0.5095,0.87631226,0.6373994,True
67,0.7785,0.6365,0.8155841,0.80728066,True
68,0.2365,0.3685,0.19671889,0.49070606,False
69,0.9925,0.76225,0.99328136,1.0850863,True
70,0.8915,0.962,0.927609,2.8773592,True
71,0.812,0.30325,0.85546994,0.4216082,True
72,0.38625,0.63,0.3646765,0.79546255,False
73,0.8485,0.657,0.88889873,0.84787124,True
74,0.8075,0.7115,0.85003585,0.96574515,True
75,0.968,0.548,0.97684014,0.6821287,True
76,0.50575,0.98925,0.50843894,8.652982,False
77,0.467,0.2495,0.4588773,0.37609583,False
78,0.6035,0.3555,0.61668044,0.47870734,True
79,0.5825,0.3045,0.59663665,0.42282808,False
80,0.363,0.7925,0.3455953,1.1762557,False
81,0.039,0.45875,0.005849367,0.5855961,False
82,0.949,0.4415,0.9661629,0.5686845,True
83,0.42425,0.79,0.40805423,1.1653955,False
84,0.95375,0.81525,0.9690196,1.2446791,True
85,0.75425,0.11825,0.78786945,0.26325744,True
86,0.352,0.46525,0.33277237,0.59062487,False
87,0.862,0.9085,0.9021305,1.7861533,True
88,0.9065,0.65625,0.94093007,0.8470624,True
89,0.469,0.45625,0.46091935,0.58315575,False
90,0.34325,0.4815,0.3192286,0.60796773,False
91,0.09025,0.07275,0.04007695,0.21797168,False
92,0.065,0.7105,0.021193119,0.9627165,False
93,0.972,0.813,0.9787172,1.2368703,True
94,0.73375,0.16275,0.7630862,0.30205452,True
95,0.288,0.98625,0.25898638,7.42349,False
96,0.825,0.7305,0.8696781,1.0096489,True
97,0.25775,0.841,0.22463742,1.3709861,False
98,0.107,0.5565,0.056704544,0.6933926,False
99,0.269,0.9755,0.23705076,4.16437,False
100,0.75325,0.65675,0.78735745,0.84777254,True
101,0.194,0.2345,0.1533665,0.3629057,False
102,0.644,0.31775,0.65897346,0.43379503,True
103,0.547,0.5485,0.55601025,0.6826339,False
104,0.312,0.824,0.28500882,1.2862805,False
105,0.356,0.49925,0.33877322,0.62691575,False
106,0.3585,0.42275,0.3409496,0.54364026,False
107,0.641,0.74575,0.65399885,1.0453812,True
108,0.86875,0.439,0.90697217,0.56533897,True
109,0.39775,0.49825,0.37345982,0.6261675,False
110,0.694,0.54925,0.71807075,0.6829667,True
111,0.45175,0.96575,0.4420204,3.0596905,False
112,0.82475,0.52975,0.86958164,0.6591935,True
113,0.523,0.8205,0.5294971,1.2698648,False
114,0.65625,0.1825,0.67480093,0.31860703,True
115,0.42325,0.76275,0.40759334,1.0855627,False
116,0.614,0.5655,0.62861794,0.70325863,True
117,0.296,0.24375,0.26877794,0.37184787,False
118,0.433,0.621,0.4205869,0.78146535,False
119,0.1435,0.65475,0.091731995,0.8444961,False
120,0.8725,0.127,0.9110298,0.27416176,True
121,0.027,0.5525,0.0017681702,0.688071,False
122,0.98625,0.22675,0.98890036,0.35560766,True
123,0.5175,0.7005,0.52289313,0.9324527,False
124,0.88275,0.08525,0.91983765,0.23178487,True
125,0.52225,0.59525,0.5282051,0.7371676,False
126,0.02575,0.61075,0.0014724728,0.76032966,False
127,0.0855,0.8965,0.036322553,1.6898472,False
128,0.1005,0.7065,0.049666043,0.9529804,False
129,0.28075,0.668,0.25104058,0.868841,False
130,0.9395,0.59125,0.9610836,0.7326343,True
131,0.62325,0.60775,0.63864607,0.75636363,True
132,0.425,0.3615,0.40815482,0.4852795,False
133,0.632,0.98025,0.6459799,5.4001727,True
134,0.402,0.504,0.37853375,0.63208145,False
135,0.26375,0.825,0.23177545,1.2915554,False
136,0.848,0.703,0.8878717,0.9413088,True
137,0.78025,0.2265,0.81652075,0.3555204,True
138,0.8675,0.1055,0.90579814,0.2509915,True
139,0.621,0.75,0.63666415,1.0545803,True
140,0.27575,0.73325,0.24520998,1.0130132,False
141,0.57725,0.7655,0.59187037,1.0936375,False
142,0.69925,0.77225,0.7222248,1.1149726,True
143,0.3205,0.80525,0.2937742,1.2158557,False
144,0.83775,0.7125,0.882967,0.9666362,True
145,0.65725,0.2925,0.67678154,0.41414478,True
146,0.2075,0.84225,0.16994435,1.380545,False
147,0.5845,0.46675,0.5983947,0.59275675,False
148,0.21775,0.62825,0.17972328,0.79117846,False
149,0.59,0.6975,0.6039075,0.9270476,False
150,0.67475,0.42975,0.6948861,0.55231243,True
151,0.32875,0.1625,0.30492598,0.30204993,False
152,0.26,0.87025,0.22676203,1.504809,False
153,0.58275,0.473,0.59697604,0.5990762,False
154,0.36775,0.545,0.3496685,0.67670226,False
155,0.26875,0.5625,0.2364871,0.6990754,False
156,0.386,0.53775,0.36457118,0.6674338,False
157,0.12075,0.757,0.07014946,1.0736682,False
158,0.03925,0.12575,0.0059200814,0.27309564,False
159,0.9995,0.3605,0.9998127,0.48354375,True
160,0.801,0.787,0.8428922,1.1567605,True
161,0.46975,0.18,0.46234322,0.31683558,False
162,0.5575,0.59975,0.56983775,0.7441572,False
163,0.37575,0.2015,0.35553822,0.33377185,False
164,0.59475,0.1095,0.60798836,0.2546835,True
165,0.8595,0.48425,0.8993335,0.61181056,True
166,0.728,0.573,0.75706655,0.7140138,True
167,0.69825,0.54025,0.7218214,0.67004776,True
168,0.73,0.543,0.7589909,0.6731495,True
169,0.9185,0.675,0.9488454,0.88176405,True
170,0.927,0.76925,0.9531714,1.1001604,True
171,0.903,0.71475,0.93740463,0.9755907,True
172,0.84925,0.577,0.8893521,0.7183415,True
173,0.04925,0.8635,0.010894228,1.4635848,False
174,0.0645,0.1435,0.020707853,0.2896317,False
175,0.5715,0.55075,0.58652925,0.6849061,False
176,0.565,0.4925,0.58096117,0.61978006,False
177,0.2245,0.441,0.18553618,0.56749004,False
178,0.7835,0.944,0.82022244,2.2739148,True
179,0.40625,0.26225,0.38445634,0.3873704,False
180,0.67575,0.8115,0.69594795,1.2318468,True
181,0.802,0.7735,0.8443669,1.1206267,True
182,0.677,0.49,0.6967887,0.61770487,True
183,0.74375,0.524,0.775496,0.6536428,True
184,0.98,0.372,0.9851459,0.49325848,True
185,0.80775,0.5455,0.8501499,0.67822534,True
186,0.94,0.86725,0.96119523,1.4852371,True
187,0.3055,0.64525,0.279075,0.8260509,False
188,0.2995,0.54375,0.2720163,0.6738895,False
189,0.34775,0.4715,0.327764,0.59816253,False
190,0.76975,0.77025,0.8054595,1.1025778,True
191,0.8735,0.56825,0.91204005,0.70810956,True
192,0.226,0.3285,0.18728086,0.44629,False
193,0.1355,0.992,0.08400733,10.100137,False
194,0.85775,0.50875,0.897511,0.635888,True
195,0.2825,0.83575,0.25302243,1.3430876,False
196,0.16775,0.5905,0.12139839,0.7324138,False
197,0.2515,0.72625,0.2157982,1.000583,False
198,0.9175,0.84575,0.94832987,1.3944417,True
199,0.10625,0.994,0.056089498,10.457418,False
200,0.9365,0.63125,0.9595834,0.79813695,True
201,0.6835,0.98175,0.70410687,5.6562815,True
202,0.89675,0.9905,0.9321246,9.22299,True
203,0.93775,0.8375,0.96000004,1.3558546,True
204,0.678,0.41675,0.69821143,0.5372076,True
205,0.52375,0.43425,0.52973324,0.5578084,False
206,0.76725,0.77575,0.80317587,1.1256019,True
207,0.4575,0.736,0.4499533,1.0210413,False
208,0.112,0.582,0.060858127,0.724533,False
209,0.40325,0.711,0.37908912,0.9646623,False
210,0.83225,0.8005,0.87639594,1.1952578,True
211,0.94075,0.3895,0.96129394,0.51137835,True
212,0.789,0.55525,0.8266576,0.6918177,True
213,0.53925,0.217,0.5482419,0.34701112,False
214,0.416,0.5075,0.39572293,0.6352328,False
215,0.54925,0.55725,0.55841047,0.69445664,False
216,0.4245,0.41975,0.40811124,0.54033035,False
217,0.29975,0.3095,0.27220982,0.42707294,False
218,0.10925,0.65275,0.05938329,0.8400507,False
219,0.09475,0.64325,0.04467565,0.8210856,False
220,0.0295,0.80725,0.002287962,1.2208751,False
221,0.00425,0.837,1.346005e-06,1.355484,False
222,0.8935,0.63675,0.9295255,0.8092934,True
223,0.42175,0.334,0.40587622,0.45274076,False
224,0.97275,0.38725,0.97955734,0.5098442,True
225,0.611,0.24,0.6256679,0.368586,True
226,0.511,0.5185,0.5147361,0.6487275,False
227,0.792,0.521,0.8299899,0.65019214,True
228,0.67625,0.91425,0.6965933,1.8501412,True
229,0.02075,0.71875,0.00069112016,0.98722667,False
230,0.47875,0.65525,0.47733843,0.8451628,False
231,0.956,0.80375,0.9707122,1.209362,True
232,0.54625,0.4155,0.55552065,0.5361406,False
233,0.50075,0.69775,0.50095165,0.9273558,False
234,0.136,0.375,0.08442422,0.4960913,False
235,0.9035,0.59025,0.93817425,0.73235214,True
236,0.5035,0.55975,0.5070492,0.696297,False
237,0.78675,0.27225,0.82473314,0.39617994,True
238,0.9745,0.721,0.98195785,0.99181455,True
239,0.35025,0.52425,0.32978612,0.65369296,False
240,0.099,0.3495,0.047552116,0.47170162,False
241,0.06375,0.226,0.020521667,0.35517955,False
242,0.028,0.353,0.001993418,0.47576818,False
243,0.0595,0.98375,0.017648043,6.1052513,False
244,0.5835,0.33425,0.5976008,0.45311236,False
245,0.553,0.532,0.5640475,0.66130686,False
246,0.41375,0.78325,0.3933189,1.1462357,False
247,0.664,0.69725,0.6835074,0.92678267,True
248,0.44275,0.409,0.43258888,0.53062975,False
249,0.76375,0.53425,0.79888785,0.6638912,True
250,0.55625,0.78525,0.5683795,1.1551709,False
251,0.78625,0.727,0.8239148,1.0023845,True
252,0.323,0.4105,0.2962673,0.5319254,False
253,0.47975,0.7475,0.47770035,1.0486499,False
254,0.401,0.53175,0.37772587,0.6611969,False
255,0.579,0.537,0.5940093,0.6674116,False
256,0.32175,0.99525,0.2944187,11.062054,False
257,0.9985,0.43225,0.9988341,0.5550108,True
258,0.7185,0.255,0.7442786,0.3820798,True
259,0.9785,0.85225,0.9842418,1.4255983,True
260,0.169,0.215,0.123711534,0.3453945,False
261,0.20275,0.66825,0.16286753,0.86921936,False
262,0.71225,0.069,0.7373378,0.21312869,True
263,0.206,0.5975,0.1680979,0.7406074,False
264,0.22325,0.25525,0.18434866,0.3823243,False
265,0.8995,0.22075,0.9347645,0.34961823,True
266,0.724,0.1045,0.753094,0.25041255,True
267,0.8855,0.47025,0.92155343,0.59745675,True
268,0.04725,0.63625,0.009737683,0.80654126,False
269,0.05875,0.14275,0.0173761,0.2888738,False
270,0.875,0.83425,0.91336596,1.3363436,True
271,0.717,0.251,0.7421748,0.3787761,True
272,0.64475,0.48175,0.65993005,0.6083338,True
273,0.36025,0.977,0.342604,4.282071,False
274,0.96425,0.60925,0.9753491,0.75858015,True
275,0.93475,0.38125,0.9577309,0.5013996,True
276,0.813,0.14825,0.85618556,0.29156938,True
277,0.40425,0.2315,0.38094774,0.36069292,False
278,0.10975,0.9925,0.06021763,10.238736,False
279,0.658,0.72275,0.6776312,0.9931106,True
280,0.9865,0.77825,0.98928183,1.132272,True
281,0.97125,0.63225,0.9785354,0.7990042,True
282,0.99475,0.236,0.9950587,0.36537656,True
283,0.791,0.31025,0.8290027,0.42724314,True
284,0.479,0.56075,0.4774372,0.6969397,False
285,0.94025,0.20425,0.96122885,0.33625287,True
286,0.35925,0.87875,0.3419174,1.5607488,False
287,0.11625,0.05075,0.065149896,0.19130354,False
288,0.43475,0.7195,0.42413655,0.9883925,False
289,0.075,0.70075,0.028521484,0.9339238,False
290,0.42725,0.6005,0.4106866,0.74504125,False
291,0.6685,0.98125,0.688148,5.5525107,True
292,0.98475,0.786,0.9879511,1.1558846,True
293,0.773,0.393,0.8084081,0.51435906,True
294,0.541,0.3935,0.5499768,0.5147606,False
295,0.4735,0.688,0.4655723,0.9042152,False
296,0.04125,0.52375,0.0067736073,0.6535393,False
297,0.17225,0.44625,0.1268894,0.5729522,False
298,0.62875,0.296,0.6430656,0.41679347,True
299,0.5245,0.1415,0.5305874,0.28780025,False
300,0.51125,0.8455,0.5147455,1.3929905,False
301,0.53475,0.68575,0.54251754,0.901068,False
302,0.5315,0.24825,0.5395642,0.3749428,False
303,0.81825,0.7875,0.86256444,1.1577563,True
304,0.67825,0.2275,0.69830585,0.35700107,True
305,0.53325,0.1425,0.54023397,0.2888666,False
306,0.276,0.41025,0.2453117,0.53170186,False
307,0.877,0.50975,0.91464466,0.6374391,True
308,0.5185,0.90425,0.52366835,1.748266,False
309,0.765,0.71825,0.8001536,0.9853386,True
310,0.29825,0.455,0.2709441,0.58237714,False
311,0.211,0.1985,0.17324045,0.331135,False
312,0.11825,0.24275,0.0680353,0.3708692,False
313,0.02025,0.1855,0.0006339635,0.32004502,False
314,0.521,0.35975,0.5260112,0.48318157,False
315,0.25225,0.00825,0.21726124,0.12494604,False
316,0.36075,0.3475,0.34370503,0.46799368,False
317,0.71675,0.39075,0.7416166,0.5122131,True
318,0.71575,0.948,0.7404141,2.355,True
319,0.229,0.669,0.18997732,0.8700187,False
320,0.21325,0.4675,0.1752738,0.59418833,False
321,0.2495,0.76825,0.21270129,1.098383,False
322,0.67525,0.99275,0.69564134,10.317949,True
323,0.83475,0.517,0.8792777,0.64601046,True
324,0.929,0.4585,0.95497483,0.58554107,True
325,0.1935,0.76725,0.1523963,1.0949379,False
326,0.93125,0.40475,0.9556186,0.5262284,True
327,0.819,0.9815,0.8628719,5.6557064,True
328,0.8795,0.97575,0.9173696,4.1673923,True
329,0.6515,0.0975,0.6682795,0.24309267,True
330,0.85275,0.54475,0.892595,0.67663103,True
331,0.95525,0.8135,0.97030574,1.238657,True
332,0.66825,0.4285,0.6878087,0.5504437,True
333,0.92475,0.6625,0.9520814,0.8596027,True
334,0.68,0.99,0.7005961,8.950852,True
335,0.917,0.617,0.947993,0.77152175,True
336,0.517,0.53675,0.52227813,0.66730547,False
337,0.635,0.6535,0.64939183,0.8419268,True
338,0.9665,0.792,0.97620744,1.1729318,True
339,0.90575,0.5105,0.9403217,0.6385003,True
340,0.87675,0.11575,0.91433895,0.2602431,True
341,0.97475,0.6885,0.98212135,0.90509194,True
342,0.93625,0.638,0.95901316,0.8107377,True
343,0.653,0.528,0.6712051,0.657507,True
344,0.20325,0.37425,0.16390195,0.4955352,False
345,0.086,0.12725,0.036592547,0.27479213,False
346,0.20175,0.9855,0.16241425,7.1073275,False
347,0.25475,0.82425,0.2197013,1.2866479,False
348,0.045,0.52875,0.008444983,0.6587634,False
349,0.249,0.6485,0.21206929,0.8292895,False
350,0.0135,0.131,0.00016553381,0.27910352,False
351,0.00025,0.38,3.009877e-13,0.50027627,False
352,0.62,0.495,0.63532317,0.6226876,True
353,0.3665,0.5955,0.34848425,0.7383682,False
354,0.03475,0.716,0.004492076,0.9789206,False
355,0.88175,0.57925,0.91936797,0.7217297,True
356,0.88875,0.749,0.92469376,1.0523427,True
357,0.28925,0.1,0.26033565,0.24621555,False
358,0.41725,0.6415,0.39843065,0.817527,False
359,0.17,0.8245,0.12530944,1.2896663,False
360,0.44175,0.4945,0.4312126,0.62220585,False
361,0.20775,0.3145,0.16998237,0.43081468,False
362,0.914,0.644,0.9454874,0.82299614,True
363,0.6435,0.66225,0.65878016,0.85887194,True
364,0.4095,0.33725,0.38883495,0.45621362,False
365,0.48825,0.357,0.48484355,0.48024344,False
366,0.189,0.48025,0.14563291,0.60691947,False
367,0.0585,0.62325,0.017110063,0.7845222,False
368,0.102,0.67525,0.051468786,0.88183373,False
369,0.228,0.5675,0.18909499,0.7067615,False
370,0.9515,0.71925,0.967728,0.98795426,True
371,0.672,0.4045,0.69179326,0.5255729,True
372,0.61525,0.663,0.6305087,0.86003613,True
373,0.711,0.60125,0.7359248,0.7466766,True
374,0.50325,0.017,0.5066908,0.14308307,False
375,0.9895,0.5085,0.991038,0.6358693,True
376,0.7355,0.6345,0.7647158,0.80394876,True
377,0.6285,0.60025,0.6429575,0.74444884,True
378,0.28725,0.82625,0.25814468,1.2979307,False
379,0.0845,0.8485,0.0357084,1.4092007,False
380,0.27875,0.35225,0.24817775,0.47431657,False
381,0.00275,0.897,1.3054022e-07,1.6920453,False
382,0.87725,0.966,0.91533077,3.0653238,True
383,0.9675,0.726,0.97667134,0.9999328,True
384,0.939,0.98575,0.96064186,7.2442408,True
385,0.36275,0.586,0.34553796,0.72875124,False
386,0.6135,0.761,0.62801486,1.0839823,True
387,0.68525,0.2475,0.7060851,0.3744257,True
388,0.55225,0.49175,0.5639439,0.6192015,False
389,0.114,0.77875,0.06319736,1.1326694,False
390,0.7145,0.243,0.73930734,0.37093136,True
391,0.96325,0.488,0.97484344,0.6155309,True
392,0.52475,0.99125,0.53125817,9.738415,False
393,0.93725,0.92075,0.9597675,1.933078,True
394,0.95875,0.8,0.9724478,1.1938839,True
395,0.7735,0.63575,0.80914706,0.8052897,True
396,0.61075,0.181,0.62535465,0.31771964,True
397,0.38475,0.99575,0.36333746,11.260716,False
398,0.8425,0.39925,0.88623136,0.521637,True
399,0.5425,0.4935,0.551267,0.6213776,False
400,0.92375,0.32775,0.95164657,0.44537005,True
401,0.37775,0.6945,0.35692635,0.920907,False
402,0.324,0.98975,0.29827416,8.695953,False
403,0.846,0.465,0.8872734,0.59057,True
404,0.418,0.42475,0.39921087,0.5459206,False
405,0.6955,0.11275,0.71929836,0.25692257,True
406,0.86175,0.42675,0.90170634,0.5493824,True
407,0.617,0.989,0.63267,8.588931,True
408,0.9285,0.94,0.9545414,2.213148,True
409,0.829,0.6105,0.8733648,0.7603092,True
410,0.69875,0.35625,0.7219503,0.47921285,True
411,0.6475,0.3115,0.6642271,0.4279739,True
412,0.25275,0.8045,0.21731831,1.2108792,False
413,0.23075,0.99075,0.19218124,9.498698,False
414,0.91275,0.79875,0.9446585,1.1907508,True
415,0.42025,0.69275,0.40328106,0.91714644,False
416,0.37375,0.66175,0.35445985,0.85816145,False
417,0.29375,0.59,0.2662982,0.7321625,False
418,0.95625,0.51875,0.9708055,0.6488788,True
419,0.13925,0.9525,0.087086044,2.5236013,False
420,0.63725,0.6475,0.651531,0.82831156,True
421,0.36225,0.76875,0.3450813,1.0986483,False
422,0.95075,0.44475,0.9669692,0.5717766,True
423,0.8535,0.619,0.8934538,0.778232,True
424,0.17575,0.39,0.12963699,0.5118753,False
425,0.75075,0.29325,0.7846586,0.4149718,True
426,0.47775,0.84375,0.4752083,1.3838927,False
427,0.8065,0.38375,0.8490684,0.50514644,True
428,0.13275,0.8955,0.08027547,1.6806107,False
429,0.9525,0.9625,0.9685969,2.9246974,True
430,0.89475,0.0225,0.93075466,0.15235935,True
431,0.8765,0.3905,0.9142285,0.5121999,True
432,0.8175,0.32675,0.8614602,0.44348857,True
433,0.88525,0.301,0.9212001,0.41988775,True
434,0.80675,0.487,0.84956723,0.61509573,True
435,0.25975,0.72525,0.22658195,0.998332,False
436,0.368,0.20625,0.35024494,0.3377198,False
437,0.92925,0.43975,0.95510525,0.5660918,True
438,0.53975,0.5305,0.54848915,0.65940887,False
439,0.3965,0.6165,0.3730483,0.77121085,False
440,0.37325,0.565,0.35366917,0.70234466,False
441,0.54175,0.831,0.55088824,1.3175507,False
442,0.19025,0.32375,0.14732365,0.441283,False
443,0.127,0.605,0.07612386,0.7529962,False
444,0.8265,0.421,0.8709213,0.5423684,True
445,0.886,0.47375,0.92198676,0.6000652,True
446,0.693,0.77175,0.7175213,1.107677,True
447,0.54975,0.89175,0.55910707,1.6374594,False
448,0.9315,0.414,0.95584136,0.53470296,True
449,0.5865,0.435,0.5999456,0.5584532,False
450,0.661,0.95975,0.68082726,2.801491,True
451,0.81875,0.4425,0.86265796,0.56943023,True
452,0.581,0.5915,0.5955209,0.73269373,False
453,0.7745,0.42625,0.81043506,0.54894435,True
454,0.58825,0.4875,0.60202485,0.6153288,False
455,0.79975,0.93325,0.8410391,2.1155038,True
456,0.243,0.3735,0.20603618,0.49457926,False
457,0.47525,0.476,0.4692883,0.6019026,False
458,0.48525,0.428,0.48284152,0.5498581,False
459,0.0985,0.72175,0.04689389,0.9920695,False
460,0.36725,0.45375,0.34895387,0.5801864,False
461,0.832,0.56175,0.8763481,0.6975746,True
462,0.5905,0.3955,0.6041691,0.51731044,False
463,0.79525,0.601,0.8367541,0.74656296,True
464,0.569,0.67675,0.58474576,0.88575596,False
465,0.81375,0.45425,0.85718125,0.5803316,True
466,0.113,0.6465,0.062897526,0.8271199,False
467,0.31975,0.651,0.29339814,0.83644456,False
468,0.2315,0.65575,0.19290338,0.84541875,False
469,0.94225,0.42375,0.96216166,0.54425967,True
470,0.577,0.546,0.59172064,0.6790865,False
471,0.46075,0.1205,0.45347422,0.26594722,False
472,0.28,0.99475,0.24968831,10.840571,False
473,0.72825,0.56575,0.7571984,0.7033799,True
474,0.844,0.44825,0.88637984,0.57438004,True
475,0.96375,0.79375,0.9750156,1.1787516,True
476,0.633,0.34875,0.64735883,0.4707557,True
477,0.6255,0.916,0.64071125,1.8747923,True
478,0.70125,0.55125,0.724072,0.68621165,True
479,0.77775,0.67175,0.8139163,0.87440217,True
480,0.81575,0.98225,0.8584038,5.6862545,True
481,0.7885,0.16475,0.8262976,0.30386165,True
482,0.66325,0.0865,0.68298906,0.23345737,True
483,0.6855,0.1765,0.7071196,0.31337482,True
484,0.7515,0.177,0.7858045,0.31384486,True
485,0.44625,0.37475,0.43628702,0.49601433,False
486,0.28675,0.64625,0.2576691,0.826619,False
487,0.973,0.67575,0.98023796,0.88298446,True
488,0.39025,0.68475,0.36792016,0.90004146,False
489,0.3045,0.70825,0.2781745,0.9579741,False
490,0.22175,0.6725,0.18260959,0.8758251,False
491,0.936,0.30775,0.9588433,0.42522782,True
492,0.96975,0.5215,0.97771156,0.650499,True
493,0.6875,0.4365,0.71014595,0.56256366,True
494,0.96475,0.81625,0.97536856,1.2513517,True
495,0.82125,0.2615,0.8645159,0.38704276,True
496,0.898,0.7895,0.9332696,1.164557,True
497,0.314,0.40675,0.28676742,0.5288873,False
498,0.3905,0.46325,0.36864683,0.5888167,False
499,0.5695,0.78025,0.58494514,1.1394368,False
500,0.2545,0.8395,0.21964954,1.3629385,False
501,0.11525,0.974,0.064296275,4.0612855,False
502,0.9715,0.0925,0.9785562,0.23916705,True
503,0.3615,0.2255,0.34455138,0.35447624,False
504,0.43,0.40575,0.41601264,0.5274734,False
505,0.9345,0.167,0.9575202,0.3054723,True
506,0.86425,0.53125,0.9037499,0.6597314,True
507,0.9355,0.38975,0.95865107,0.51174617,True
508,0.48425,0.37275,0.48202613,0.49415752,False
509,0.267,0.136,0.23546661,0.2827222,False
510,0.162,0.53725,0.114464626,0.6674149,False
511,0.05125,0.63825,0.012273464,0.8112698,False
512,0.88625,0.90975,0.9220008,1.7934391,True
513,0.17625,0.3,0.13014087,0.41898727,False
514,0.82575,0.6055,0.8701716,0.75431377,True
515,0.83575,0.9965,0.88086146,11.984944,True
516,0.6395,0.5795,0.6529736,0.7217304,True
517,0.564,0.5945,0.580491,0.73550403,False
518,0.65825,0.21775,0.67786646,0.34751648,True
519,0.5045,0.26875,0.50760865,0.39231518,False
520,0.332,0.289,0.3069187,0.41072854,False
521,0.6185,0.98875,0.63337463,8.547825,True
522,0.51325,0.3385,0.51921463,0.45744678,False
523,0.50525,0.97675,0.5078338,4.251428,False
524,0.9155,0.539,0.94633967,0.66848487,True
525,0.4845,0.9955,0.48214063,11.132997,False
526,0.8745,0.9735,0.9130083,3.9027605,True
527,0.94525,0.75925,0.9641199,1.0801187,True
528,0.7105,0.56525,0.73463166,0.70243233,True
529,0.60425,0.4275,0.61719644,0.54959434,True
530,0.52975,0.834,0.5374915,1.3341713,False
531,0.5435,0.2835,0.5526714,0.40552783,False
532,0.5265,0.96175,0.53353405,2.859431,False
533,0.719,0.68225,0.7455591,0.89389646,True
534,0.52325,0.55925,0.52959675,0.6961968,False
535,0.58975,0.354,0.60379547,0.47662157,False
536,0.4965,0.593,0.49652573,0.7339846,False
537,0.59925,0.46425,0.61333495,0.59000534,True
538,0.93025,0.3975,0.9555278,0.51913905,True
539,0.57125,0.5135,0.5862739,0.64172703,False
540,0.8385,0.6265,0.8839468,0.788715,True
541,0.30425,0.67475,0.27799523,0.8812313,False
542,0.354,0.68325,0.33599854,0.89663696,False
543,0.11275,0.51675,0.06207612,0.6459922,False
544,0.3195,0.74225,0.29290333,1.0355768,False
545,0.75725,0.33325,0.790167,0.45152077,True
546,0.21125,0.3805,0.1732645,0.5008194,False
547,0.853,0.8495,0.89271414,1.4133544,True
548,0.42875,0.78675,0.41396853,1.1567482,False
549,0.65525,0.60725,0.67402154,0.7558885,True
550,0.4915,0.95225,0.490004,2.509218,False
551,0.5975,0.22825,0.6111773,0.35739493,True
552,0.58425,0.074,0.5983706,0.21885663,False
553,0.96725,0.70475,0.97648954,0.94581085,True
554,0.93525,0.8655,0.95801955,1.4725066,True
555,0.91475,0.4865,0.94570774,0.6143691,True
556,0.29725,0.731,0.27023476,1.00986,False
557,0.66525,0.099,0.683789,0.24519888,True
558,0.2595,0.1685,0.22645718,0.30626202,False
559,0.807,0.318,0.84971654,0.43411934,True
560,0.97,0.7935,0.9777786,1.1785805,True
561,0.6445,0.068,0.6597707,0.21127592,True
562,0.62575,0.585,0.6408655,0.72796565,True
563,0.42475,0.05175,0.4081358,0.19250257,False
564,0.36375,0.71725,0.34575695,0.9825619,False
565,0.59175,0.417,0.60558736,0.5372412,False
566,0.9885,0.52325,0.99062485,0.6524988,True
567,0.23675,0.98,0.19693106,5.309045,False
568,0.64875,0.45275,0.66600233,0.57916975,True
569,0.584,0.986,0.5982089,7.4221363,False
570,0.87425,0.926,0.9127338,1.98909,True
571,0.54675,0.69125,0.55579615,0.91251594,False
572,0.966,0.66575,0.976155,0.8637366,True
573,0.93075,0.6855,0.9555576,0.90034133,True
574,0.422,0.60625,0.40652728,0.7546133,False
575,0.5965,0.741,0.6095167,1.0335621,True
576,0.78075,0.68925,0.81688917,0.90756744,True
577,0.35375,0.77675,0.33587778,1.1297652,False
578,0.4665,0.763,0.4585425,1.0869713,False
579,0.17425,0.86625,0.12866753,1.48039,False
580,0.736,0.6665,0.7651387,0.86521316,True
581,0.2505,0.10575,0.21314172,0.25113133,False
582,0.32325,0.544,0.29698786,0.67449415,False
583,0.612,0.33675,0.6264487,0.45562252,True
584,0.21575,0.4145,0.17768371,0.5351201,False
585,0.42,0.21925,0.4031005,0.34881273,False
586,0.50925,0.53,0.5131164,0.6592249,False
587,0.16725,0.2735,0.120710224,0.39718676,False
588,0.1505,0.03125,0.09902736,0.16243516,False
589,0.16475,0.2755,0.11803725,0.39879093,False
590,0.87875,0.53625,0.9168836,0.66615295,True
591,0.316,0.6525,0.28765097,0.8392933,False
592,0.232,0.74375,0.19315937,1.0389525,False
593,0.257,0.91925,0.22308499,1.9043761,False
594,0.89975,0.81575,0.9347694,1.2473091,True
595,0.92525,0.661,0.9523134,0.8555922,True
596,0.8575,0.438,0.8973858,0.563998,True
597,0.65775,0.6745,0.6774293,0.8803309,True
598,0.61375,0.0725,0.62844765,0.21695445,True
599,0.497,0.642,0.49660903,0.81979144,False
600,0.3175,0.37175,0.29072878,0.49318498,False
601,0.2045,0.64375,0.16569124,0.822269,False
602,0.17975,0.62425,0.13286953,0.7858744,False
603,0.163,0.905,0.115785375,1.75578,False
604,0.18725,0.84875,0.141988,1.4113879,False
605,0.42975,0.997,0.41568398,12.17754,False
606,0.98575,0.03475,0.98883975,0.16707818,True
607,0.598,0.3865,0.61214346,0.50953496,True
608,0.486,0.48125,0.4834005,0.60793173,False
609,0.55675,0.3005,0.5685626,0.41945222,False
610,0.54425,0.20375,0.5533322,0.33596104,False
611,0.90625,0.919,0.94066423,1.9037414,True
612,0.29925,0.02475,0.27180886,0.15448074,False
613,0.11775,0.74825,0.067148186,1.05064,False
614,0.85075,0.1585,0.89116293,0.29945576,True
615,0.1285,0.0095,0.07728865,0.12864105,False
616,0.07525,0.10175,0.028622773,0.24716535,False
617,0.05375,0.32125,0.0140461745,0.4377769,False
618,0.06975,0.93925,0.023809062,2.2001429,False
619,0.8305,0.16075,0.8757545,0.3004589,True
620,0.763,0.41,0.79782,0.5316215,True
621,0.52875,0.15525,0.537097,0.29713726,False
622,0.3925,0.22125,0.36984858,0.3496506,False
623,0.16275,0.5475,0.115370736,0.6810484,False
624,0.1335,0.05225,0.082521506,0.19314452,False
625,0.1115,0.458,0.060809802,0.5846869,False
626,0.10325,0.762,0.052081704,1.0847265,False
627,0.10775,0.20825,0.05863745,0.33937228,False
628,0.396,0.7795,0.3727824,1.1368177,False
629,0.61625,0.836,0.6314531,1.3461238,True
630,0.205,0.86125,0.16654216,1.4570494,False
631,0.02275,0.411,0.0009208874,0.5322169,False
632,0.0095,0.7315,6.8055226e-05,1.0111612,False
633,0.0125,0.50525,0.000112551126,0.6331525,False
634,0.8445,0.885,0.8867539,1.6033945,True
635,0.45625,0.4455,0.44876778,0.57234824,False
636,0.34875,0.69475,0.3283046,0.92259693,False
637,0.98775,0.902,0.9899584,1.7269567,True
638,0.38675,0.683,0.36515397,0.89490604,False
639,0.5125,0.346,0.51807433,0.46375772,False
640,0.58325,0.4305,0.5975947,0.55274886,False
641,0.493,0.72575,0.49203596,0.9997582,False
642,0.331,0.30725,0.30646798,0.42501,False
643,0.359,0.3315,0.34175548,0.45022792,False
644,0.297,0.49625,0.26964802,0.62495625,False
645,0.344,0.75175,0.320623,1.0578561,False
646,0.90725,0.28525,0.9411602,0.40700775,True
647,0.66775,0.68825,0.68723726,0.9049251,True
648,0.2025,0.8015,0.16274479,1.2029643,False
649,0.25625,0.84175,0.22254045,1.3779901,False
650,0.24175,0.93125,0.2039092,2.0802429,False
651,0.17275,0.7585,0.12760423,1.0783612,False
652,0.13975,0.835,0.087413445,1.3386884,False
653,0.18225,0.8285,0.1359756,1.3080451,False
654,0.77625,0.978,0.81191856,4.4481554,True
655,0.6175,0.08875,0.6328276,0.23494665,True
656,0.94875,0.884,0.96614707,1.5964204,True
657,0.704,0.6025,0.72601706,0.7492532,True
658,0.30225,0.97075,0.27474502,3.4750931,False
659,0.03625,0.0765,0.004877728,0.22290799,False
660,0.02825,0.86225,0.0020798068,1.4602858,False
661,0.8155,0.25575,0.85804677,0.38235068,True
662,0.555,0.37625,0.5665885,0.49640012,False
663,0.683,0.4295,0.7034663,0.55217594,True
664,0.33875,0.28125,0.3146265,0.40426916,False
665,0.55725,0.17375,0.56955147,0.31137618,False
666,0.31525,0.5225,0.2873317,0.6513687,False
667,0.187,0.07525,0.14138974,0.22002287,False
668,0.1885,0.25325,0.14451723,0.38025996,False
669,0.253,0.49575,0.21760106,0.62385976,False
670,0.279,0.1165,0.24836968,0.26050887,False
671,0.292,0.27875,0.2647831,0.40152502,False
672,0.293,0.7725,0.2655148,1.1164881,False
673,0.326,0.64425,0.30047578,0.8234925,False
674,0.2865,0.222,0.2573353,0.35029608,False
675,0.34175,0.254,0.31820643,0.38130832,False
676,0.2345,0.11475,0.194751,0.25834528,False
677,0.27825,0.88325,0.24787146,1.594288,False
678,0.58,0.05275,0.59482807,0.19394405,False
679,0.2565,0.1385,0.22254623,0.28468734,False
680,0.3335,0.3665,0.30855173,0.48903814,False
681,0.14325,0.24875,0.09144039,0.37548128,False
682,0.0865,0.05825,0.036862906,0.1999952,False
683,0.06725,0.17325,0.022438906,0.31105563,False
684,0.0185,0.22025,0.00057096017,0.34928483,False
685,0.69075,0.49075,0.71410686,0.61863285,True
686,0.31025,0.519,0.28382185,0.6490427,False
687,0.28125,0.17975,0.25161117,0.31595317,False
688,0.252,0.3225,0.21662144,0.4400505,False
689,0.24775,0.5855,0.21060169,0.7281592,False
690,0.234,0.28,0.19455317,0.4023722,False
691,0.79125,0.19475,0.8292688,0.32910872,True
692,0.99725,0.0775,0.9973091,0.22376984,True
693,0.4445,0.36625,0.43477184,0.48896033,False
694,0.65425,0.43025,0.67290944,0.5526883,True
695,0.16425,0.67875,0.11730195,0.88874537,False
696,0.495,0.49525,0.49408138,0.6228128,False
697,0.85025,0.28025,0.890872,0.40245175,True
698,0.09225,0.41175,0.041159503,0.53265905,False
699,0.083,0.0995,0.03445944,0.24574625,False
700,0.131,0.44175,0.07916604,0.56875885,False
701,0.56,0.34725,0.57463616,0.46762562,False
702,0.63175,0.781,0.64586526,1.1400491,True
703,0.5555,0.60225,0.56773543,0.74859166,False
704,0.4505,0.816,0.44125548,1.2505108,False
705,0.315,0.93375,0.28732502,2.1260304,False
706,0.63975,0.4375,0.6530257,0.5632324,True
707,0.39225,0.19675,0.36945462,0.33027595,False
708,0.09375,0.175,0.042921674,0.31213644,False
709,0.42625,0.31075,0.4087801,0.42739514,False
710,0.10425,0.401,0.0531223,0.52313846,False
711,0.5595,0.64675,0.57446665,0.8275924,False
712,0.1905,0.87225,0.14831343,1.5161791,False
713,0.8255,0.5315,0.870073,0.6602156,True
714,0.9955,0.6155,0.99590963,0.76901114,True
715,0.17325,0.8405,0.12809542,1.3680243,False
716,0.0385,0.4055,0.0057168044,0.52747256,False
717,0.08925,0.0345,0.039165404,0.16705774,False
718,0.157,0.09325,0.1055358,0.24027239,False
719,0.07175,0.4345,0.02519369,0.5581628,False
720,0.06225,0.2305,0.019262943,0.35925332,False
721,0.06475,0.817,0.02075078,1.2553788,False
722,0.059,0.34425,0.017462242,0.46163636,False
723,0.32775,0.744,0.30360144,1.0395839,False
724,0.1645,0.8915,0.1176879,1.6372607,False
725,0.188,0.8305,0.14347242,1.3143227,False
726,0.12325,0.03225,0.07376006,0.16381541,False
727,0.40475,0.81275,0.3828238,1.2360902,False
728,0.79025,0.525,0.8280069,0.6546491,True
729,0.788,0.84675,0.8261777,1.4000944,True
730,0.589,0.37575,0.60331863,0.49625286,False
731,0.82375,0.28925,0.8675338,0.4108626,True
732,0.391,0.4515,0.3687925,0.5781441,False
733,0.97875,0.11175,0.9844189,0.2564708,True
734,0.08075,0.4915,0.0330594,0.61884856,False
735,0.571,0.16425,0.58620954,0.30325776,False
736,0.1965,0.886,0.15560512,1.609298,False
737,0.58225,0.59875,0.5963803,0.74342006,False
738,0.30775,0.6635,0.28099525,0.8608567,False
739,0.2135,0.513,0.17559725,0.64116096,False
740,0.34425,0.74975,0.32113537,1.0542784,False
741,0.6665,0.602,0.68585855,0.74774957,True
742,0.5485,0.83975,0.557678,1.3642062,False
743,0.35175,0.97,0.33259106,3.4137647,False
744,0.98825,0.5065,0.99036884,0.6345567,True
745,0.847,0.3275,0.8874005,0.44469383,True
746,0.556,0.54425,0.5677899,0.6754282,False
747,0.4775,0.5295,0.47415122,0.6591004,False
748,0.1095,0.3965,0.05981319,0.5187464,False
749,0.0105,0.15875,7.683142e-05,0.29980826,False
750,0.84675,0.61875,0.8873989,0.7780546,True
751,0.905,0.674,0.93961495,0.87898153,True
752,0.849,0.81075,0.88932896,1.2310035,True
753,0.73525,0.46775,0.76438075,0.59426785,True
754,0.55575,0.1445,0.56778854,0.2898478,False
755,0.33375,0.3845,0.30861253,0.5060838,False
756,0.2355,0.72425,0.19527635,0.9952648,False
757,0.3935,0.08975,0.370576,0.2367819,False
758,0.786,0.0315,0.8235849,0.16301148,True
759,0.4465,0.5715,0.43681505,0.7123819,False
760,0.771,0.2525,0.80630237,0.37935096,True
761,0.16575,0.09525,0.119533464,0.24138941,False
762,0.14675,0.10025,0.095343865,0.24627228,False
763,0.101,0.32275,0.04995207,0.44016328,False
764,0.148,0.00375,0.09618408,0.09623294,False
765,0.7665,0.57675,0.80159587,0.7177266,True
766,0.53825,0.878,0.5477899,1.5541443,False
767,0.98325,0.50725,0.98645145,0.63515455,True
768,0.45875,0.81975,0.45052606,1.266301,False
769,0.4795,0.748,0.4775878,1.0506195,False
770,0.244,0.95525,0.20705916,2.5943778,False
771,0.85575,0.9555,0.89525145,2.597589,True
772,0.8905,0.84125,0.92682004,1.3711284,True
773,0.8645,0.404,0.90379155,0.52503085,True
774,0.414,0.04075,0.39348412,0.17829534,False
775,0.23625,0.129,0.19626625,0.2775871,False
776,0.464,0.874,0.45572302,1.5312555,False
777,0.96875,0.811,0.9770457,1.231467,True
778,0.93675,0.566,0.95966554,0.7037689,True
779,0.09075,0.362,0.040296137,0.48553583,False
780,0.10725,0.88675,0.05706801,1.6116732,False
781,0.92775,0.7595,0.95335764,1.0805937,True
782,0.94725,0.69525,0.96529466,0.92310876,True
783,0.26025,0.804,0.2278032,1.2100599,False
784,0.31425,0.2725,0.28695595,0.39629135,False
785,0.861,0.14175,0.9010475,0.28835574,True
786,0.9385,0.00975,0.96037835,0.12869449,True
787,0.1125,0.514,0.061538115,0.6425491,False
788,0.0915,0.67775,0.040607236,0.8867748,False
789,0.797,0.953,0.8385737,2.5273898,True
790,0.429,0.97475,0.41480064,4.119659,False
791,0.64425,0.363,0.6590108,0.48650897,True
792,0.49975,0.10775,0.49965426,0.25254944,False
793,0.6055,0.174,0.6183377,0.31140813,True
794,0.651,0.1135,0.66805065,0.25765195,True
795,0.4385,0.55425,0.42820126,0.69090235,False
796,0.4005,0.541,0.37686917,0.6708105,False
797,0.03575,0.22875,0.004586573,0.35750806,False
798,0.0035,0.2095,6.3973016e-07,0.3398765,False
799,0.468,0.82975,0.45970395,1.3103155,False
800,0.20225,0.96525,0.16272177,3.031592,False
801,0.71375,0.78375,0.7389265,1.1466014,True
802,0.60175,0.69875,0.6148157,0.92992634,True
803,0.0875,0.48225,0.03762606,0.6094942,False
804,0.1765,0.188,0.13020393,0.32202977,False
805,0.4085,0.681,0.3870176,0.8919244,False
806,0.0155,0.0335,0.00043022653,0.16668901,False
807,0.01225,0.507,9.042607e-05,0.63505894,False
808,0.013,0.33475,0.00012798113,0.45316178,False
809,0.016,0.78575,0.0004565893,1.1558286,False
810,0.87775,0.77475,0.9162507,1.1219486,True
811,0.5475,0.32725,0.55629766,0.4438644,False
812,0.7445,0.1895,0.7773797,0.3231971,True
813,0.27525,0.20075,0.2450176,0.33338007,False
814,0.372,0.18725,0.35341987,0.32170388,False
815,0.8805,0.68375,0.91838354,0.89799803,True
816,0.748,0.00775,0.7812189,0.12268603,True
817,0.6235,0.4595,0.6387344,0.58605915,True
818,0.654,0.1655,0.67247385,0.30465552,True
819,0.74975,0.04525,0.78265435,0.18301155,True
820,0.58625,0.02075,0.59987414,0.15086235,False
821,0.9495,0.23225,0.9663063,0.361472,True
822,0.701,0.00175,0.72399217,0.08333923,True
823,0.373,0.54725,0.3536622,0.680622,False
824,0.8845,0.6845,0.9210572,0.89951646,True
825,0.0525,0.85925,0.012729666,1.4474189,False
826,0.743,0.76125,0.77362204,1.084202,True
827,0.45425,0.84025,0.445724,1.367741,False
828,0.35675,0.79675,0.33895236,1.1875737,False
829,0.2225,0.631,0.1839352,0.7977532,False
830,0.793,0.1925,0.8322306,0.32624912,True
831,0.26675,0.55625,0.23530705,0.69290525,False
832,0.0395,0.295,0.005947088,0.41622496,False
833,0.02725,0.33375,0.0017754962,0.45212853,False
834,0.031,0.46075,0.0030486265,0.5871062,False
835,0.03175,0.084,0.0032603766,0.2303921,False
836,0.943,0.849,0.9625977,1.4118197,True
837,0.69525,0.486,0.7192185,0.6133409,True
838,0.984,0.88475,0.9871806,1.6023338,True
839,0.981,0.391,0.9855321,0.5125306,True
840,0.408,0.8055,0.38657355,1.2160594,False
841,0.932,0.67075,0.9562492,0.87313884,True
842,0.65325,0.07975,0.67124355,0.22514789,True
843,0.69575,0.0985,0.71935093,0.24484639,True
844,0.74775,0.49425,0.7809356,0.6221679,True
845,0.34825,0.359,0.32801625,0.4830156,False
846,0.04025,0.386,0.0064553646,0.5086116,False
847,0.90425,0.9235,0.938766,1.9618915,True
848,0.9195,0.94575,0.9492174,2.2908065,True
849,0.77325,0.9375,0.8087701,2.1829252,True
850,0.7285,0.90475,0.75721234,1.7515119,True
851,0.33575,0.21475,0.31047273,0.34537876,False
852,0.54475,0.52175,0.5539759,0.6506213,False
853,0.18375,0.9335,0.13761586,2.1245296,False
854,0.63225,0.805,0.64606935,1.2136372,True
855,0.33325,0.249,0.30839393,0.375523,False
856,0.89375,0.79075,0.92978716,1.1683472,True
857,0.673,0.2855,0.69276536,0.40705684,True
858,0.7455,0.27075,0.7783464,0.39505738,True
859,0.094,0.5375,0.042992465,0.6674297,False
860,0.15775,0.66375,0.10611939,0.86086124,False
861,0.3805,0.3055,0.35973644,0.42400968,False
862,0.178,0.54775,0.13074759,0.68192333,False
863,0.2475,0.52225,0.2104396,0.65121543,False
864,0.6075,0.151,0.62149906,0.29415366,True
865,0.4685,0.83225,0.46029732,1.3260068,False
866,0.833,0.6375,0.8772935,0.8105418,True
867,0.46725,0.8845,0.45893785,1.6016854,False
868,0.60875,0.66525,0.623756,0.86274797,True
869,0.18925,0.95,0.14623593,2.4469683,False
870,0.9655,0.65025,0.97572315,0.8356525,True
871,0.19475,0.0755,0.15431209,0.22020689,False
872,0.996,0.0155,0.9962889,0.14001471,True
873,0.72175,0.07375,0.7493574,0.21866135,True
874,0.5415,0.16525,0.5506954,0.30463704,False
875,0.49175,0.193,0.49032056,0.32744947,False
876,0.448,0.90925,0.43864903,1.7913036,False
877,0.98925,0.77125,0.9909568,1.1071974,True
878,0.85975,0.32575,0.8996173,0.4422682,True
879,0.5195,0.0195,0.5249926,0.14948072,False
880,0.3795,0.68125,0.35918313,0.8924316,False
881,0.23525,0.2505,0.19503696,0.37781096,False
882,0.58575,0.20175,0.59985876,0.33384582,False
883,0.738,0.785,0.7671098,1.1522467,True
884,0.56475,0.7605,0.5808646,1.0832232,False
885,0.878,0.85975,0.9167652,1.4500287,True
886,0.3705,0.70225,0.35243914,0.93915504,False
887,0.265,0.6395,0.23319972,0.81251156,False
888,0.202,0.15375,0.16253136,0.2960907,False
889,0.0665,0.1955,0.02183048,0.32942167,False
890,0.085,0.73025,0.03579322,1.0092291,False
891,0.3115,0.60575,0.28450078,0.75438255,False
892,0.50225,0.99425,0.50487864,10.504772,False
893,0.97025,0.67825,0.97800744,0.88810223,True
894,0.66725,0.29,0.68675745,0.4112666,True
895,0.942,0.34175,0.9620516,0.4600611,True
896,0.68825,0.7395,0.71089846,1.0317962,True
897,0.625,0.29475,0.64034086,0.4159212,True
898,0.28025,0.82825,0.25009838,1.3063422,False
899,0.9625,0.80775,0.97441894,1.2219142,True
900,0.73775,0.58275,0.7671027,0.725113,True
901,0.522,0.31925,0.5280665,0.4353749,False
902,0.5995,0.1365,0.61343104,0.2829839,True
903,0.68875,0.65875,0.71105707,0.8516803,True
904,0.551,0.89875,0.562452,1.7065047,False
905,0.946,0.67125,0.96449196,0.8738373,True
906,0.8625,0.991,0.90249634,9.632559,True
907,0.379,0.1105,0.35822982,0.2559911,False
908,0.99275,0.26475,0.99333006,0.3889427,True
909,0.3955,0.23125,0.3722556,0.35998338,False
910,0.15975,0.18625,0.10856463,0.3208695,False
911,0.14925,0.3455,0.09785839,0.4635758,False
912,0.078,0.4435,0.030711532,0.57044023,False
913,0.089,0.3175,0.038865633,0.43379384,False
914,0.98275,0.92925,0.98638946,2.0616865,True
915,0.6725,0.706,0.69205296,0.95119774,True
916,0.6165,0.8875,0.63215464,1.6149298,True
917,0.77375,0.758,0.8091869,1.0747961,True
918,0.528,0.4625,0.53653646,0.5883076,False
919,0.885,0.89575,0.92119676,1.6863092,True
920,0.6715,0.38775,0.6915406,0.51037824,True
921,0.78875,0.77,0.82631576,1.1019166,True
922,0.342,0.352,0.31822202,0.47415006,False
923,0.39075,0.52825,0.36874074,0.6578384,False
924,0.48975,0.072,0.48664135,0.21614327,False
925,0.73625,0.159,0.7651842,0.2998979,True
926,0.50675,0.205,0.50950646,0.33651724,False
927,0.68125,0.018,0.7016345,0.14574222,True
928,0.2395,0.69925,0.20125698,0.9307463,False
929,0.22125,0.53025,0.18206285,0.6592398,False
930,0.2235,0.4065,0.18459228,0.52845556,False
931,0.99175,0.38525,0.9928542,0.50727475,True
932,0.8095,0.79225,0.8529578,1.1741083,True
933,0.597,0.4845,0.6098336,0.6120313,True
934,0.44925,0.11,0.4404763,0.25563595,False
935,0.992,0.599,0.99298763,0.7436978,True
936,0.72475,0.80075,0.7550171,1.1994151,True
937,0.3435,0.86375,0.31934294,1.4636968,False
938,0.46875,0.5035,0.46080324,0.6316199,False
939,0.3455,0.36875,0.32375106,0.49125165,False
940,0.77425,0.36925,0.8102371,0.49134886,True
941,0.7195,0.34975,0.7468577,0.4721172,True
942,0.67325,0.7075,0.6931966,0.95492965,True
943,0.9,0.72975,0.93496007,1.0071809,True
944,0.4875,0.0405,0.48434028,0.17623231,False
945,0.84325,0.85,0.8862624,1.4148022,True
946,0.78925,0.2825,0.82721645,0.404567,True
947,0.46,0.70275,0.45229256,0.9410289,False
948,0.49325,0.868,0.49211502,1.4890773,False
949,0.9115,0.1145,0.94387865,0.25830755,True
950,0.29,0.7285,0.26073626,1.004992,False
951,0.161,0.7275,0.11269567,1.0027469,False
952,0.66225,0.623,0.68208814,0.7837241,True
953,0.5165,0.929,0.5219808,2.0439954,False
954,0.32675,0.552,0.3028907,0.68703604,False
955,0.29675,0.58675,0.26920727,0.7290263,False
956,0.295,0.515,0.26803985,0.64350367,False
957,0.22225,0.63325,0.18326698,0.80102545,False
958,0.6625,0.94875,0.6826636,2.3754573,True
959,0.392,0.98475,0.3692877,6.531468,False
960,0.18825,0.3635,0.14387874,0.48732698,False
961,0.08575,0.1475,0.036403503,0.29141036,False
962,0.03075,0.555,0.0027934297,0.69180834,False
963,0.0265,0.14425,0.0017155623,0.28982383,False
964,0.37,0.9725,0.35216567,3.7689857,False
965,0.543,0.667,0.5523841,0.8657938,False
966,0.49225,0.9605,0.49088824,2.8427258,False
967,0.88675,0.97775,0.9225784,4.3816085,True
968,0.65125,0.40975,0.6681107,0.53142166,True
969,0.6265,0.45975,0.6419477,0.58609533,True
970,0.533,0.291,0.540147,0.41286793,False
971,0.106,0.8275,0.055201206,1.3028595,False
972,0.07225,0.265,0.025429422,0.38896558,False
973,0.538,0.46475,0.54762655,0.5901329,False
974,0.273,0.71525,0.24201009,0.9774261,False
975,0.30125,0.17475,0.27367538,0.31204423,False
976,0.111,0.51975,0.060608618,0.6494703,False
977,0.12275,0.325,0.072631024,0.44188586,False
978,0.52625,0.33075,0.5329997,0.44915882,False
979,0.0905,0.15975,0.040213253,0.30014196,False
980,0.66575,0.416,0.68447435,0.53650725,True
981,0.25175,0.1275,0.21600026,0.2747941,False
982,0.75025,0.793,0.78331083,1.1774986,True
983,0.27075,0.38025,0.24060056,0.5004278,False
984,0.133,0.3725,0.0811391,0.4940749,False
985,0.14775,0.94525,0.09584744,2.285972,False
986,0.9945,0.7565,0.994859,1.0716927,True
987,0.63025,0.049,0.6444888,0.18964691,True
988,0.5005,0.15725,0.50030696,0.29920566,False
989,0.38775,0.168,0.3658049,0.3059631,False
990,0.41025,0.092,0.38992852,0.23878968,False
991,0.78175,0.673,0.8179399,0.87607616,True
992,0.2405,0.96125,0.20261611,2.8522925,False
993,0.24875,0.984,0.21189265,6.34932,False
994,0.86325,0.713,0.9032688,0.96753913,True
995,0.8435,0.30975,0.88627607,0.4271383,True
996,0.608,0.5735,0.6227963,0.7141757,True
997,0.3575,0.0035,0.33960927,0.09464767,False
998,0.40825,0.62075,0.3868226,0.78119534,False
999,0.21825,0.626,0.18034707,0.7883766,False
1000,0.65025,0.62875,0.66672075,0.7918131,True
1001,0.8285,0.35425,0.87294406,0.47681803,True
1002,0.06075,0.24425,0.018429361,0.37205163,False
1003,0.4125,0.35325,0.39116162,0.4761364,False
1004,0.376,0.35775,0.3556213,0.48084453,False
1005,0.32925,0.42225,0.30516014,0.5434612,False
1006,0.366,0.056,0.34794563,0.19775473,False
1007,0.52075,0.41925,0.52560854,0.5399079,False
1008,0.1715,0.08575,0.12618642,0.23197524,False
1009,0.66375,0.7665,0.68338704,1.0945601,True
1010,0.557,0.60675,0.5693099,0.7554829,False
1011,0.3305,0.666,0.30625343,0.8648467,False
1012,0.45525,0.66275,0.44768313,0.86002785,False
1013,0.3775,0.6275,0.35691226,0.78912556,False
1014,0.45225,0.3995,0.44305444,0.5218991,False
1015,0.424,0.43075,0.4079081,0.55280924,False
1016,0.07025,0.54125,0.024070458,0.6710808,False
1017,0.2955,0.39125,0.26845613,0.512626,False
1018,0.076,0.58425,0.028881121,0.7271999,False
1019,0.04525,0.047,0.0085680215,0.18645574,False
1020,0.07,0.019,0.023817549,0.14828928,False
1021,0.03275,0.589,0.003587562,0.730103,False
1022,0.40375,0.3565,0.37991378,0.47954288,False
1023,0.0485,0.57575,0.010201366,0.7165851,False
1024,0.904,0.518,0.9387547,0.64840394,True
1025,0.70475,0.31625,0.72795933,0.43309304,True
1026,0.536,0.821,0.5452726,1.2745166,False
1027,0.667,0.8545,0.6859574,1.4358206,True
1028,0.51875,0.73425,0.5241477,1.0158988,False
1029,0.84475,0.92525,0.8867744,1.9860585,True
1030,0.79875,0.1575,0.84010935,0.29920653,True
1031,0.7475,0.04675,0.7796666,0.18570335,True
1032,0.64625,0.09225,0.66233796,0.23887302,True
1033,0.21225,0.58125,0.17376567,0.72402763,False
1034,0.24625,0.1325,0.20863187,0.2799678,False
1035,0.8205,0.41125,0.8640788,0.5325765,True
1036,0.64,0.56925,0.65312046,0.70941395,True
1037,0.384,0.8815,0.36187676,1.5772517,False
1038,0.95925,0.96225,0.97280735,2.8794727,True
1039,0.757,0.9265,0.78981197,1.9934049,True
1040,0.92975,0.502,0.955389,0.6301106,True
1041,0.83525,0.5255,0.8803154,0.6553913,True
1042,0.57,0.7555,0.58543754,1.0702386,False
1043,0.65225,0.5815,0.6690152,0.7243493,True
1044,0.3565,0.8175,0.33895203,1.2561297,False
1045,0.195,0.5415,0.15444161,0.6712599,False
1046,0.2745,0.851,0.24361785,1.4191834,False
1047,0.09725,0.93975,0.04586944,2.2087872,False
1048,0.44,0.701,0.42973903,0.93579334,False
1049,0.454,0.96425,0.44516322,2.9815044,False
1050,0.9465,0.87525,0.9646738,1.538287,True
1051,0.237,0.95625,0.19706786,2.6475818,False
1052,0.3505,0.07425,0.3303962,0.2190301,False
1053,0.94475,0.69625,0.9635631,0.9243622,True
1054,0.87025,0.6955,0.9088126,0.9234886,True
1055,0.80275,0.00575,0.84523255,0.11215185,True
1056,0.76075,0.059,0.7955726,0.20157038,True
1057,0.859,0.489,0.89867544,0.61612463,True
1058,0.883,0.938,0.9199118,2.1955144,True
1059,0.554,0.32825,0.5648152,0.44581765,False
1060,0.61675,0.3925,0.63237643,0.5131547,True
1061,0.23725,0.03,0.19738242,0.1619043,False
1062,0.5105,0.32625,0.5139901,0.4429492,False
1063,0.13725,0.38625,0.08527068,0.5094595,False
1064,0.72725,0.33,0.75680184,0.4477769,True
1065,0.699,0.01225,0.7219956,0.13400337,True
1066,0.41125,0.00025,0.3903385,0.06888097,False
1067,0.794,0.7325,0.8338173,1.0121909,True
1068,0.31225,0.338,0.2850305,0.45720688,False
1069,0.121,0.1215,0.07024578,0.26809365,False
1070,0.10575,0.54525,0.05447524,0.67801815,False
1071,0.0305,0.9245,0.002683651,1.9764644,False
1072,0.8545,0.7085,0.8938083,0.95828176,True
1073,0.92075,0.35275,0.9494872,0.4755975,True
1074,0.6645,0.0245,0.6836614,0.15429398,True
1075,0.509,0.43875,0.5122784,0.56479335,False
1076,0.31325,0.4855,0.28653345,0.6124952,False
1077,0.24525,0.22325,0.20814247,0.35209042,False
1078,0.147,0.6655,0.09553361,0.86294067,False
1079,0.023,0.3915,0.0009525391,0.51273715,False
1080,0.0255,0.12875,0.0014428515,0.27716392,False
1081,0.8525,0.1195,0.89253694,0.26465836,True
1082,0.89,0.16375,0.92593575,0.30283275,True
1083,0.57975,0.21825,0.5947082,0.3478075,False
1084,0.63575,0.48625,0.64983207,0.6138578,True
1085,0.3085,0.48975,0.28259373,0.6171159,False
1086,0.41775,0.689,0.3991216,0.90684927,False
1087,0.38975,0.216,0.36787,0.34610015,False
1088,0.777,0.7835,0.81273293,1.1465188,True
1089,0.99625,0.988,0.9965577,8.460583,True
1090,0.181,0.717,0.1349603,0.9823379,False
1091,0.10175,0.679,0.050758634,0.88931495,False
1092,0.5815,0.9255,0.59579,1.9863088,False
1093,0.196,0.7965,0.15542173,1.18743,False
1094,0.51575,0.8805,0.5206041,1.5721787,False
1095,0.17925,0.3485,0.13206151,0.470122,False
1096,0.204,0.07075,0.16497824,0.21481217,False
1097,0.59675,0.672,0.6097545,0.87471586,True
1098,0.537,0.743,0.54628444,1.0368657,False
1099,0.26525,0.97925,0.23326673,4.7129626,False
1100,0.721,0.76975,0.7483505,1.1005386,True
1101,0.40675,0.50175,0.38483354,0.63001865,False
1102,0.57825,0.499,0.5933297,0.62650496,False
1103,0.41325,0.8605,0.3925621,1.4530935,False
1104,0.75475,0.68625,0.7879044,0.9021334,True
1105,0.57875,0.37925,0.59396124,0.49912792,False
1106,0.89775,0.38575,0.9325824,0.5085869,True
1107,0.042,0.287,0.0074786115,0.4079394,False
1108,0.24925,0.92475,0.21242033,1.982548,False
1109,0.056,0.99225,0.015239412,10.1528845,False
1110,0.03675,0.97375,0.0052394327,3.9653652,False
1111,0.9875,0.41225,0.98987466,0.5328593,True
1112,0.69225,0.697,0.716094,0.92633885,True
1113,0.18025,0.5745,0.13353758,0.7147414,False
1114,0.12125,0.66075,0.0703529,0.8552807,False
1115,0.04325,0.0185,0.007792461,0.1470176,False
1116,0.037,0.221,0.0052724946,0.34963235,False
1117,0.041,0.485,0.006763367,0.6120791,False
1118,0.01175,0.36175,8.517563e-05,0.4854783,False
1119,0.938,0.324,0.96021754,0.4413703,True
1120,0.53725,0.389,0.5465639,0.5109284,False
1121,0.25125,0.0115,0.21461253,0.13275343,False
1122,0.26725,0.1345,0.23575307,0.28187275,False
1123,0.818,0.928,0.8619631,2.0375352,True
1124,0.63325,0.56875,0.64760655,0.7088372,True
1125,0.35875,0.09125,0.3409883,0.23870985,False
1126,0.2935,0.13075,0.26613802,0.27874103,False
1127,0.18275,0.04175,0.13661173,0.17986204,False
1128,0.21525,0.1545,0.17724746,0.29631922,False
1129,0.8555,0.9115,0.8951985,1.8073987,True
1130,0.628,0.0625,0.642407,0.20630753,True
1131,0.5455,0.2115,0.5551168,0.34129566,False
1132,0.482,0.32875,0.48086786,0.44666556,False
1133,0.435,0.89375,0.42416242,1.6597604,False
1134,0.034,0.77425,0.004275138,1.1215457,False
1135,0.7715,0.08925,0.8066977,0.23560908,True
1136,0.5515,0.614,0.56294554,0.7676548,False
1137,0.8345,0.1065,0.8785962,0.2515968,True
1138,0.90075,0.32975,0.93549764,0.44770047,True
1139,0.2425,0.21175,0.20518506,0.34131354,False
1140,0.23125,0.329,0.19287664,0.44715747,False
1141,0.08425,0.07325,0.0355122,0.21819778,False
1142,0.05175,0.3625,0.012492641,0.48602384,False
1143,0.36625,0.64975,0.34819925,0.83403033,False
1144,0.37625,0.55825,0.3558109,0.6957079,False
1145,0.61775,0.427,0.63285977,0.549408,True
1146,0.23375,0.96475,0.19437467,3.0179944,False
1147,0.9425,0.9315,0.9623046,2.0832717,True
1148,0.7845,0.27775,0.8212636,0.40013498,True
1149,0.71125,0.0455,0.7362655,0.1831068,True
1150,0.27375,0.1035,0.24294882,0.24933057,False
1151,0.01425,0.024,0.00024503117,0.15392831,False
1152,0.01325,0.529,0.00015588207,0.65888935,False
1153,0.0065,0.1775,1.5824213e-05,0.31433046,False
1154,0.964,0.567,0.97517115,0.70647454,True
1155,0.52575,0.8745,0.53263396,1.5335871,False
1156,0.383,0.8475,0.3613312,1.4026161,False
1157,0.666,0.75275,0.6851964,1.0625138,True
1158,0.58025,0.9545,0.5948646,2.5677419,False
1159,0.451,0.88225,0.44159544,1.5852673,False
1160,0.55875,0.9975,0.57266575,12.414898,False
1161,0.73275,0.4895,0.76116043,0.6165332,True
1162,0.447,0.4725,0.43712166,0.59901476,False
1163,0.613,0.09425,0.627904,0.24103051,True
1164,0.16325,0.63075,0.115831204,0.7974712,False
1165,0.176,0.023,0.1298512,0.15280615,False
1166,0.22575,0.9015,0.18725438,1.7186188,False
1167,0.86275,0.21225,0.9026114,0.3423774,True
1168,0.488,0.826,0.48474446,1.297125,False
1169,0.5405,0.298,0.548928,0.41774303,False
1170,0.6305,0.04725,0.64449227,0.18651855,True
1171,0.07375,0.12975,0.02713032,0.27825332,False
1172,0.994,0.64825,0.99396324,0.8292876,True
1173,0.6815,0.052,0.70206314,0.1928405,True
1174,0.5525,0.24175,0.56398255,0.37020722,False
1175,0.428,0.2365,0.41261634,0.36620596,False
1176,0.92,0.941,0.94926,2.2211607,True
1177,0.32125,0.734,0.29400495,1.0146999,False
1178,0.1515,0.838,0.100047186,1.3584579,False
1179,0.17475,0.79475,0.12878428,1.1827898,False
1180,0.45025,0.889,0.44109476,1.6230875,False
1181,0.56525,0.76625,0.581205,1.0941077,False
1182,0.588,0.5205,0.60184115,0.64991575,False
1183,0.26075,0.17425,0.22820745,0.31190115,False
1184,0.28475,0.33175,0.25563905,0.45061162,False
1185,0.281,0.40525,0.25125486,0.5272698,False
1186,0.432,0.05525,0.41908392,0.19661115,False
1187,0.752,0.0845,0.78589225,0.231002,True
1188,0.0825,0.5995,0.03379924,0.74393624,False
1189,0.14025,0.5165,0.08755569,0.6448553,False
1190,0.97625,0.622,0.98330355,0.78236336,True
1191,0.43875,0.79325,0.42843378,1.1783534,False
1192,0.1805,0.9345,0.1337093,2.130016,False
1193,0.18775,0.982,0.14338863,5.662811,False
1194,0.48875,0.7915,0.48504734,1.1696309,False
1195,0.8815,0.90725,0.91926634,1.7745738,True
1196,0.692,0.57175,0.7151202,0.71281105,True
1197,0.05675,0.995,0.016250761,11.044851,False
1198,0.46175,0.35525,0.45476216,0.47812474,False
1199,0.1835,0.312,0.13726865,0.42824578,False
1200,0.6325,0.76325,0.64632607,1.0873103,True
1201,0.8395,0.88025,0.8841152,1.5720795,True
1202,0.586,0.89125,0.59987086,1.6371568,False
1203,0.5505,0.9185,0.5618534,1.8978646,False
1204,0.84225,0.88575,0.88622797,1.6086718,True
1205,0.6125,0.3305,0.6272132,0.44865802,True
1206,0.86525,0.47,0.90446514,0.59680265,True
1207,0.452,0.097,0.44302422,0.24245173,False
1208,0.39525,0.84775,0.37218133,1.4026204,False
1209,0.9555,0.891,0.97030985,1.6369742,True
1210,0.496,0.91375,0.49638805,1.8474523,False
1211,0.6705,0.93225,0.6909773,2.1045911,True
1212,0.99925,0.898,0.99980956,1.7016912,True
1213,0.90375,0.7495,0.9385668,1.0540155,True
1214,0.2105,0.34675,0.17255133,0.46561876,False
1215,0.22025,0.493,0.18155846,0.62047845,False
1216,0.20575,0.211,0.16803423,0.34095004,False
1217,0.82,0.4385,0.86340284,0.5644883,True
1218,0.72875,0.82725,0.7573084,1.2998699,True
1219,0.99375,0.52775,0.9938161,0.6574207,True
1220,0.06625,0.818,0.021773458,1.2580101,False
1221,0.062,0.97525,0.019225953,4.131471,False
1222,0.63875,0.18675,0.6526835,0.32132435,True
1223,0.57925,0.16,0.5941019,0.30025673,False
1224,0.34075,0.0655,0.31658474,0.20916724,False
1225,0.4785,0.2635,0.47640586,0.3884725,False
1226,0.471,0.0105,0.46368483,0.13077399,False
1227,0.867,0.6675,0.9056821,0.8662545,True
1228,0.6615,0.49975,0.68130666,0.6282576,True
1229,0.46475,0.15925,0.45637628,0.30000192,False
1230,0.58525,0.31475,0.59866905,0.43103024,False
1231,0.4315,0.21975,0.41889867,0.3491136,False
1232,0.11975,0.62475,0.069587275,0.78640103,False
1233,0.9795,0.8865,0.9847165,1.6111537,True
1234,0.756,0.921,0.78913,1.9332,True
1235,0.69375,0.827,0.7179355,1.2990209,True
1236,0.987,0.7675,0.98945504,1.0950236,True
1237,0.79,0.9865,0.82781714,7.753803,True
1238,0.89225,0.91025,0.9289631,1.7953297,True
1239,0.92025,0.8645,0.9493468,1.4692144,True
1240,0.7575,0.42,0.790254,0.5410821,True
1241,0.7045,0.39575,0.7279086,0.5173962,True
1242,0.80075,0.234,0.8428833,0.3625247,True
1243,0.46675,0.4975,0.45877525,0.62566817,False
1244,0.3,0.952,0.27223328,2.5004547,False
1245,0.72375,0.3015,0.7529288,0.4208054,True
1246,0.4855,0.238,0.48295897,0.3669178,False
1247,0.505,0.2665,0.5077655,0.39013487,False
1248,0.29425,0.148,0.26703104,0.291567,False
1249,0.62975,0.823,0.6441235,1.2815942,True
1250,0.74425,0.59575,0.77716744,0.73837495,True
1251,0.5935,0.943,0.60690105,2.2452114,True
1252,0.93175,0.678,0.9558579,0.8867881,True
1253,0.8295,0.42875,0.8743275,0.55078983,True
1254,0.95425,0.17075,0.9694096,0.30801854,True
1255,0.75,0.23325,0.7828293,0.36235982,True
1256,0.403,0.5825,0.37899044,0.7248774,False
1257,0.806,0.87125,0.8480676,1.5072303,True
1258,0.74075,0.103,0.77082056,0.24846739,True
1259,0.95825,0.90875,0.97191733,1.790012,True
1260,0.5685,0.75375,0.584419,1.0654072,False
1261,0.8775,0.319,0.9162358,0.43521327,True
1262,0.39325,0.1905,0.37037727,0.32435074,False
1263,0.78775,0.24975,0.8258148,0.37668666,True
1264,0.33475,0.153,0.30954793,0.29585606,False
1265,0.53525,0.76775,0.54325765,1.0962098,False
1266,0.317,0.0885,0.28869417,0.23490259,False
1267,0.5365,0.8615,0.546262,1.4583092,False
1268,0.57025,0.58725,0.5858439,0.7293125,False
1269,0.23775,0.83675,0.19820246,1.3524854,False
1270,0.29325,0.83625,0.2660181,1.347334,False
1271,0.47375,0.24325,0.46567833,0.37114754,False
1272,0.755,0.7535,0.7879997,1.0651373,True
1273,0.87275,0.83,0.91106105,1.3118026,True
1274,0.3715,0.97125,0.35283917,3.5380669,False
1275,0.91725,0.87625,0.94801146,1.543966,True
1276,0.5305,0.59325,0.5387918,0.7342966,False
1277,0.3815,0.80825,0.36039057,1.2220814,False
1278,0.9735,0.89625,0.98075026,1.6889427,True
1279,0.839,0.89475,0.8840359,1.6709443,True
1280,0.4175,0.03325,0.3985374,0.16637799,False
1281,0.7495,0.7175,0.7825998,0.982647,True
1282,0.387,0.83025,0.36515567,1.3119727,False
1283,0.49575,0.81775,0.49561247,1.2567115,False
1284,0.156,0.55475,0.10434964,0.6917428,False
1285,0.09975,0.37775,0.047996104,0.4977341,False
1286,0.9055,0.92975,0.940111,2.0628011,True
1287,0.73875,0.93575,0.7681142,2.147164,True
1288,0.679,0.9715,0.69960827,3.538105,True
1289,0.98375,0.86575,0.9867951,1.4773948,True
1290,0.7935,0.045,0.8334062,0.18264167,True
1291,0.72,0.27175,0.74732506,0.39592585,True
1292,0.29075,0.579,0.26262206,0.72142595,False
1293,0.7405,0.12625,0.7707937,0.27386367,True
1294,0.0795,0.2455,0.03182665,0.37315473,False
1295,0.08325,0.256,0.03451409,0.3824684,False
1296,0.0895,0.09025,0.039280344,0.23743117,False
1297,0.01875,0.1075,0.00057876605,0.25251085,False
1298,0.00325,0.4245,5.624028e-07,0.54527473,False
1299,0.00375,0.19325,6.5234764e-07,0.32800758,False
1300,0.004,0.5645,8.726871e-07,0.701801,False
1301,0.88825,0.3245,0.9243701,0.44155777,True
1302,0.449,0.23075,0.4404354,0.35928103,False
1303,0.41575,0.633,0.39501628,0.8005911,False
1304,0.6795,0.855,0.70014924,1.4360155,True
1305,0.4065,0.138,0.38480476,0.28430402,False
1306,0.87325,0.9325,0.9117021,2.1105304,True
1307,0.3495,0.972,0.3290872,3.5512335,False
1308,0.529,0.99025,0.537136,9.03861,False
1309,0.37275,0.1515,0.35364676,0.2944386,False
1310,0.80525,0.92575,0.8475209,1.9888216,True
1311,0.86625,0.87425,0.9049657,1.5326036,True
1312,0.66075,0.7025,0.6807517,0.9409886,True
1313,0.0935,0.73125,0.042870313,1.0104762,False
1314,0.10025,0.46,0.04875092,0.58651376,False
1315,0.0235,0.258,0.0009801448,0.38406527,False
1316,0.01775,0.25825,0.0005403103,0.3842378,False
1317,0.024,0.22225,0.001075739,0.35121235,False
1318,0.01475,0.538,0.00031530182,0.6676618,False
1319,0.021,0.75075,0.00071610825,1.0558729,False
1320,0.0215,0.783,0.00078418804,1.1446025,False
1321,0.32375,0.06175,0.29812852,0.20571905,False
1322,0.3555,0.32025,0.33808193,0.43632364,False
1323,0.20025,0.61975,0.15978858,0.7790744,False
1324,0.19775,0.65425,0.15762259,0.8431643,False
1325,0.30725,0.01425,0.28013563,0.13767304,False
1326,0.151,0.22525,0.09919598,0.35447544,False
1327,0.1815,0.19,0.13567935,0.32357472,False
1328,0.0835,0.0565,0.03461478,0.19874527,False
1329,0.79475,0.454,0.83448327,0.58022785,True
1330,0.856,0.68275,0.8958779,0.8944366,True
1331,0.6465,0.7225,0.66255754,0.9926833,True
1332,0.59075,0.76575,0.6043608,1.0937126,False
1333,0.969,0.90625,0.9771816,1.7642804,True
1334,0.7675,0.79925,0.8037108,1.1924846,True
1335,0.64825,0.105,0.6651005,0.25042287,True
1336,0.70925,0.8975,0.7333595,1.6957188,True
1337,0.9765,0.95575,0.98338455,2.5984707,True
1338,0.93425,0.74725,0.95738506,1.048406,True
1339,0.6745,0.3185,0.6944581,0.43447042,True
1340,0.79725,0.46975,0.83868474,0.596462,True
1341,0.3465,0.466,0.32422218,0.59162754,False
1342,0.3135,0.252,0.2866838,0.37913293,False
1343,0.3445,0.0705,0.3220385,0.2147052,False
1344,0.26775,0.07825,0.2363556,0.22463253,False
1345,0.4425,0.4175,0.43196422,0.53835464,False
1346,0.063,0.4325,0.019619033,0.5551973,False
1347,0.06825,0.122,0.02284366,0.2684607,False
1348,0.97825,0.70325,0.98400575,0.94201595,True
1349,0.65175,0.371,0.6686175,0.4926808,True
1350,0.52725,0.17275,0.5341644,0.31077868,False
1351,0.5135,0.77325,0.51943344,1.1193041,False
1352,0.59875,0.03825,0.6131126,0.17325713,True
1353,0.80225,0.376,0.84441745,0.49638057,True
1354,0.7955,0.91875,0.8367653,1.9020464,True
1355,0.411,0.56375,0.39021897,0.701099,False
1356,0.31925,0.01275,0.2926965,0.13508455,False
1357,0.55525,0.002,0.56756747,0.08643503,False
1358,0.887,0.85425,0.92267483,1.4341286,True
1359,0.90025,0.71625,0.9352928,0.9790444,True
1360,0.91375,0.83375,0.94544214,1.3314977,True
1361,0.91425,0.912,0.94554716,1.8111016,True
1362,0.926,0.71225,0.952551,0.96657944,True
1363,0.41675,0.708,0.3981368,0.9566708,False
1364,0.62525,0.768,0.640703,1.0967795,True
1365,0.858,0.92275,0.897658,1.9539204,True
1366,0.57075,0.9695,0.5862077,3.394426,False
1367,0.43925,0.31825,0.42858732,0.43439648,False
1368,0.715,0.4645,0.74029446,0.59012276,True
1369,0.5755,0.05,0.59079987,0.19063094,False
1370,0.9295,0.55875,0.95525193,0.6959581,True
1371,0.393,0.05975,0.37029812,0.20296696,False
1372,0.355,0.08625,0.33717963,0.2325532,False
1373,0.33775,0.2065,0.31244752,0.33787665,False
1374,0.235,0.28375,0.19500211,0.4057715,False
1375,0.15175,0.56125,0.10050907,0.6972404,False
1376,0.0775,0.0485,0.030666979,0.18827367,False
1377,0.08725,0.07725,0.037429374,0.22322658,False
1378,0.06775,0.3375,0.022630977,0.45674172,False
1379,0.02175,0.4265,0.0008084029,0.54932636,False
1380,0.017,0.581,0.0005203579,0.7236588,False
1381,0.89575,0.80125,0.9311175,1.2024626,True
1382,0.835,0.2405,0.8798838,0.36908713,True
1383,0.772,0.366,0.80716026,0.4888452,True
1384,0.426,0.09725,0.40871072,0.24262092,False
1385,0.2925,0.36775,0.26534456,0.4901189,False
1386,0.2755,0.9215,0.24511829,1.9410099,False
1387,0.9475,0.81375,0.96544355,1.239346,True
1388,0.6215,0.59425,0.63693285,0.7352746,True
1389,0.71075,0.8425,0.73527884,1.3812897,True
1390,0.7605,0.56025,0.79550314,0.6966031,True
1391,0.72575,0.8525,0.75552845,1.4257054,True
1392,0.43975,0.308,0.4295589,0.4253938,False
1393,0.6565,0.44075,0.6760966,0.56715524,True
1394,0.09625,0.60175,0.045193404,0.7472281,False
1395,0.06425,0.79175,0.020699643,1.1728424,False
1396,0.642,0.4315,0.656754,0.5540506,True
1397,0.30375,0.277,0.27675986,0.39953393,False
1398,0.86225,0.004,0.90239006,0.09634483,True
1399,0.55125,0.04325,0.56274164,0.18180011,False
1400,0.5635,0.19975,0.579995,0.33256695,False
1401,0.1475,0.283,0.095800586,0.40535688,False
1402,0.07425,0.26725,0.02770738,0.39056727,False
1403,0.057,0.28975,0.016428808,0.4110773,False
1404,0.04975,0.34325,0.01126026,0.4610707,False
1405,0.088,0.51925,0.03822079,0.64933056,False
1406,0.03,0.18225,0.0024230736,0.31824958,False
1407,0.0415,0.2715,0.007254539,0.3958707,False
1408,0.052,0.271,0.012709779,0.39520493,False
1409,0.0575,0.2195,0.016500967,0.34893402,False
1410,0.068,0.32525,0.022767963,0.44191712,False
1411,0.069,0.89,0.023222797,1.630843,False
1412,0.81025,0.73,0.85396355,1.0072043,True
1413,0.8355,0.90075,0.8805342,1.7167795,True
1414,0.381,0.09775,0.36012968,0.24350387,False
1415,0.63275,0.632,0.64681906,0.7990011,True
1416,0.15275,0.14975,0.102619044,0.29305193,False
1417,0.2155,0.51375,0.17753762,0.6424252,False
1418,0.512,0.48475,0.51776993,0.6120663,False
1419,0.456,0.23975,0.4487453,0.36843243,False
1420,0.1945,0.088,0.15408495,0.23430412,False
1421,0.59825,0.583,0.6122598,0.7253576,True
1422,0.14725,0.01475,0.095724195,0.13823992,False
1423,0.80725,0.1995,0.8497922,0.33230925,True
1424,0.913,0.2385,0.944677,0.367874,True
1425,0.303,0.11975,0.27567098,0.26476717,False
1426,0.364,0.4955,0.34577677,0.62304384,False
1427,0.0705,0.45025,0.024140323,0.577236,False
1428,0.10475,0.68875,0.05350962,0.9063498,False
1429,0.23975,0.54075,0.20158356,0.67015475,False
1430,0.011,0.22975,8.1080296e-05,0.3584323,False
1431,0.012,0.2,8.918032e-05,0.3325867,False
1432,0.01025,0.1185,7.642984e-05,0.26380664,False
1433,0.0085,0.5505,5.5140983e-05,0.6844798,False
1434,0.006,0.456,1.1160151e-05,0.5827434,False
1435,0.88375,0.845,0.9205622,1.3916248,True
1436,0.85,0.0855,0.89013356,0.23180306,True
1437,0.66925,0.06025,0.68901294,0.2030421,True
1438,0.895,0.36375,0.9308673,0.4875346,True
1439,0.40775,0.302,0.38654292,0.4210546,False
1440,0.9935,0.445,0.99380475,0.57188135,True
1441,0.4805,0.876,0.47830623,1.5425601,False
1442,0.2705,0.80025,0.23937654,1.1945648,False
1443,0.57325,0.194,0.58863133,0.3286092,False
1444,0.1035,0.90025,0.05212792,1.7125992,False
1445,0.974,0.85125,0.98168755,1.4208411,True
1446,0.8145,0.71425,0.8574563,0.9734589,True
1447,0.49925,0.68425,0.4989502,0.8987928,False
1448,0.45575,0.10375,0.44818434,0.24935408,False
1449,0.20675,0.24625,0.16935809,0.37337822,False
1450,0.08,0.58825,0.032438274,0.7296243,False
1451,0.863,0.91825,0.90278745,1.8976336,True
1452,0.294,0.72075,0.26660368,0.991511,False
1453,0.703,0.25175,0.72551286,0.37906355,True
1454,0.59725,0.33875,0.6101781,0.45762235,True
1455,0.177,0.237,0.13030319,0.36645716,False
1456,0.87175,0.40625,0.9099128,0.528117,True
1457,0.64275,0.0955,0.6578241,0.24145211,True
1458,0.473,0.634,0.4654079,0.8038334,False
1459,0.3865,0.26375,0.36504707,0.38855845,False
1460,0.3025,0.2125,0.27477285,0.34240842,False
1461,0.29625,0.27575,0.26886258,0.39879203,False
1462,0.236,0.272,0.19552138,0.39617854,False
1463,0.152,0.72675,0.1008695,1.0017622,False
1464,0.06925,0.496,0.023508009,0.6244565,False
1465,0.989,0.74275,0.9909434,1.0368068,True
1466,0.33925,0.6045,0.31517398,0.7522462,False
1467,0.2675,0.527,0.23601058,0.65699506,False
1468,0.299,0.117,0.27176705,0.2605952,False
1469,0.1375,0.14325,0.085421875,0.28939834,False
1470,0.95,0.12525,0.9665853,0.27291572,True
1471,0.66875,0.97275,0.6887688,3.8312216,True
1472,0.37475,0.349,0.3549894,0.47093555,False
1473,0.91225,0.687,0.94402486,0.9038376,True
1474,0.9145,0.13025,0.9456155,0.27845228,True
1475,0.80625,0.5405,0.84891075,0.6701248,True
1476,0.25825,0.25225,0.22515887,0.37916407,False
1477,0.7035,0.0235,0.72558767,0.15373132,True
1478,0.9645,0.52125,0.97535866,0.6503934,True
1479,0.686,0.13525,0.70782655,0.28209168,True
1480,0.68025,0.02275,0.7008603,0.15236211,True
1481,0.38025,0.5155,0.35950726,0.6443592,False
1482,0.1955,0.0495,0.15456893,0.1898759,False
1483,0.185,0.43125,0.13823593,0.55360043,False
1484,0.13475,0.11325,0.08380532,0.2575827,False
1485,0.882,0.4395,0.9195353,0.5659025,True
1486,0.52775,0.25375,0.5360579,0.38117328,False
1487,0.549,0.652,0.55798584,0.8381327,False
1488,0.4015,0.28825,0.37781936,0.41021988,False
1489,0.50125,0.56775,0.50130427,0.7067792,False
1490,0.96925,0.7055,0.97726667,0.9476225,True
1491,0.285,0.30475,0.25590017,0.42377567,False
1492,0.6675,0.70575,0.6868704,0.947756,True
1493,0.309,0.896,0.28295362,1.6871938,False
1494,0.35125,0.9945,0.33204222,10.5708475,False
1495,0.73475,0.6125,0.76426286,0.76492935,True
1496,0.70275,0.629,0.7254274,0.7933939,True
1497,0.52825,0.95025,0.5366952,2.452373,False
1498,0.3835,0.47475,0.36182758,0.6006418,False
1499,0.688,0.274,0.71080077,0.39774665,True
1500,0.86025,0.183,0.8999678,0.3186594,True
1501,0.197,0.08225,0.15605392,0.22758383,False
1502,0.23175,0.11225,0.19310072,0.25653598,False
1503,0.14175,0.02925,0.08932525,0.16061898,False
1504,0.90825,0.355,0.941476,0.47730765,True
1505,0.729,0.7255,0.75780344,0.9989901,True
1506,0.49625,0.51,0.496467,0.6376044,False
1507,0.34975,0.98275,0.32943115,5.75999,False
1508,0.92125,0.9005,0.949714,1.7150383,True
1509,0.74675,0.70025,0.77913946,0.93243974,True
1510,0.98725,0.57325,0.9896441,0.71412796,True
1511,0.6915,0.0005,0.7145146,0.07891086,True
1512,0.8835,0.05625,0.92008466,0.19829263,True
1513,0.348,0.61575,0.32796142,0.76972973,False
1514,0.93875,0.27725,0.9605718,0.3997775,True
1515,0.12675,0.78,0.07584202,1.1378042,False
1516,0.88,0.1645,0.9181321,0.30338508,True
1517,0.2375,0.15275,0.19791533,0.2955933,False
1518,0.27325,0.55375,0.24233338,0.68951595,False
1519,0.70625,0.39275,0.7300374,0.51339847,True
1520,0.84025,0.71,0.8850313,0.96104884,True
1521,0.477,0.677,0.47348297,0.8863741,False
1522,0.49825,0.27025,0.49833697,0.39476416,False
1523,0.03225,0.49475,0.0034072541,0.6224653,False
1524,0.27925,0.05125,0.24851389,0.19195174,False
1525,0.0145,0.00525,0.00026901765,0.11118443,False
1526,0.0335,0.648,0.0040172217,0.8283977,False
1527,0.05925,0.16975,0.017592657,0.307184,False
1528,0.73025,0.01525,0.75937486,0.13992456,True
1529,0.45325,0.219,0.4443541,0.3483873,False
1530,0.06325,0.23825,0.01984564,0.36785617,False
1531,0.0495,0.18975,0.011233243,0.32349113,False
1532,0.08225,0.14525,0.03366433,0.2900928,False
1533,0.04475,0.15575,0.008373911,0.2978615,False
1534,0.01625,0.33975,0.0004673054,0.4584536,False
1535,0.014,0.201,0.00020198664,0.33351004,False
1536,0.01,0.7365,7.426224e-05,1.0238562,False
1537,0.79625,0.95425,0.8374245,2.566036,True
1538,0.691,0.99175,0.71422553,10.065315,True
1539,0.908,0.78775,0.9414221,1.157816,True
1540,0.28875,0.02725,0.26017702,0.1574934,False
1541,0.19575,0.008,0.15459815,0.123421185,False
1542,0.439,0.02325,0.42843467,0.1530815,False
1543,0.1395,0.18825,0.08720259,0.32203522,False
1544,0.334,0.17875,0.30880764,0.3152641,False
1545,0.979,0.8935,0.9845836,1.6580739,True
1546,0.7295,0.6455,0.75803673,0.82620746,True
1547,0.948,0.58925,0.9658048,0.7305034,True
1548,0.4195,0.95175,0.4026182,2.4847927,False
1549,0.615,0.41075,0.629577,0.53204083,True
1550,0.34475,0.85575,0.32252038,1.4370059,False
1551,0.1425,0.75775,0.09069964,1.0743029,False
1552,0.0745,0.8095,0.02783179,1.2265656,False
1553,0.9535,0.86925,0.9689984,1.4934522,True
1554,0.7505,0.88075,0.7846325,1.574884,True
1555,0.5665,0.311,0.58248025,0.42775017,False
1556,0.567,0.405,0.5827193,0.52712464,False
1557,0.4865,0.44325,0.48357812,0.5704234,False
1558,0.69775,0.461,0.72181743,0.5872725,True
1559,0.73125,0.6425,0.7598532,0.8203962,True
1560,0.7895,0.021,0.82723564,0.15123191,True
1561,0.42075,0.36025,0.4050961,0.4833144,False
1562,0.28975,0.4075,0.26057976,0.52980745,False
1563,0.1625,0.04775,0.115140736,0.1869126,False
1564,0.182,0.09175,0.13591853,0.23876046,False
1565,0.2205,0.484,0.18167624,0.61135525,False
1566,0.16625,0.53525,0.120021746,0.6646799,False
1567,0.8665,0.86475,0.9050415,1.4699551,True
1568,0.62375,0.7385,0.63916934,1.0301156,True
1569,0.90525,0.90675,0.93970233,1.7673846,True
1570,0.264,0.9565,0.2323027,2.6805327,False
1571,0.63675,0.655,0.6506495,0.84498155,True
1572,0.6995,0.92625,0.7223536,1.9926014,True
1573,0.6965,0.9845,0.7204577,6.4077663,True
1574,0.95675,0.78125,0.9712342,1.140391,True
1575,0.4055,0.84,0.3834979,1.3644011,False
1576,0.2305,0.44525,0.19213536,0.5723418,False
1577,0.15875,0.89825,0.10709246,1.7031476,False
1578,0.18125,0.832,0.13534833,1.3255951,False
1579,0.881,0.9105,0.9186611,1.7966214,True
1580,0.4985,0.64875,0.4984056,0.8297351,False
1581,0.9085,0.0135,0.9415676,0.13562629,True
1582,0.58675,0.68675,0.6007144,0.9038221,False
1583,0.49475,0.51075,0.4939596,0.63867027,False
1584,0.5,0.81875,0.5002634,1.2609619,False
1585,0.74925,0.40775,0.78224003,0.52985793,True
1586,0.27125,0.9685,0.24068959,3.2730641,False
1587,0.7,0.345,0.72286975,0.46227035,True
1588,0.59575,0.9365,0.6090259,2.1660845,True
1589,0.2715,0.62175,0.24084058,0.78205234,False
1590,0.26225,0.561,0.23007278,0.69695127,False
1591,0.13875,0.28075,0.086629264,0.40373886,False
1592,0.49775,0.10425,0.49808246,0.24988326,False
1593,0.947,0.699,0.96528536,0.93025756,True
1594,0.72975,0.765,0.758272,1.09261,True
1595,0.618,0.431,0.63307303,0.55306786,True
1596,0.46225,0.88875,0.45487106,1.6226338,False
1597,0.26175,0.0205,0.22881515,0.1506217,False
1598,0.4485,0.68075,0.4397883,0.89185673,False
1599,0.957,0.60475,0.9713277,0.7524209,True
1600,0.643,0.74425,0.65807235,1.0399019,True
1601,0.59775,0.54,0.6118536,0.6698212,True
1602,0.41225,0.4655,0.39115554,0.5911256,False
1603,0.139,0.0285,0.087081976,0.15966642,False
1604,0.1785,0.437,0.13138855,0.56276387,False
1605,0.76475,0.71775,0.7999845,0.9844339,True
1606,0.3985,0.735,0.3745367,1.0191395,False
1607,0.897,0.54275,0.9321955,0.6730774,True
1608,0.31175,0.89075,0.28499737,1.6338682,False
1609,0.34,0.2535,0.31629312,0.3806838,False
1610,0.814,0.469,0.85731775,0.59557396,True
1611,0.306,0.696,0.27919397,0.92435867,False
1612,0.95975,0.17025,0.973087,0.30781317,True
1613,0.54075,0.66775,0.5493928,0.8677234,False
1614,0.321,0.03875,0.2939812,0.17380676,False
1615,0.5255,0.1495,0.5321085,0.29303363,False
1616,0.191,0.10225,0.14948323,0.24787512,False
1617,0.9595,0.413,0.9730533,0.53346545,True
1618,0.75975,0.505,0.7935182,0.6330065,True
1619,0.14075,0.2765,0.08772167,0.39925072,False
1620,0.33025,0.23875,0.3062118,0.3679489,False
1621,0.687,0.5265,0.70867264,0.6567416,True
1622,0.1215,0.57375,0.070389226,0.7141808,False
1623,0.047,0.248,0.00923469,0.37447956,False
1624,0.04,0.0065,0.0063583623,0.11333132,False
1625,0.277,0.628,0.24625535,0.7911332,False
1626,0.08625,0.646,0.03685498,0.8265913,False
1627,0.19325,0.68175,0.15234727,0.8935273,False
1628,0.046,0.65,0.00899561,0.83479863,False
1629,0.186,0.975,0.14024006,4.127148,False
1630,0.68925,0.33825,0.7129594,0.45728514,True
1631,0.722,0.244,0.74942786,0.37201723,True
1632,0.616,0.189,0.6312664,0.322689,True
1633,0.60125,0.17125,0.614506,0.3093033,True
1634,0.2275,0.266,0.18791494,0.3899048,False
1635,0.29775,0.107,0.27071357,0.25192833,False
1636,0.24375,0.051,0.20697756,0.19175422,False
1637,0.142,0.607,0.08972477,0.75574577,False
1638,0.3275,0.2425,0.30324197,0.37081704,False
1639,0.16875,0.044,0.12245542,0.18226151,False
1640,0.94125,0.90175,0.9617719,1.7259444,True
1641,0.28525,0.23625,0.2559133,0.3657736,False
1642,0.11325,0.195,0.06311745,0.32913756,False
1643,0.22875,0.165,0.18948986,0.304335,False
1644,0.044,0.26125,0.008241546,0.38696238,False
1645,0.19175,0.50575,0.150318,0.63380677,False
1646,0.96,0.8735,0.97326005,1.5289074,True
1647,0.93925,0.2185,0.9607561,0.34795827,True
1648,0.873,0.79025,0.9111816,1.1658863,True
1649,0.4515,0.40425,0.44187263,0.5250823,False
1650,0.4145,0.3205,0.39410195,0.43670177,False
1651,0.313,0.73275,0.28541642,1.0125223,False
1652,0.13825,0.30525,0.086177394,0.42395917,False
1653,0.8695,0.1785,0.90816826,0.3151988,True
1654,0.44875,0.02675,0.4404224,0.15627587,False
1655,0.84725,0.009,0.8875829,0.12764531,True
1656,0.73725,0.8075,0.76698,1.2210776,True
1657,0.7585,0.7945,0.79168564,1.180787,True
1658,0.9915,0.881,0.99256015,1.5752724,True
1659,0.78825,0.9985,0.8261853,13.490513,True
1660,0.38325,0.14625,0.36178383,0.29042518,False
1661,0.4255,0.463,0.40830228,0.5887287,False
1662,0.601,0.37525,0.614474,0.4962336,True
1663,0.14825,0.1315,0.09687051,0.2792809,False
1664,0.21675,0.12025,0.1789976,0.26572242,False
1665,0.442,0.86175,0.431531,1.4584024,False
1666,0.74475,0.22175,0.77763826,0.3502447,True
1667,0.26575,0.208,0.2333828,0.33935478,False
1668,0.53075,0.3445,0.5391834,0.46208987,False
1669,0.58075,0.309,0.5951427,0.42662597,False
1670,0.15925,0.18525,0.10745237,0.3200203,False
1671,0.12025,0.46025,0.06992942,0.58701444,False
1672,0.17825,0.7505,0.13104042,1.0555241,False
1673,0.84525,0.722,0.8867889,0.9921674,True
1674,0.57675,0.235,0.5916638,0.36377874,False
1675,0.48275,0.3415,0.48128128,0.45990086,False
1676,0.3325,0.19525,0.30711415,0.32927036,False
1677,0.2805,0.149,0.25056845,0.29259637,False
1678,0.30675,0.7,0.2796683,0.93198746,False
1679,0.36825,0.05425,0.3502618,0.19620915,False
1680,0.8615,0.41725,0.90160185,0.5380924,True
1681,0.77125,0.01825,0.80632126,0.14604397,True
1682,0.74725,0.08825,0.779346,0.2347297,True
1683,0.83975,0.21425,0.88477147,0.34456173,True
1684,0.55175,0.57425,0.5634291,0.7144484,False
1685,0.225,0.315,0.18618092,0.43109092,False
1686,0.16675,0.43475,0.12017228,0.5583289,False
1687,0.92675,0.949,0.953129,2.3866823,True
1688,0.6115,0.83475,0.6262403,1.3386791,True
1689,0.546,0.94325,0.5554283,2.2467895,False
1690,0.999,0.549,0.9992469,0.6829141,True
1691,0.61325,0.7765,0.62793237,1.1291602,True
1692,0.48725,0.30675,0.48405847,0.42481804,False
1693,0.1255,0.74025,0.07519172,1.0323027,False
1694,0.54025,0.43675,0.5487241,0.5626261,False
1695,0.3155,0.7375,0.2875531,1.0283599,False
1696,0.99575,0.84625,0.9961841,1.3963083,True
1697,0.787,0.5935,0.82522994,0.7346229,True
1698,0.91525,0.52675,0.9461919,0.6569943,True
1699,0.669,0.17,0.68892217,0.30720007,True
1700,0.89175,0.16175,0.9279127,0.30122426,True
1701,0.91575,0.66125,0.9464487,0.85700667,True
1702,0.75625,0.756,0.78941756,1.0709554,True
1703,0.78475,0.83125,0.8212673,1.3187126,True
1704,0.8635,0.23475,0.9034425,0.3637729,True
1705,0.47725,0.44375,0.47359318,0.57093936,False
1706,0.28225,0.7705,0.25249282,1.1051831,False
1707,0.14225,0.20125,0.09010356,0.33364263,False
1708,0.25075,0.1665,0.21322525,0.30518475,False
1709,0.21875,0.3825,0.18064855,0.50291365,False
1710,0.14125,0.3855,0.088027336,0.50826955,False
1711,0.12375,0.9395,0.07388293,2.203233,False
1712,0.8685,0.13825,0.90661263,0.284472,True
1713,0.67725,0.702,0.6969845,0.9371341,True
1714,0.32725,0.61775,0.30323112,0.7749684,False
1715,0.2095,0.58975,0.17174791,0.7318094,False
1716,0.064,0.5385,0.020558592,0.66779846,False
1717,0.58775,0.7905,0.6017854,1.1662796,False
1718,0.639,0.803,0.65276986,1.206818,True
1719,0.98675,0.939,0.9893035,2.1982388,True
1720,0.6945,0.13,0.71851796,0.2783835,True
1721,0.2295,0.8355,0.1909557,1.341235,False
1722,0.16825,0.59075,0.12218871,0.73249346,False
1723,0.34575,0.6405,0.32385188,0.8164104,False
1724,0.77075,0.6175,0.80587,0.77372366,True
1725,0.63925,0.6,0.65282464,0.74422437,True
1726,0.2535,0.556,0.21783213,0.69269687,False
1727,0.079,0.522,0.031383757,0.65113395,False
1728,0.0885,0.52625,0.038545445,0.6560225,False
1729,0.405,0.5865,0.38317522,0.7289656,False
1730,0.12625,0.25875,0.07566833,0.38480738,False
1731,0.24975,0.29775,0.21278375,0.417398,False
1732,0.125,0.53575,0.07478778,0.6660221,False
1733,0.1595,0.49025,0.10852209,0.617783,False
1734,0.542,0.1405,0.5509332,0.2866832,False
1735,0.67175,0.01675,0.69171643,0.14296837,True
1736,0.81,0.25775,0.8539559,0.38393202,True
1737,0.20075,0.0055,0.16019474,0.11163328,False
1738,0.20825,0.281,0.17129502,0.4041195,False
1739,0.17025,0.11125,0.12539999,0.25616527,False
1740,0.0725,0.50775,0.025576333,0.6353603,False
1741,0.067,0.35075,0.022072503,0.47370094,False
1742,0.06175,0.24575,0.018946059,0.37321982,False
1743,0.203,0.35175,0.16343656,0.47410062,False
1744,0.2145,0.60075,0.1768869,0.74563766,False
1745,0.022,0.227,0.00083647564,0.35567346,False
1746,0.05075,0.4085,0.0121651655,0.53046,False
1747,0.12475,0.26925,0.074616246,0.39303038,False
1748,0.2815,0.95475,0.2516652,2.5725384,False
1749,0.7085,0.996,0.7332002,11.578164,True
1750,0.27675,0.204,0.24624959,0.33624017,False
1751,0.8755,0.8625,0.9137647,1.4605558,True
1752,0.74875,0.24225,0.78158045,0.3706526,True
1753,0.5915,0.083,0.60549533,0.2287919,False
1754,0.22375,0.178,0.18471515,0.31490397,False
1755,0.15325,0.19225,0.1028993,0.3258831,False
1756,0.3625,0.8195,0.34527582,1.2622293,False
1757,0.20975,0.97225,0.17183593,3.7391472,False
1758,0.37125,0.07625,0.3526157,0.22289684,False
1759,0.9215,0.8705,0.94979507,1.5055445,True
1760,0.995,0.494,0.99509335,0.6214773,True
1761,0.52125,0.01875,0.5271612,0.14824517,False
1762,0.33725,0.49775,0.31228122,0.6256732,False
1763,0.3635,0.39175,0.34572357,0.5127573,False
1764,0.83325,0.8445,0.8773732,1.3894384,True
1765,0.99775,0.829,0.99833196,1.3084556,True
1766,0.388,0.732,0.3658324,1.0115757,False
1767,0.8245,0.34075,0.8687695,0.45936707,True
1768,0.37525,0.142,0.35520312,0.28860605,False
1769,0.46125,0.559,0.45401317,0.69600195,False
1770,0.25725,0.2775,0.22349146,0.40005073,False
1771,0.65275,0.2575,0.6700565,0.3837147,True
1772,0.4675,0.28425,0.45924407,0.40605262,False
1773,0.2665,0.348,0.23487891,0.46900347,False
1774,0.24225,0.06575,0.2047787,0.20921001,False
1775,0.1135,0.15775,0.06312274,0.29938743,False
1776,0.109,0.31325,0.059300564,0.4291938,False
1777,0.8225,0.1005,0.8657977,0.24663469,True
1778,0.4625,0.284,0.45491368,0.40604395,False
1779,0.94625,0.13425,0.96462184,0.28159297,True
1780,0.137,0.2865,0.08520766,0.40773448,False
1781,0.2285,0.80975,0.18936113,1.2271893,False
1782,0.58725,0.91625,0.6013312,1.8759012,False
1783,0.526,0.9765,0.53288233,4.1896353,False
1784,0.59125,0.5805,0.6049535,0.7231168,False
1785,0.65875,0.981,0.67858934,5.4757,True
1786,0.675,0.26975,0.6953628,0.39418387,True
1787,0.578,0.69975,0.5932381,0.93194693,False
1788,0.64775,0.172,0.6643515,0.31008914,True
1789,0.466,0.40925,0.4581883,0.5312794,False
1790,0.43575,0.15675,0.4251934,0.2987459,False
1791,0.3645,0.24675,0.3466938,0.3736947,False
1792,0.26275,0.90225,0.23052242,1.7360436,False
1793,0.2015,0.01325,0.1620766,0.13552323,False
1794,0.77275,0.82275,0.8083107,1.2803028,True
1795,0.78125,0.58325,0.8171104,0.7256387,True
1796,0.56975,0.80225,0.5849656,1.2046375,False
1797,0.263,0.6795,0.23081051,0.89031166,False
1798,0.31875,0.9055,0.29190442,1.7566283,False
1799,0.41175,0.907,0.39103666,1.7705905,False
1800,0.183,0.47825,0.13667741,0.60430557,False
1801,0.9375,0.795,0.9599819,1.1832334,True
1802,0.916,0.85475,0.94668347,1.435926,True
1803,0.40025,0.01575,0.37683943,0.140264,False
1804,0.9565,0.888,0.97083324,1.61575,True
1805,0.82725,0.81175,0.87157494,1.2326616,True
1806,0.15075,0.55675,0.099092856,0.6934004,False
1807,0.91325,0.746,0.94477504,1.0460753,True
1808,0.87,0.34275,0.9084449,0.46043074,True
1809,0.44475,0.04575,0.4350344,0.18319817,False
1810,0.07725,0.139,0.030403541,0.28557733,False
1811,0.06875,0.48575,0.0231071,0.6129308,False
1812,0.87125,0.963,0.90923357,2.9323514,True
1813,0.977,0.9585,0.98345256,2.749265,True
1814,0.594,1.0,0.60734516,19.314804,True
1815,0.58125,0.536,0.5955872,0.66604793,False
1816,0.33175,0.2975,0.30686626,0.41725716,False
1817,0.25,0.00425,0.2128669,0.09818566,False
1818,0.21025,0.121,0.17236924,0.26716468,False
1819,0.4585,0.89925,0.45036158,1.7115268,False
1820,0.274,0.91675,0.24295966,1.8823062,False
1821,0.95275,0.3755,0.9686618,0.49623674,True
1822,0.51,0.9805,0.5138959,5.4118404,False
1823,0.37875,0.93475,0.35798985,2.134413,False
1824,0.73175,0.3585,0.76020163,0.48199233,True
1825,0.714,0.13675,0.7389427,0.28316164,True
1826,0.97225,0.913,0.9789179,1.8418097,True
1827,0.78525,0.676,0.8223675,0.8836907,True
1828,0.6315,0.98725,0.6456235,7.878078,True
1829,0.63625,0.081,0.64995956,0.22588022,True
1830,0.7425,0.6835,0.77313256,0.8967685,True
1831,0.458,0.5045,0.4502853,0.6324628,False
1832,0.29525,0.59225,0.2680857,0.73292184,False
1833,0.0965,0.214,0.045236707,0.34424564,False
1834,0.0695,0.18275,0.023597017,0.3186372,False
1835,0.7905,0.67925,0.82852197,0.8895357,True
1836,0.62125,0.06,0.63673085,0.20298234,True
1837,0.502,0.326,0.50437325,0.4423494,False
1838,0.73925,0.30025,0.7683978,0.41930574,True
1839,0.767,0.38325,0.8024258,0.50424576,True
1840,0.6005,0.725,0.6140174,0.9980106,True
1841,0.76525,0.28275,0.8002373,0.40532514,True
1842,0.4365,0.3065,0.4262418,0.4246287,False
1843,0.39675,0.1485,0.3730849,0.29170874,False
1844,0.66025,0.97875,0.68057257,4.71103,True
1845,0.84825,0.171,0.8880977,0.30918783,True
1846,0.869,0.4485,0.907093,0.5747774,True
1847,0.22425,0.0045,0.1848724,0.101681165,False
1848,0.16025,0.247,0.10886698,0.37390038,False
1849,0.322,0.02375,0.2946484,0.15383826,False
1850,0.65075,0.43,0.66761136,0.55246145,True
1851,0.05425,0.46575,0.014286499,0.59138376,False
1852,0.05575,0.25925,0.015158791,0.38554502,False
1853,0.60925,0.39475,0.6240759,0.5164162,True
1854,0.82275,0.82375,0.86640716,1.2856137,True
1855,0.94975,0.704,0.96652406,0.9452466,True
1856,0.764,0.42075,0.7990481,0.541913,True
1857,0.3735,0.113,0.35396078,0.25705582,False
1858,0.48075,0.755,0.4793709,1.0700107,False
1859,0.62475,0.95925,0.6402801,2.785887,True
1860,0.09,0.45725,0.0400148,0.58439064,False
1861,0.0315,0.231,0.0031026271,0.35939035,False
1862,0.00775,0.011,3.6911784e-05,0.13189858,False
1863,0.00475,0.394,4.6368114e-06,0.5154072,False
1864,0.3675,0.671,0.34912625,0.8732352,False
1865,0.3285,0.474,0.3043578,0.60012716,False
1866,0.87225,0.75675,0.9108811,1.0725436,True
1867,0.41625,0.2745,0.39614064,0.39787278,False
1868,0.1585,0.42175,0.10670387,0.543086,False
1869,0.03975,0.313,0.0060324017,0.4289723,False
1870,0.03125,0.8315,0.0030700213,1.3214595,False
1871,0.78225,0.57775,0.8182271,0.7189592,True
1872,0.961,0.7335,0.9735886,1.0138036,True
1873,0.70575,0.397,0.72965103,0.51910704,True
1874,0.88475,0.4885,0.92109096,0.61578137,True
1875,0.394,0.79125,0.3708076,1.1692749,False
1876,0.51175,0.96925,0.5175752,3.373093,False
1877,0.5095,0.94375,0.5133971,2.2667274,False
1878,0.74175,0.51275,0.77178645,0.64067763,True
1879,0.9275,0.656,0.9533495,0.84577477,True
1880,0.7315,0.1885,0.760146,0.3224927,True
1881,0.841,0.27475,0.8854461,0.39817503,True
1882,0.72425,0.40725,0.75312734,0.5294752,True
1883,0.64975,0.66475,0.66649264,0.861833,True
1884,0.94375,0.53325,0.9627362,0.66242427,True
1885,0.732,0.1375,0.76053244,0.28389713,True
1886,0.534,0.13775,0.54144126,0.2840282,False
1887,0.271,0.027,0.2406763,0.15642123,False
1888,0.884,0.8905,0.9206233,1.6325355,True
1889,0.64575,0.71125,0.66170394,0.9651553,True
1890,0.50425,0.866,0.50758356,1.4801553,False
1891,0.81975,0.12075,0.8629992,0.26653555,True
1892,0.62225,0.551,0.63799584,0.6860559,True
1893,0.8895,0.06825,0.92551434,0.21130943,True
1894,0.242,0.42325,0.2039784,0.54408044,False
1895,0.30025,0.28675,0.27238324,0.40783557,False
1896,0.12875,0.203,0.07743432,0.33537453,False
1897,0.11125,0.43925,0.060734652,0.5657044,False
1898,0.16,0.5395,0.10877666,0.6692991,False
1899,0.11075,0.41875,0.060557514,0.53949356,False
1900,0.54225,0.764,0.5511227,1.088865,False
1901,0.343,0.262,0.31912556,0.38719898,False
1902,0.166,0.51725,0.11968956,0.64620376,False
1903,0.68775,0.49725,0.7106377,0.62563586,True
1904,0.40275,0.031,0.37895703,0.16232441,False
1905,0.23925,0.17625,0.20110129,0.3132068,False
1906,0.3355,0.06975,0.3103542,0.21383768,False
1907,0.0545,0.594,0.014465648,0.7350679,False
1908,0.55925,0.5695,0.5736295,0.70989156,False
1909,0.445,0.001,0.43506852,0.081056476,False
1910,0.23875,0.48675,0.20044233,0.6145812,False
1911,0.346,0.5285,0.3241458,0.65840644,False
1912,0.71975,0.4555,0.74700624,0.58265215,True
1913,0.7525,0.00625,0.7865813,0.11307179,True
1914,0.45275,0.36725,0.44340697,0.4900577,False
1915,0.508,0.307,0.5109994,0.42499214,False
1916,0.75375,0.9095,0.7877562,1.7926837,True
1917,0.82425,0.15225,0.86865443,0.29549727,True
1918,0.62425,0.025,0.63999367,0.15499221,True
1919,0.328,0.041,0.3040248,0.17893504,False
1920,0.86125,0.038,0.9013664,0.172129,True
1921,0.119,0.374,0.06834305,0.49533436,False
1922,0.03375,0.43775,0.0040722815,0.563762,False
1923,0.77475,0.853,0.81059957,1.4275712,True
1924,0.746,0.5835,0.7787656,0.7262534,True
1925,0.23025,0.65775,0.19188164,0.8499229,False
1926,0.415,0.51475,0.39423347,0.6433825,False
1927,0.66,0.79525,0.68052274,1.1833631,True
1928,0.7875,0.7865,0.82562184,1.1559485,True
1929,0.74575,0.85325,0.77854913,1.4285325,True
1930,0.43125,0.016,0.41871363,0.14062935,False
1931,0.42925,0.12275,0.4149147,0.26945156,False
1932,0.1315,0.273,0.07928766,0.39683864,False
1933,0.11,0.41825,0.060235508,0.53934187,False
1934,0.11375,0.55,0.06314144,0.6841315,False
1935,0.9135,0.86325,0.94538546,1.4629662,True
1936,0.544,0.91525,0.5531077,1.8699422,False
1937,0.3725,0.12675,0.3536334,0.2739708,False
1938,0.985,0.44875,0.9881967,0.5748135,True
1939,0.53125,0.58625,0.5394285,0.72879565,False
1940,0.35725,0.29825,0.33936357,0.41774333,False
1941,0.3515,0.19125,0.33218256,0.32473797,False
1942,0.46825,0.47575,0.45993438,0.601764,False
1943,0.44125,0.41375,0.4308384,0.5346442,False
1944,0.87825,0.90275,0.91678125,1.7381924,True
1945,0.21925,0.812,0.18069533,1.2346745,False
1946,0.1555,0.6075,0.10429335,0.75610965,False
1947,0.626,0.76525,0.6413849,1.0932875,True
1948,0.73825,0.84825,0.7679772,1.4085623,True
1949,0.937,0.7745,0.9597591,1.1216463,True
1950,0.66125,0.30425,0.6809462,0.42259148,True
1951,0.527,0.779,0.53403383,1.1327192,False
1952,0.75225,0.60275,0.78623134,0.7502182,True
1953,0.51025,0.44925,0.5139595,0.57526714,False
1954,0.21475,0.4535,0.17696758,0.5801377,False
1955,0.596,0.276,0.6091032,0.3990332,True
1956,0.79825,0.9495,0.83988774,2.437644,True
1957,0.291,0.5355,0.2631419,0.6657915,False
1958,0.17675,0.47175,0.13023072,0.5981735,False
1959,0.10525,0.27525,0.054102406,0.39876157,False
1960,0.2835,0.61525,0.25476205,0.76893795,False
1961,0.117,0.419,0.066160664,0.5396767,False
1962,0.73675,0.814,0.7665453,1.2399282,True
1963,0.56125,0.93275,0.5768258,2.1121292,False
1964,0.7625,0.402,0.7970757,0.5234904,True
1965,0.74025,0.979,0.77021545,4.7119703,True
1966,0.371,0.83325,0.3525209,1.3308089,False
1967,0.80375,0.38475,0.8454636,0.50609446,True
1968,0.53875,0.533,0.5479021,0.6624198,False
1969,0.59275,0.6995,0.6063385,0.9310799,False
1970,0.51525,0.467,0.52053344,0.59358186,False
1971,0.49275,0.22775,0.49125266,0.35716322,False
1972,0.09775,0.00675,0.046461016,0.12015476,False
1973,0.066,0.477,0.02165018,0.6026641,False
1974,0.06025,0.09925,0.017923208,0.24528751,False
1975,0.05225,0.275,0.012714822,0.39861754,False
1976,0.60525,0.44775,0.618132,0.5743704,True
1977,0.40925,0.1975,0.38840377,0.3305289,False
1978,0.453,0.25075,0.44429642,0.3785214,False
1979,0.155,0.82925,0.10372534,1.3085952,False
1980,0.7275,0.83925,0.75687295,1.3628496,True
1981,0.95575,0.7805,0.97040766,1.1394411,True
1982,0.751,0.77725,0.7847476,1.130258,True
1983,0.44425,0.9435,0.4343542,2.2496657,False
1984,0.2,0.50825,0.15956673,0.6356462,False
1985,0.351,0.88,0.33110648,1.5719621,False
1986,0.1305,0.97825,0.07888112,4.567899,False
1987,0.57275,0.6815,0.5880615,0.8932047,False
1988,0.83375,0.7715,0.87799644,1.10739,True
1989,0.83875,0.924,0.88402265,1.9653622,True
1990,0.2635,0.33275,0.2315483,0.45129296,False
1991,0.24,0.49125,0.201623,0.6187541,False
1992,0.2775,0.1595,0.24645649,0.30011487,False
1993,0.3485,0.3125,0.32806805,0.42865825,False
1994,0.16075,0.13275,0.11225828,0.28011817,False
1995,0.08375,0.0125,0.03512662,0.13496266,False
1996,0.00925,0.4025,6.671366e-05,0.52389175,False
1997,0.00875,0.93875,6.237688e-05,2.1976159,False
1998,0.86375,0.88275,0.9035758,1.5905337,True
1999,0.6845,0.76025,0.7052101,1.0822849,True
2000,0.4605,0.857,0.45319492,1.4397413,False
2001,0.406,0.87575,0.38409743,1.5424402,False
2002,0.785,0.8515,0.8222823,1.4236294,True
2003,0.56875,0.0145,0.58473295,0.13798177,False
2004,0.63375,0.2625,0.6481978,0.387511,True
2005,0.31725,0.4215,0.29068992,0.54302835,False
2006,0.27425,0.30925,0.2434052,0.42675433,False
2007,0.255,0.34575,0.22031265,0.4636669,False
2008,0.76825,0.86525,0.8041637,1.4716337,True
2009,0.50725,0.6735,0.5103558,0.87736934,False
2010,0.37225,0.47225,0.35361937,0.5989274,False
2011,0.3655,0.27825,0.34744987,0.40105382,False
2012,0.173,0.0605,0.12777185,0.20317966,False
2013,0.095,0.54675,0.044696316,0.6799569,False
2014,0.116,0.17175,0.06506168,0.30997205,False
2015,0.634,0.6255,0.64847094,0.78756857,True
2016,0.7795,0.51775,0.816208,0.6475167,True
2017,0.1495,0.8825,0.09792623,1.5870757,False
2018,0.15525,0.90325,0.10372776,1.742771,False
2019,0.7155,0.242,0.74039525,0.3704226,True
2020,0.798,0.647,0.83965576,0.82790864,True
2021,0.9105,0.44675,0.94244295,0.57328886,True
2022,0.32975,0.03725,0.30547667,0.17128709,False
2023,0.07625,0.6135,0.029143235,0.766446,False
2024,0.11475,0.459,0.06419859,0.5856554,False
2025,0.167,0.40025,0.12063159,0.522456,False
2026,0.32275,0.57,0.29586342,0.7106925,False
2027,0.3535,0.03025,0.33539462,0.16196547,False
2028,0.18325,0.59725,0.13699357,0.740253,False
2029,0.04825,0.10625,0.010112932,0.25136948,False
2030,0.83625,0.39775,0.8817074,0.5194848,True
2031,0.72225,0.17225,0.7495681,0.31028843,True
2032,0.3075,0.1125,0.2801442,0.25667396,False
2033,0.1695,0.25975,0.124666356,0.3858816,False
2034,0.07875,0.4015,0.031129207,0.52331454,False
2035,0.07325,0.74875,0.026836274,1.0521197,False
2036,0.07275,0.1815,0.026465118,0.3180061,False
2037,0.89625,0.815,0.93148327,1.244579,True
2038,0.21275,0.63975,0.17416605,0.8132439,False
2039,0.104,0.3645,0.052901547,0.48776725,False
2040,0.087,0.3355,0.037285686,0.4541687,False
2041,0.68575,0.442,0.70771205,0.56916857,True
2042,0.602,0.9825,0.6148852,5.705613,True
2043,0.2455,0.84425,0.20819317,1.386199,False
2044,0.2695,0.59675,0.23863,0.7398907,False
2045,0.1875,0.8185,0.14309213,1.2592778,False
2046,0.138,0.3695,0.08597663,0.49161828,False
2047,0.07075,0.37825,0.024492834,0.49822092,False
2048,0.14475,0.9595,0.09326072,2.8006494,False
2049,0.7805,0.4735,0.8166231,0.5992908,True
2050,0.3185,0.384,0.2915754,0.5051511,False
2051,0.87475,0.8025,0.9130838,1.2047215,True
2052,0.81325,0.00325,0.85665023,0.09444047,True
2053,0.60275,0.02125,0.6159962,0.15132426,True
2054,0.21625,0.331,0.17863853,0.44977754,False
2055,0.34275,0.344,0.31848377,0.4612383,False
2056,0.70875,0.70775,0.7332468,0.955343,True
2057,0.9335,0.28175,0.95714945,0.40446398,True
2058,0.4355,0.8345,0.42492062,1.3372506,False
2059,0.95775,0.85275,0.9716746,1.4273124,True
2060,0.57575,0.04225,0.5908423,0.18045005,False
2061,0.8705,0.791,0.90885574,1.168872,True
2062,0.42575,0.21075,0.40865934,0.34076238,False
2063,0.96025,0.88175,0.97334576,1.5827322,True
2064,0.83825,0.718,0.88321364,0.98456836,True
2065,0.865,0.57125,0.90427583,0.71226805,True
2066,0.233,0.2075,0.1943566,0.33918273,False
2067,0.308,0.4565,0.28174952,0.5836756,False
2068,0.76,0.91575,0.79433995,1.8746886,True
2069,0.15375,0.74525,0.10317982,1.0438889,False
2070,0.50875,0.6245,0.5119999,0.78607357,False
2071,0.60375,0.742,0.61681587,1.0347419,True
2072,0.50475,0.0785,0.50766623,0.22467479,False
2073,0.1075,0.2205,0.057339758,0.34954324,False
2074,0.03025,0.54825,0.00250328,0.6821385,False
2075,0.13,0.77525,0.07810138,1.1236658,False
2076,0.13225,0.089,0.07983898,0.23503037,False
2077,0.78575,0.02775,0.823342,0.15841013,True
2078,0.34625,0.1255,0.32414794,0.27299887,False
2079,0.2795,0.09475,0.24856518,0.24107921,False
2080,0.54875,0.1865,0.557732,0.32113734,False
2081,0.74225,0.02525,0.77236485,0.15525211,True
2082,0.64525,0.07775,0.6610014,0.2242747,True
2083,0.6205,0.74475,0.6361627,1.0417817,True
2084,0.7685,0.28325,0.8046934,0.40548354,True
2085,0.85375,0.68775,0.8935028,0.9041389,True
2086,0.57225,0.332,0.58732027,0.45063868,False
2087,0.1365,0.423,0.08455499,0.5438291,False
2088,0.08825,0.58375,0.038411863,0.7262901,False
2089,0.795,0.883,0.83615386,1.5912149,True
2090,0.68175,0.40325,0.70228165,0.5245063,True
2091,0.86675,0.39825,0.90538013,0.5197181,True
2092,0.43275,0.839,0.42048025,1.3621378,False
2093,0.647,0.0015,0.66298956,0.08224965,True
2094,0.7335,0.73825,0.7625115,1.0297017,True
2095,0.56275,0.317,0.57860196,0.43326136,False
2096,0.219,0.0535,0.18066905,0.19481704,False
2097,0.587,0.263,0.6009253,0.3876891,False
2098,0.24325,0.20325,0.20661496,0.3355116,False
2099,0.16175,0.3875,0.11446445,0.5102824,False
2100,0.5705,0.81225,0.58598447,1.2356603,False
2101,0.531,0.0365,0.53934926,0.16900764,False
2102,0.6085,0.806,0.6235804,1.2169579,True
2103,0.70525,0.30075,0.7282517,0.41969144,True
2104,0.45725,0.333,0.4496654,0.45150757,False
2105,0.595,0.08325,0.60806054,0.2292075,True
2106,0.8475,0.06525,0.8875893,0.20899704,True
2107,0.59425,0.3945,0.60771066,0.51576424,True
2108,0.4745,0.6865,0.4674337,0.90365636,False
2109,0.516,0.50075,0.52062064,0.6288165,False
2110,0.43225,0.3105,0.4200714,0.42728737,False
2111,0.0975,0.752,0.046408318,1.0593728,False
2112,0.535,0.4665,0.5427105,0.59268945,False
2113,0.5235,0.399,0.5296199,0.5206755,False
2114,0.487,0.134,0.48368683,0.2815257,False
2115,0.118,0.2445,0.067706905,0.3721965,False
2116,0.662,0.067,0.68142813,0.21056741,True
2117,0.74525,0.6965,0.7783038,0.9250099,True
2118,0.50275,0.14875,0.5064365,0.29196388,False
2119,0.55025,0.3195,0.56167614,0.4357439,False
2120,0.75675,0.1755,0.7896861,0.313054,True
2121,0.56775,0.2935,0.5837592,0.41515785,False
2122,0.88975,0.106,0.9255729,0.25135735,True
2123,0.50025,0.615,0.5002983,0.7685374,False
2124,0.826,0.29575,0.8705564,0.4166048,True
2125,0.2125,0.9035,0.17377073,1.7429978,False
2126,0.2465,0.96625,0.20877653,3.0670984,False
2127,0.8955,0.861,0.9311117,1.4567937,True
2128,0.519,0.4545,0.52468604,0.5809222,False
2129,0.36175,0.61825,0.34479496,0.7759201,False
2130,0.357,0.5685,0.33908153,0.7084732,False
2131,0.47075,0.2245,0.46367386,0.35369775,False
2132,0.1465,0.01075,0.095109425,0.13097498,False
2133,0.14575,0.94825,0.094056584,2.3575919,False
2134,0.67275,0.426,0.6926725,0.54859346,True
2135,0.19125,0.946,0.14951319,2.2977605,False
2136,0.8785,0.52575,0.916807,0.6554144,True
2137,0.5155,0.21325,0.52060276,0.34301862,False
2138,0.5055,0.30875,0.50812835,0.42662135,False
2139,0.66675,0.288,0.6859006,0.4099687,True
2140,0.25425,0.02025,0.21964268,0.15050852,False
2141,0.85175,0.03675,0.89189565,0.16930835,True
2142,0.747,0.245,0.7791489,0.3728888,True
2143,0.61725,0.218,0.6327237,0.34769377,True
2144,0.62175,0.531,0.6374665,0.65957576,True
2145,0.68225,0.229,0.7024991,0.35764608,True
2146,0.6095,0.37975,0.62446296,0.5002379,True
2147,0.44075,0.37325,0.43079683,0.4944457,False
2148,0.15,0.8985,0.098487,1.7042738,False
2149,0.08875,0.5,0.038552053,0.62829506,False
2150,0.3595,0.0665,0.34192118,0.21021748,False
2151,0.2255,0.572,0.18685044,0.7134567,False
2152,0.19075,0.4495,0.14874502,0.57527494,False
2153,0.16975,0.199,0.12510411,0.33154863,False
2154,0.1755,0.40225,0.12951091,0.52354956,False
2155,0.1565,0.93675,0.10514412,2.169215,False
2156,0.872,0.91975,0.9106937,1.9171468,True
2157,0.652,0.8105,0.6689931,1.2305712,True
2158,0.61875,0.25425,0.6337349,0.38132578,True
2159,0.61175,0.196,0.6263957,0.32995003,True
2160,0.4135,0.27625,0.39326292,0.39917177,False
2161,0.029,0.40175,0.0022404552,0.5233914,False
2162,0.0325,0.5365,0.003577802,0.66703653,False
2163,0.0365,0.161,0.00490388,0.30048501,False
2164,0.02225,0.395,0.00087411905,0.51651734,False
2165,0.266,0.32,0.23351537,0.4360393,False
2166,0.26825,0.04025,0.236405,0.17613582,False
2167,0.4335,0.2785,0.4209619,0.40105447,False
2168,0.834,0.36325,0.8783057,0.4872648,True
2169,0.76325,0.20275,0.7981169,0.3351696,True
2170,0.35575,0.12225,0.3385673,0.26886684,False
2171,0.24675,0.13975,0.20929156,0.2861439,False
2172,0.055,0.03375,0.014553063,0.16669801,False
2173,0.15625,0.0025,0.104458846,0.09133802,False
2174,0.02125,0.1705,0.0007240173,0.30784467,False
2175,0.01575,0.35375,0.00045339207,0.47657317,False
2176,0.015,0.83775,0.00035616127,1.3581319,False
2177,0.0175,0.9415,0.00053811836,2.2244358,False
2178,0.64675,0.26325,0.6629248,0.3882573,True
2179,0.7765,0.12125,0.8120881,0.2675165,True
2180,0.34375,0.47975,0.3204041,0.6066035,False
2181,0.94175,0.70925,0.9618928,0.95923513,True
2182,0.37725,0.164,0.35686997,0.30309054,False
2183,0.16375,0.04275,0.11589004,0.18130302,False
2184,0.007,0.25125,2.3242279e-05,0.37881312,False
2185,0.00625,0.778,1.3557812e-05,1.1322652,False
2186,0.00825,0.4605,3.818459e-05,0.58708286,False
2187,0.008,0.2995,3.7211896e-05,0.4184158,False
2188,0.01375,0.24775,0.00017371765,0.37442932,False
2189,0.489,0.04825,0.4855304,0.18720743,False
2190,0.9775,0.1735,0.98365474,0.31134546,True
2191,0.43025,0.24475,0.41603765,0.37241027,False
2192,0.4945,0.54575,0.4936312,0.6782777,False
2193,0.7365,0.491,0.7664836,0.6186554,True
2194,0.6345,0.006,0.6492601,0.11263649,True
2195,0.9695,0.02625,0.9773983,0.15601894,True
2196,0.46575,0.3545,0.4576121,0.47691625,False
2197,0.47575,0.31225,0.46990535,0.42847145,False
2198,0.23825,0.5615,0.19842118,0.69724053,False
2199,0.18075,0.26575,0.13424145,0.38931403,False
2200,0.33625,0.096,0.3108649,0.24151522,False
2201,0.2195,0.9455,0.18079948,2.2888107,False
2202,0.81775,0.65825,0.86164165,0.85056406,True
2203,0.86775,0.5235,0.90617514,0.6524991,True
2204,0.8335,0.323,0.877515,0.44061223,True
2205,0.38075,0.6505,0.36008364,0.83609134,False
2206,0.33825,0.432,0.3137321,0.5546935,False
2207,0.2645,0.28625,0.2328496,0.40769815,False
2208,0.91075,0.4355,0.9430488,0.5597752,True
2209,0.63,0.0475,0.6443997,0.18676256,True
2210,0.60725,0.104,0.6209174,0.24959123,True
2211,0.88775,0.9045,0.9238055,1.748706,True
2212,0.4285,0.92025,0.41380027,1.9192936,False
2213,0.0735,0.5495,0.026859298,0.68322057,False
2214,0.07775,0.7355,0.0306802,1.0197276,False
2215,0.0785,0.74325,0.030939199,1.0376368,False
2216,0.207,0.56425,0.16988438,0.7015805,False
2217,0.6145,0.24525,0.62941736,0.37303233,True
2218,0.1745,0.2055,0.12877837,0.33726636,False
2219,0.84625,0.5875,0.8873551,0.72932976,True
2220,0.474,0.062,0.46584666,0.20575444,False
2221,0.4995,0.42775,0.4993786,0.5496068,False
2222,0.986,0.58525,0.9888496,0.7281199,True
2223,1.0,0.9355,0.9998779,2.1455455,True
2224,0.27175,0.958,0.24117473,2.7240953,False
2225,0.855,0.34,0.8950842,0.4587242,True
2226,0.85675,0.641,0.896707,0.8170742,True
2227,0.56075,0.209,0.57629395,0.3397719,False
2228,0.158,0.5965,0.10633878,0.73854405,False
2229,0.08125,0.93,0.033256546,2.063422,False
2230,0.9015,0.8855,0.9358401,1.6039377,True
2231,0.84175,0.3575,0.8859128,0.48069438,True
2232,0.7245,0.54875,0.7540269,0.6826825,True
2233,0.23575,0.27425,0.19535483,0.39786783,False
2234,0.26425,0.19775,0.23272762,0.33069167,False
2235,0.108,0.587,0.058817763,0.7293115,False
2236,0.4295,0.74175,0.4149828,1.034594,False
2237,0.79225,0.3985,0.83077985,0.52048886,True
2238,0.6365,0.5025,0.6501457,0.63064295,True
2239,0.71925,0.21,0.7456013,0.3404989,True
2240,0.96525,0.50925,0.97560567,0.6368034,True
2241,0.70225,0.02175,0.7250086,0.15170725,True
2242,0.36875,0.125,0.35098663,0.2727735,False
2243,0.97575,0.92675,0.9828166,1.9954112,True
2244,0.737,0.88825,0.76694584,1.6157824,True
2245,0.918,0.39975,0.9484862,0.52217805,True
2246,0.99425,0.07575,0.99434835,0.22192517,True
2247,0.90875,0.41325,0.9415701,0.5337961,True
2248,0.248,0.07675,0.21079886,0.22305633,False
2249,0.21975,0.73525,0.18137506,1.0194589,False
2250,0.48675,0.03775,0.4835894,0.17205472,False
2251,0.93225,0.0615,0.9562606,0.20555133,True
2252,0.582,0.44225,0.59635705,0.5693922,False
2253,0.35275,0.14775,0.33460018,0.2915596,False
2254,0.80825,0.511,0.850517,0.6392546,True
2255,0.27475,0.03525,0.24371289,0.16782886,False
2256,0.29125,0.3775,0.26321793,0.49735323,False
2257,0.72325,0.62375,0.7527026,0.78518414,True
2258,0.38575,0.8885,0.36455306,1.6202624,False
2259,0.29025,0.50625,0.26108965,0.6343867,False
2260,0.54725,0.822,0.55612063,1.2776227,False
2261,0.4265,0.358,0.40878582,0.48112306,False
2262,0.53,0.05775,0.5376895,0.19976474,False
2263,0.28375,0.707,0.2549082,0.95423436,False
2264,0.1195,0.872,0.06929392,1.5157429,False
2265,0.12,0.935,0.06971674,2.1400278,False
2266,0.1175,0.483,0.066954404,0.6101672,False
2267,0.89075,0.84325,0.9270586,1.3825434,True
2268,0.5395,0.86025,0.5483998,1.4527013,False
2269,0.518,0.39425,0.5231046,0.515715,False
2270,0.951,0.7265,0.9671087,1.0008013,True
2271,0.65975,0.6285,0.6796859,0.7917879,True
2272,0.69275,0.197,0.717032,0.33039695,True
2273,0.71475,0.23375,0.7402271,0.36250913,True
2274,0.604,0.45925,0.6170309,0.58599496,True
2275,0.4045,0.88975,0.3816563,1.628038,False
2276,0.83,0.68525,0.8748549,0.90024644,True
2277,0.62725,0.6435,0.64202815,0.8215887,True
2278,0.28175,0.9775,0.25219962,4.3690763,False
2279,0.80475,0.4525,0.8464722,0.57913953,True
2280,0.83275,0.909,0.8766986,1.7911503,True
2281,0.9005,0.3705,0.9354649,0.49217936,True
2282,0.5605,0.70525,0.5755013,0.947543,False
2283,0.46325,0.45225,0.45532954,0.5790176,False
2284,0.6805,0.91275,0.7014986,1.8352698,True
2285,0.231,0.879,0.19247587,1.5639969,False
2286,0.98225,0.40075,0.9862808,0.52290636,True
2287,0.73325,0.7035,0.7617906,0.9433285,True
2288,0.70725,0.451,0.7310171,0.57743233,True
2289,0.52525,0.3405,0.5318015,0.45924664,False
2290,0.14975,0.322,0.098442905,0.439277,False
2291,0.483,0.00875,0.4813047,0.1266067,False
2292,0.409,0.04425,0.38728222,0.18232915,False
2293,0.64075,0.04,0.653766,0.17591256,True
2294,0.3295,0.448,0.30535758,0.5743764,False
2295,0.2215,0.0435,0.18243533,0.1819044,False
2296,0.1985,0.2005,0.15790945,0.33308432,False
2297,0.1155,0.509,0.06475668,0.63679624,False
2298,0.07975,0.45075,0.03220952,0.57729584,False
2299,0.0925,0.2035,0.041918747,0.33591163,False
2300,0.82875,0.75625,0.8729482,1.0715989,True
2301,0.63825,0.264,0.6521941,0.38858184,True
2302,0.33975,0.50275,0.3161412,0.63086563,False
2303,0.80875,0.8685,0.8519427,1.4906772,True
2304,0.888,0.67025,0.9238368,0.872202,True
2305,0.9045,0.0275,0.93891793,0.15818068,True
2306,0.258,0.10325,0.22469066,0.24846971,False
2307,0.241,0.2165,0.2029961,0.3462063,False
2308,0.5565,0.38425,0.56849414,0.50598145,False
2309,0.53675,0.147,0.5462817,0.29098624,False
2310,0.4925,0.6935,0.4911249,0.91939974,False
2311,0.60975,0.569,0.6245141,0.7093604,True
2312,0.43675,0.158,0.42653278,0.2994246,False
2313,0.33425,0.27275,0.30886242,0.39665243,False
2314,0.4205,0.50475,0.4047354,0.63258785,False
2315,0.2845,0.85675,0.2554328,1.4392806,False
2316,0.9225,0.1235,0.95067173,0.2698647,True
2317,0.79425,0.45775,0.8342837,0.5845743,True
2318,0.80925,0.15125,0.85252476,0.29436374,True
2319,0.79575,0.2945,0.83679867,0.4159111,True
2320,0.6555,0.4705,0.6742899,0.5976126,True
2321,0.978,0.14,0.98388284,0.2865628,True
2322,0.55475,0.42925,0.56638855,0.5515683,False
2323,0.63125,0.09675,0.64541924,0.2424058,True
2324,0.043,0.9475,0.0076994104,2.3151114,False
2325,0.91825,0.7855,0.9488389,1.1555846,True
2326,0.911,0.96675,0.9435554,3.1073954,True
2327,0.84075,0.81725,0.8854383,1.255819,True
2328,0.83675,0.60975,0.8818754,0.75919986,True
2329,0.98025,0.66025,0.98518556,0.85473233,True
2330,0.749,0.20475,0.78193855,0.336429,True
2331,0.776,0.25025,0.81163484,0.37780976,True
2332,0.7095,0.73875,0.733666,1.0304605,True
2333,0.4635,0.79975,0.45537844,1.1935252,False
2334,0.4375,0.78475,0.4278032,1.1518034,False
2335,0.42525,0.797,0.40820163,1.1876423,False
2336,0.35775,0.6315,0.33979598,0.7984044,False
2337,0.35225,0.8835,0.33353442,1.5954504,False
2338,0.08975,0.971,0.039449688,3.5319257,False
2339,0.15025,0.16025,0.0985591,0.3002989,False
2340,0.39375,0.3075,0.3705767,0.4250578,False
2341,0.17075,0.776,0.12562713,1.1259148,False
2342,0.2785,0.87775,0.2479077,1.5539078,False
2343,0.256,0.73975,0.222434,1.031802,False
2344,0.407,0.0895,0.38527662,0.23614648,False
2345,0.561,0.11725,0.5765851,0.26171204,False
2346,0.40875,0.00075,0.38705954,0.079397574,False
2347,0.251,0.32475,0.21434999,0.44174767,False
2348,0.28425,0.08775,0.25521874,0.2339018,False
2349,0.91175,0.932,0.9439938,2.0944047,True
2350,0.336,0.43725,0.3105665,0.5631232,False
2351,0.648,0.03975,0.6645444,0.17588003,True
2352,0.413,0.05025,0.3925442,0.19067486,False
2353,0.5645,0.4575,0.58083653,0.5844556,False
2354,0.145,0.0875,0.09345653,0.23380204,False
2355,0.13625,0.1695,0.08453224,0.30700383,False
2356,0.12925,0.66975,0.0776656,0.8714202,False
2357,0.706,0.9515,0.72995085,2.481431,True
2358,0.39425,0.69075,0.37109035,0.91110903,False
2359,0.1915,0.6775,0.15004297,0.88654995,False
2360,0.175,0.7525,0.12886527,1.0610982,False
2361,0.17125,0.7045,0.12598245,0.9454213,False
2362,0.25375,0.49225,0.21853125,0.6195261,False
2363,0.82775,0.321,0.8719049,0.4375637,True
2364,0.7395,0.965,0.7691442,3.018974,True
2365,0.89875,0.9745,0.9342216,4.1161885,True
2366,0.891,0.38225,0.9274207,0.50253326,True
2367,0.782,0.542,0.8181384,0.67176735,True
2368,0.61975,0.5765,0.6348636,0.71769565,True
2369,0.3005,0.48375,0.27263454,0.61101437,False
2370,0.15575,0.66725,0.10429601,0.8658267,False
2371,0.0945,0.09575,0.04467093,0.24145985,False
2372,0.71875,0.794,0.74470097,1.18032,True
2373,0.1795,0.06775,0.13220352,0.21124877,False
2374,0.171,0.2985,0.12597412,0.41785768,False
2375,0.135,0.58175,0.08381428,0.7244732,False
2376,0.9205,0.61325,0.94943845,0.7664002,True
2377,0.67125,0.67425,0.6914923,0.8798163,True
2378,0.58925,0.4335,0.60365146,0.5569571,False
2379,0.7485,0.98675,0.78154415,7.858878,True
2380,0.39175,0.903,0.36910832,1.7418077,False
2381,0.307,0.279,0.27982715,0.40153658,False
2382,0.56825,0.09275,0.5839313,0.2397165,False
2383,0.2895,0.109,0.26043645,0.254459,False
2384,0.2975,0.2085,0.27036133,0.3395184,False
2385,0.19275,0.9425,0.15214951,2.232163,False
2386,0.84975,0.34525,0.89011097,0.46239558,True
2387,0.6275,0.56675,0.6420972,0.7054478,True
2388,0.2625,0.4745,0.23028076,0.60057837,False
2389,0.2325,0.2375,0.19388111,0.36654,False
2390,0.12225,0.1395,0.07095984,0.28594425,False
2391,0.12825,0.22375,0.07689705,0.35269535,False
2392,0.084,0.04875,0.035390675,0.18918468,False
2393,0.02375,0.37075,0.0010351875,0.4925615,False
2394,0.4395,0.48825,0.42955524,0.6156827,False
2395,0.213,0.2845,0.17504491,0.40618154,False
2396,0.71325,0.033,0.7384132,0.16616167,True
2397,0.47325,0.08375,0.46550182,0.23038648,False
2398,0.42825,0.8225,0.41306168,1.2791396,False
2399,0.7755,0.78825,0.8109762,1.1596016,True
2400,0.385,0.28225,0.36396697,0.4045602,False
2401,0.4225,0.07125,0.4068096,0.21559283,False
2402,0.21075,0.13475,0.17280078,0.28199863,False
2403,0.24575,0.46925,0.2082086,0.5961184,False
2404,0.2005,0.4095,0.15982927,0.531313,False
2405,0.06675,0.15,0.022012025,0.29306808,False
2406,0.49375,0.41525,0.4930464,0.5357167,False
2407,0.88025,0.37,0.9182074,0.4920291,True
2408,0.66975,0.29725,0.68950003,0.41720998,True
2409,0.11225,0.5785,0.06124342,0.71987313,False
2410,0.1185,0.18925,0.06809063,0.3228869,False
2411,0.05275,0.37725,0.012915174,0.49686188,False
2412,0.0505,0.259,0.011898681,0.3848996,False
2413,0.02425,0.1535,0.0011674042,0.29608747,False
2414,0.68975,0.02825,0.7135254,0.1588559,True
2415,0.745,0.0215,0.7778766,0.15155496,True
2416,0.44575,0.34775,0.43612388,0.46824348,False
2417,0.51725,0.39225,0.52263314,0.51299685,False
2418,0.1345,0.38675,0.08370953,0.5096239,False
2419,0.39,0.512,0.36791298,0.63960844,False
2420,0.2175,0.1805,0.17964248,0.3173389,False
2421,0.1675,0.299,0.12112143,0.41808718,False
2422,0.09675,0.10475,0.04549035,0.25041318,False
2423,0.13025,0.11925,0.07868936,0.26442456,False
2424,0.3165,0.80625,0.28800982,1.2183913,False
2425,0.88125,0.798,0.9187554,1.1892743,True
2426,0.33,0.83725,0.306154,1.3557183,False
2427,0.278,0.3525,0.24747354,0.4753637,False
2428,0.261,0.06325,0.22857954,0.20704025,False
2429,0.92875,0.77275,0.95496887,1.1165895,True
2430,0.72525,0.1285,0.7552777,0.27714536,True
2431,0.12725,0.51825,0.0761621,0.6484095,False
2432,0.11925,0.5895,0.06925356,0.73083675,False
2433,0.09425,0.523,0.04388308,0.6524569,False
2434,0.04375,0.46375,0.008032658,0.5894689,False
2435,0.2945,0.27125,0.26710477,0.39575216,False
2436,0.49875,0.526,0.4985278,0.655632,False
2437,0.96675,0.433,0.9763779,0.5565624,True
2438,0.808,0.48325,0.85044837,0.61035943,True
2439,0.65575,0.86675,0.6744584,1.4807338,True
2440,0.55325,0.42575,0.5641386,0.5484062,False
2441,0.4,0.597,0.3768277,0.7401168,False
2442,0.27625,0.16825,0.24560292,0.30614024,False
2443,0.10275,0.0395,0.05194299,0.17460233,False
2444,0.04225,0.50675,0.007503122,0.63489014,False
2445,0.048,0.1265,0.009881559,0.2738904,False
2446,0.983,0.47525,0.98643315,0.6013918,True
2447,0.3395,0.475,0.31566724,0.6010936,False
2448,0.2115,0.6205,0.17345096,0.780784,False
2449,0.02875,0.40875,0.0022014815,0.53047335,False
2450,0.01925,0.47125,0.00060621684,0.59809804,False
2451,0.025,0.9075,0.0013200616,1.7769996,False
2452,0.6865,0.225,0.70823866,0.35399166,True
2453,0.87575,0.48275,0.9138464,0.6099749,True
2454,0.70775,0.21525,0.732013,0.3455284,True
2455,0.607,0.3365,0.62075925,0.45544997,True
2456,0.124,0.382,0.07436092,0.5021943,False
2457,0.224,0.564,0.1848428,0.7012286,False
2458,0.75875,0.858,0.79170716,1.4428653,True
2459,0.638,0.356,0.65218353,0.47919372,True
2460,0.2685,0.51625,0.23641217,0.6447025,False
2461,0.9605,0.724,0.9734649,0.9951389,True
2462,0.649,0.119,0.6660536,0.26419774,True
2463,0.98075,0.6585,0.9854841,0.8509176,True
2464,0.8115,0.75125,0.8553769,1.0562122,True
2465,0.53025,0.906,0.53845656,1.7621883,False
2466,0.8025,0.71175,0.8452004,0.9663159,True
2467,0.93325,0.8325,0.9570272,1.3279347,True
2468,0.44825,0.867,0.439408,1.4828789,False
2469,0.6495,0.67325,0.66622007,0.8768361,True
2470,0.7965,0.7155,0.8377916,0.97759885,True
2471,0.4495,0.64275,0.4404887,0.8204698,False
2472,0.10675,0.5005,0.056511544,0.62854296,False
2473,0.491,0.38075,0.48794577,0.50117314,False
2474,0.032,0.2485,0.0032827798,0.37537187,False
2475,0.026,0.31525,0.0014840543,0.43125018,False
2476,0.01825,0.2685,0.0005662738,0.39186057,False
2477,0.0045,0.01125,4.4124627e-06,0.13226442,False
2478,0.0055,0.0305,6.0042516e-06,0.16212066,False
2479,0.00575,0.892,1.1106659e-05,1.640717,False
2480,0.753,0.269,0.7872625,0.39234322,True
2481,0.43325,0.20725,0.42072326,0.3391395,False
2482,0.438,0.05675,0.42811525,0.19898358,False
2483,0.5585,0.58875,0.5711629,0.7298767,False
2484,0.56675,0.895,0.5824926,1.671494,False
2485,0.99825,0.232,0.9986986,0.3612965,True
2486,0.5655,0.482,0.581482,0.608477,False
2487,0.49525,0.4825,0.49446207,0.60950243,False
2488,0.4185,0.85075,0.4012229,1.4189405,False
2489,0.92175,0.481,0.95012,0.60792905,True
2490,0.62275,0.1155,0.63847166,0.2601123,True
2491,0.5355,0.00925,0.5438374,0.12846105,False
2492,0.40575,0.18075,0.3839687,0.31770584,False
2493,0.154,0.88725,0.10321714,1.6145103,False
2494,0.84,0.498,0.8849602,0.6257422,True
2495,0.033,0.01725,0.003636086,0.14351873,False
2496,0.3095,0.66925,0.28298178,0.8703085,False
2497,0.32575,0.098,0.3003789,0.2441268,False
2498,0.23275,0.073,0.19418377,0.21816961,False
2499,0.058,0.29075,0.01669761,0.41247913,False
2500,0.318,0.94625,0.29093635,2.3005805,False
2501,0.87375,0.6595,0.9124299,0.8530244,True
2502,0.51975,0.15325,0.5252375,0.29587868,False
2503,0.37675,0.52725,0.3563919,0.6570693,False
2504,0.23,0.8595,0.19173701,1.4497021,False
2505,0.45075,0.091,0.44131827,0.23859611,False
2506,0.55425,0.60525,0.5660221,0.7541662,False
2507,0.68475,0.66,0.7055703,0.85468376,True
2508,0.75925,0.82125,0.7926328,1.2757828,True
2509,0.36675,0.6305,0.34859884,0.7973567,False
2510,0.32625,0.75725,0.30197123,1.073936,False
2511,0.78275,0.62925,0.8191435,0.79442525,True
2512,0.8505,0.364,0.8909996,0.48764232,True
2513,0.88225,0.9505,0.91957694,2.4526653,True
2514,0.39975,0.48875,0.37665263,0.61611897,False
2515,0.4655,0.2605,0.45747218,0.38641134,False
2516,0.97775,0.314,0.9836982,0.43044287,True
2517,0.71,0.16875,0.7341592,0.3062674,True
2518,0.19925,0.22925,0.15835497,0.35797477,False
2519,0.132,0.796,0.07942678,1.1861662,False
2520,0.097,0.80875,0.045638595,1.2238294,False
2521,0.94275,0.336,0.96237487,0.4549464,True
2522,0.75125,0.162,0.7851164,0.3014145,True
2523,0.82625,0.1175,0.870582,0.26283705,True
2524,0.65475,0.3425,0.67371815,0.46036574,True
2525,0.65375,0.11775,0.67222756,0.26289332,True
2526,0.7075,0.10875,0.73146313,0.25395778,True
2527,0.6655,0.7245,0.68434983,0.9971385,True
2528,0.91925,0.82225,0.9490836,1.2789873,True
2529,0.548,0.407,0.55690366,0.52895707,False
2530,0.56625,0.71025,0.58190167,0.9624453,False
2531,0.361,0.7345,0.34376514,1.0175778,False
2532,0.347,0.93775,0.32444248,2.1874049,False
2533,0.9415,0.9445,0.9618744,2.2772386,True
2534,0.645,0.899,0.66016424,1.7085497,True
2535,0.73425,0.82075,0.76363736,1.2743223,True
2536,0.69675,0.51175,0.72066516,0.63958395,True
2537,0.6295,0.957,0.64391875,2.6986885,True
2538,0.922,0.69,0.95050645,0.90935344,True
2539,0.958,0.65975,0.9716869,0.85337645,True
2540,0.56325,0.65375,0.5799681,0.8428072,False
2541,0.17175,0.78875,0.12677726,1.1602962,False
2542,0.2385,0.91775,0.20039958,1.8921293,False
2543,0.51475,0.74625,0.5204938,1.0466454,False
2544,0.20925,0.869,0.17172867,1.492394,False
2545,0.868,0.9485,0.90652496,2.3722632,True
2546,0.81125,0.89675,0.8548236,1.690761,True
2547,0.712,0.56475,0.7372078,0.70204544,True
2548,0.606,0.19375,0.6194218,0.3284624,True
2549,0.10125,0.645,0.050372057,0.8259847,False
2550,0.3855,0.79575,0.36422032,1.1860459,False
2551,0.76225,0.31,0.79682785,0.42720702,True
2552,0.7555,0.7435,0.7884343,1.0383728,True
2553,0.077,0.60825,0.03013109,0.7566202,False
2554,0.01075,0.0515,7.852623e-05,0.1920983,False
2555,0.01675,0.28575,0.0005161689,0.40729025,False
2556,0.005,0.468,5.1118877e-06,0.5943761,False
2557,0.83075,0.83875,0.8758684,1.3612852,True
2558,0.4275,0.94175,0.41083562,2.2248623,False
2559,0.54775,0.5535,0.5562985,0.6890673,False
2560,0.49725,0.213,0.49706116,0.3429012,False
2561,0.1665,0.408,0.12004842,0.5299131,False
2562,0.13125,0.39325,0.07917455,0.5145304,False
2563,0.128,0.26625,0.07686464,0.39005825,False
2564,0.06525,0.6545,0.021221742,0.84438527,False
2565,0.86575,0.893,0.90457195,1.6511132,True
2566,0.283,0.7095,0.253552,0.95971185,False
2567,0.3545,0.4995,0.33657268,0.6269928,False
2568,0.82075,0.58225,0.86412036,0.72487444,True
2569,0.32,0.282,0.29358846,0.40446874,False
2570,0.39575,0.19425,0.37275845,0.3287589,False
2571,0.38125,0.35,0.36016044,0.47221956,False
2572,0.3125,0.014,0.28519478,0.13635698,False
2573,0.84575,0.012,0.88706243,0.13332579,True
2574,0.6575,0.8365,0.6771336,1.3490899,True
2575,0.70375,0.48725,0.72574323,0.6152221,True
2576,0.13425,0.45525,0.08350182,0.58259207,False
2577,0.247,0.23,0.2094981,0.3587902,False
2578,0.998,0.7685,0.99840045,1.0985287,True
2579,0.70075,0.5145,0.7233351,0.6433255,True
2580,0.27,0.4405,0.23929515,0.5668001,False
2581,0.8865,0.92225,0.92210865,1.9467671,True
2582,0.952,0.81,0.9682028,1.2275205,True
2583,0.7925,0.51125,0.83187604,0.6395274,True
2584,0.843,0.635,0.8862397,0.80440456,True
2585,0.901,0.618,0.9356067,0.77529895,True
2586,0.71625,0.712,0.7408764,0.96639264,True
2587,0.165,0.59375,0.11837491,0.7349463,False
2588,0.4705,0.12,0.4632116,0.26483428,False
2589,0.3825,0.43325,0.3609091,0.5569334,False
2590,0.365,0.08725,0.34738448,0.23369281,False
2591,0.42225,0.462,0.40653893,0.58790314,False
2592,0.7265,0.55175,0.7563282,0.6868273,True
2593,0.54125,0.85375,0.550356,1.4297776,False
2594,0.70825,0.443,0.7330089,0.57019734,True
2595,0.605,0.192,0.6180055,0.3256385,True
2596,0.695,0.7465,0.71902275,1.0469191,True
2597,0.6405,0.015,0.6536675,0.13921708,True
2598,0.54325,0.10275,0.5524175,0.2481781,False
2599,0.26625,0.085,0.23480113,0.23175521,False
2600,0.73225,0.1015,0.76061994,0.24712308,True
2601,0.46925,0.52075,0.461778,0.65015954,False
2602,0.6925,0.471,0.716593,0.5980441,True
2603,0.8365,0.12825,0.8817539,0.27704832,True
2604,0.99225,0.92875,0.99310195,2.042181,True
2605,0.54,0.73575,0.54863095,1.020727,False
2606,0.38375,0.0795,0.36183447,0.22488329,False
2607,0.419,0.22,0.40224153,0.34920225,False
2608,0.476,0.3165,0.47144336,0.43313962,False
2609,0.22775,0.64025,0.18867575,0.8145611,False
2610,0.2035,0.6295,0.16427206,0.7948226,False
2611,0.377,0.26,0.3567617,0.3859103,False
2612,0.7645,0.00275,0.7991135,0.09321589,True
2613,0.246,0.78925,0.20841038,1.1611631,False
2614,0.7305,0.7485,0.759593,1.0507452,True
2615,0.59225,0.85825,0.6060849,1.443863,False
2616,0.53625,0.6385,0.5460709,0.81161505,False
2617,0.86825,0.73725,0.90656686,1.0268775,True
2618,0.921,0.57025,0.94961154,0.7107098,True
2619,0.2615,0.694,0.22879376,0.919903,False
2620,0.6775,0.917,0.69777715,1.8840377,True
2621,0.94425,0.57825,0.9633964,0.71974695,True
2622,0.572,0.0085,0.58706367,0.12605454,False
2623,0.98525,0.85625,0.98824,1.4385463,True
2624,0.3105,0.7755,0.2838425,1.1248827,False
2625,0.37975,0.66675,0.359256,0.8655799,False
2626,0.32525,0.684,0.30008787,0.898412,False
2627,0.08025,0.82775,0.032793965,1.3032066,False
2628,0.90275,0.95775,0.9371779,2.7210875,True
2629,0.43175,0.99925,0.41904867,16.055944,False
2630,0.70425,0.6765,0.7263783,0.88494754,True
2631,0.5745,0.85875,0.5895616,1.4454852,False
2632,0.5075,0.94025,0.51057774,2.2133932,False
2633,0.79375,0.80275,0.83369327,1.2062143,True
2634,0.88325,0.9155,0.9199827,1.8721654,True
2635,0.65925,0.61375,0.6795207,0.7676256,True
2636,0.925,0.72875,0.9522561,1.0051203,True
2637,0.66425,0.53375,0.6836563,0.66351825,True
2638,0.254,0.19925,0.21857496,0.33202666,False
2639,0.41075,0.01375,0.39005032,0.13626572,False
2640,0.696,0.616,0.7199976,0.76995444,True
2641,0.69,0.9295,0.71380496,2.061962,True
2642,0.896,0.91175,0.93145573,1.8095789,True
2643,0.76275,0.877,0.7971783,1.5492419,True
2644,0.221,0.32925,0.18171434,0.44738758,False
2645,0.0375,0.83275,0.0053775157,1.3279743,False
2646,0.0355,0.847,0.0045575406,1.4020354,False
2647,0.04625,0.23775,0.0090266,0.3667299,False
2648,0.0565,0.75425,0.016222604,1.068129,False
2649,0.89275,0.89975,0.9291401,1.7124016,True
2650,0.3975,0.89325,0.37332892,1.6579546,False
2651,0.36575,0.9885,0.34780216,8.545429,False
2652,0.60025,0.9285,0.6138714,2.0386043,True
2653,0.86725,0.69575,0.9057139,0.92422897,True
2654,0.69725,0.3885,0.72147274,0.51075184,True
2655,0.43525,0.733,0.42454135,1.0129689,False
2656,0.49,0.81325,0.48694375,1.238422,False
2657,0.81475,0.453,0.8575269,0.5798052,True
2658,0.31275,0.61725,0.28521004,0.7720761,False
2659,0.149,0.036,0.09781828,0.1684005,False
2660,0.146,0.54625,0.09406185,0.67933166,False
2661,0.11425,0.41425,0.06352058,0.5347698,False
2662,0.778,0.15475,0.8145368,0.2969593,True
2663,0.697,0.44025,0.721184,0.5663902,True
2664,0.6485,0.046,0.66523105,0.1833414,True
2665,0.61475,0.83825,0.6295376,1.3585725,True
2666,0.472,0.22625,0.46423236,0.35518187,False
2667,0.2435,0.2815,0.20672727,0.40429428,False
2668,0.362,0.043,0.34489083,0.18171318,False
2669,0.49125,0.31175,0.48878393,0.42809153,False
2670,0.134,0.04625,0.08305738,0.18367694,False
2671,0.04425,0.373,0.0082479585,0.4943851,False
2672,0.06275,0.2145,0.019562246,0.3450787,False
2673,0.22975,0.1875,0.19098307,0.32184675,False
2674,0.092,0.155,0.041006282,0.2971012,False
2675,0.03325,0.25275,0.0037288521,0.3796602,False
2676,0.1015,0.403,0.05050774,0.5240416,False
2677,0.0025,0.0815,1.0324701e-07,0.22618484,False
2678,0.00225,0.14225,4.6785022e-08,0.28862727,False
2679,0.00125,0.0175,2.4837257e-11,0.14475866,False
2680,0.001,0.9165,1.9022003e-11,1.8796504,False
2681,0.00075,0.04925,1.13320915e-11,0.18964778,False
2682,0.0005,0.771,5.0291993e-12,1.1067737,False
2683,0.349,0.75825,0.32853672,1.076253,False
2684,0.4415,0.7955,0.43098223,1.1859124,False
2685,0.33525,0.97025,0.30997115,3.4245183,False
2686,0.907,0.91,0.9411177,1.7936407,True
2687,0.9505,0.968,0.9669306,3.2284431,True
2688,0.3525,0.808,0.33415475,1.2219671,False
2689,0.51075,0.914,0.5146203,1.8496524,False
2690,0.1225,0.80425,0.07170143,1.2103068,False
2691,0.26125,0.5175,0.22878686,0.64663124,False
2692,0.09875,0.44725,0.04752771,0.57377034,False
2693,0.60475,0.53975,0.61749065,0.66965634,True
2694,0.81625,0.88125,0.8588715,1.5771393,True
2695,0.49425,0.06675,0.49362177,0.21043457,False
2696,0.804,0.29275,0.84557,0.41429946,True
2697,0.92425,0.5585,0.95176697,0.69585514,True
2698,0.33675,0.2225,0.3112314,0.3512359,False
2699,0.76775,0.08,0.8037696,0.22532171,True
2700,0.501,0.71675,0.5010932,0.9801735,False
2701,0.9965,0.61,0.99708843,0.7595167,True
2702,0.8105,0.56325,0.85402244,0.70010835,True
2703,0.72075,0.8265,0.74816847,1.2984082,True
2704,0.62025,0.14675,0.63582385,0.2908025,True
2705,0.56425,0.5635,0.580732,0.70055556,False
2706,0.3785,0.9645,0.3577047,3.0167387,False
2707,0.36925,0.969,0.3516583,3.36448,False
2708,0.9165,0.67625,0.94710493,0.88378954,True
2709,0.5885,0.78425,0.60225785,1.1491543,False
2710,0.631,0.5775,0.6453392,0.71861356,True
2711,0.3015,0.12475,0.27402452,0.27275264,False
2712,0.6755,0.33125,0.6958867,0.44979805,True
2713,0.44975,0.8895,0.44076118,1.626882,False
2714,0.1245,0.503,0.074564725,0.6310235,False
2715,0.04575,0.68725,0.008611422,0.90400773,False
2716,0.049,0.7235,0.010681095,0.994574,False
2717,0.9485,0.31875,0.96604097,0.43506196,True
2718,0.6355,0.516,0.6497136,0.64470226,True
2719,0.67675,0.34225,0.69676924,0.46034953,True
2720,0.5335,0.037,0.5404438,0.17011471,False
2721,0.37925,0.0465,0.35859978,0.18434742,False
2722,0.9805,0.472,0.98536986,0.59875447,True
2723,0.8875,0.00125,0.9236117,0.08145528,True
2724,0.70025,0.16575,0.72291094,0.30470288,True
2725,0.754,0.176,0.78776544,0.313188,True
2726,0.3915,0.03425,0.36904746,0.1670199,False
2727,0.3945,0.14475,0.3712762,0.2898818,False
2728,0.4155,0.2805,0.39486742,0.40254542,False
2729,0.568,0.57075,0.58375996,0.71152985,False
2730,0.50775,0.50375,0.5109249,0.63200986,False
2731,0.707,0.78275,0.730465,1.1442891,True
2732,0.61,0.36425,0.6248295,0.48767748,True
2733,0.5765,0.1455,0.5912749,0.2901217,False
2734,0.12775,0.36575,0.07665301,0.48871186,False
2735,0.58475,0.3325,0.59845865,0.45116442,False
2736,0.67225,0.1245,0.69189537,0.27244583,True
2737,0.7705,0.23525,0.8056836,0.3644054,True
2738,0.663,0.143,0.6829732,0.28896305,True
2739,0.845,0.8235,0.8867795,1.2855558,True
2740,0.655,0.64225,0.673992,0.82026106,True
2741,0.4595,0.3785,0.45119184,0.49824423,False
2742,0.41425,0.34625,0.3938751,0.46395487,False
2743,0.218,0.46275,0.18034276,0.5887256,False
2744,0.25575,0.62025,0.222335,0.7806524,False
2745,0.04175,0.5925,0.0073969974,0.7335749,False
2746,0.0275,0.42525,0.0018333691,0.547639,False
2747,0.01525,0.5195,0.0003876574,0.64933664,False
2748,0.00725,0.00725,2.4262206e-05,0.12165945,False
2749,0.00675,0.75325,1.792017e-05,1.0636804,False
2750,0.94675,0.6115,0.96518934,0.7613912,True
2751,0.87925,0.754,0.9173253,1.0674665,True
2752,0.8825,0.728,0.91960394,1.0031109,True
2753,0.6375,0.92425,0.6517585,1.9763979,True
2754,0.32225,0.92375,0.29566798,1.9649473,False
2755,0.6785,0.64125,0.6986301,0.81716657,True
2756,0.9405,0.98825,0.96128905,8.490968,True
2757,0.3235,0.96825,0.2973677,3.2639813,False
2758,0.37075,0.13375,0.35245582,0.28144237,False
2759,0.585,0.1835,0.59866834,0.31893262,False
2760,0.1055,0.2795,0.05425597,0.4022573,False
2761,0.2165,0.007,0.1786811,0.12115426,False
2762,0.11575,0.377,0.06503721,0.49671966,False
2763,0.67775,0.63725,0.69778514,0.8097338,True
2764,0.524,0.74075,0.5303769,1.0334995,False
2765,0.821,0.2335,0.8643363,0.36250106,True
2766,0.14275,0.34375,0.090772204,0.46113634,False
2767,0.75825,0.35875,0.7916697,0.48199835,True
2768,0.4815,0.5115,0.48058406,0.63957435,False
2769,0.369,0.1845,0.35138667,0.31946322,False
2770,0.24075,0.09075,0.20296815,0.23840152,False
2771,0.5675,0.21675,0.583701,0.34682515,False
2772,0.44375,0.66425,0.43358722,0.8613893,False
2773,0.1455,0.2965,0.09399512,0.4168621,False
2774,0.08675,0.1225,0.037018623,0.26905316,False
2775,0.17375,0.0715,0.12849303,0.21575835,False
2776,0.18625,0.0805,0.140524,0.22549209,False
2777,0.23325,0.56,0.19436523,0.6965863,False
2778,0.339,0.0915,0.31475285,0.23871705,False
2779,0.55,0.452,0.5596406,0.5786302,False
2780,0.32825,0.06925,0.30412942,0.2135815,False
2781,0.36425,0.81475,0.3458895,1.2442863,False
2782,0.441,0.0825,0.43080577,0.22795404,False
2783,0.29175,0.747,0.26407105,1.0482916,False
2784,0.4075,0.37875,0.38539034,0.49834642,False
2785,0.40075,0.59625,0.37746564,0.73846316,False
2786,0.215,0.241,0.17721686,0.36985546,False
2787,0.7385,0.89725,0.76804703,1.6955311,True
2788,0.5345,0.985,0.5423784,6.6787887,False
2789,0.91125,0.664,0.94382125,0.861267,True
2790,0.52175,0.999,0.52757454,15.643963,False
2791,0.31075,0.8565,0.28397748,1.4387068,False
2792,0.97675,0.772,0.9834217,1.1143605,True
2793,0.19725,0.8725,0.15607803,1.5189877,False
2794,0.5725,0.03575,0.5878112,0.16824672,False
2795,0.56575,0.71975,0.5814842,0.9892686,False
2796,0.28325,0.20575,0.25425306,0.3374185,False
2797,0.29475,0.1295,0.26737353,0.27800062,False
2798,0.2525,0.563,0.21728705,0.7000287,False
2799,0.3145,0.08675,0.28696615,0.2335565,False
2800,0.3845,0.739,0.36269718,1.0309302,False
2801,0.90675,0.35825,0.9409438,0.4816374,True
2802,0.5545,0.00225,0.566257,0.0909031,False
2803,0.63425,0.3215,0.64859295,0.43820205,True
2804,0.575,0.571,0.5897058,0.71207863,False
2805,0.563,0.01925,0.57977396,0.14845079,False
2806,0.81525,0.135,0.85787505,0.28203925,True
2807,0.6,0.1945,0.61372983,0.32884523,True
2808,0.74,0.658,0.7694023,0.8504621,True
2809,0.89725,0.6915,0.93230736,0.91295385,True
2810,0.676,0.62675,0.6964012,0.7887452,True
2811,0.934,0.316,0.95732176,0.43279007,True
2812,0.82175,0.856,0.8652736,1.4370403,True
2813,0.66625,0.8995,0.6856311,1.712193,True
2814,0.681,0.10525,0.7015997,0.2505206,True
2815,0.304,0.128,0.2769797,0.27623248,False
2816,0.214,0.5545,0.17599668,0.6913958,False
2817,0.68675,0.4185,0.7085086,0.53941655,True
2818,0.144,0.095,0.09215024,0.24126948,False
2819,0.305,0.003,0.27862138,0.093990184,False
2820,0.47175,0.52,0.46418765,0.64952433,False
2821,0.26925,0.7515,0.23729278,1.0562468,False
2822,0.783,0.7295,0.8192474,1.0060383,True
2823,0.24475,0.93625,0.20730118,2.1599536,False
2824,0.0765,0.64075,0.029535308,0.81649274,False
2825,0.931,0.801,0.95560014,1.2007189,True
2826,0.962,0.7145,0.97393703,0.9753996,True
2827,0.77925,0.9875,0.8158661,8.056316,True
2828,0.0555,0.449,0.015100493,0.57520145,False
2829,0.184,0.7635,0.13774975,1.0876464,False
2830,0.259,0.186,0.22608805,0.3207809,False
2831,0.953,0.89025,0.9687103,1.6324223,True
2832,0.93,0.16325,0.9555249,0.30256104,True
2833,0.83425,0.327,0.8785761,0.44367957,True
2834,0.9125,0.16925,0.94453275,0.30652398,True
2835,0.709,0.31725,0.73328114,0.43340272,True
2836,0.40975,0.61925,0.38900006,0.7785045,False
2837,0.325,0.3715,0.29936576,0.49284038,False
2838,0.96775,0.4785,0.97678643,0.6043426,True
2839,0.22725,0.15425,0.18786126,0.29620078,False
2840,0.13375,0.02875,0.082748294,0.15967216,False
2841,0.1385,0.50225,0.08618223,0.6305996,False
2842,0.761,0.70725,0.79565364,0.95490384,True
2843,0.45675,0.723,0.4495073,0.993519,False
2844,0.141,0.6695,0.087787986,0.8705419,False
2845,0.75275,0.98075,0.7868389,5.4665046,True
2846,0.455,0.936,0.44750175,2.1578531,False
2847,0.88925,0.15025,0.925146,0.29307526,True
2848,0.31475,0.343,0.28713247,0.46057814,False
2849,0.341,0.7845,0.31667292,1.150859,False
2850,0.2885,0.4905,0.2598612,0.6181987,False
2851,0.94925,0.604,0.9662846,0.75116646,True
2852,0.515,0.342,0.5205102,0.46009654,False
2853,0.47225,0.21875,0.4647426,0.34833756,False
2854,0.48375,0.2875,0.48200676,0.40884537,False
2855,0.41275,0.56275,0.39171565,0.69911444,False
2856,0.30325,0.367,0.27617303,0.48927173,False
2857,0.22675,0.0575,0.1876841,0.19954608,False
2858,0.15425,0.2545,0.10344037,0.38143027,False
2859,0.89525,0.96375,0.9310172,2.9577208,True
2860,0.7055,0.998,0.729003,12.788964,True
2861,0.971,0.95275,0.9783725,2.5238283,True
2862,0.8415,0.10125,0.88591224,0.2469963,True
2863,0.72275,0.72,0.7499339,0.9897161,True
2864,0.245,0.032,0.20790467,0.16322505,False
2865,0.86925,0.91475,0.90777874,1.8582973,True
2866,0.30075,0.0635,0.2730478,0.20732453,False
2867,0.375,0.446,0.3550147,0.57276887,False
2868,0.31625,0.022,0.28778026,0.15219554,False
2869,0.02625,0.508,0.0016469375,0.6354352,False
2870,0.0225,0.33025,0.0008859453,0.44783467,False
2871,0.02,0.6015,0.00062317454,0.7468255,False
2872,0.7215,0.862,0.7490629,1.4601883,True
2873,0.4885,0.61425,0.48501188,0.767785,False
2874,0.23475,0.30625,0.19480911,0.4243158,False
2875,0.30575,0.951,0.27914503,2.4575877,False
2876,0.6595,0.86075,0.6796561,1.4556398,True
2877,0.17525,0.9705,0.12932532,3.4286613,False
2878,0.573,0.506,0.58853024,0.6339911,False
2879,0.5385,0.49675,0.5478316,0.6254371,False
2880,0.64925,0.07225,0.6661472,0.21691191,True
2881,0.7815,0.48925,0.817161,0.6162058,True
2882,0.775,0.12325,0.8108151,0.26978403,True
2883,0.9075,0.4,0.9412108,0.5222385,True
2884,0.619,0.30225,0.633978,0.421082,True
2885,0.44775,0.07175,0.43837065,0.21604843,False
2886,0.93975,0.2915,0.9611889,0.4133893,True
2887,0.13675,0.30275,0.084698714,0.42134494,False
2888,0.43375,0.387,0.42108026,0.5096975,False
2889,0.735,0.457,0.7642677,0.58435094,True
2890,0.8325,0.695,0.876684,0.92269427,True
2891,0.38225,0.268,0.36082318,0.39111477,False
2892,0.3415,0.10925,0.31692597,0.25457102,False
2893,0.07475,0.04375,0.028013654,0.18199728,False
2894,0.8585,0.39625,0.8983232,0.5187393,True
2895,0.48475,0.5605,0.4823048,0.69662833,False
2896,0.823,0.715,0.86643624,0.97561556,True
2897,0.5535,0.39875,0.5643663,0.52053297,False
2898,0.622,0.79825,0.6375507,1.1894284,True
2899,0.5855,0.8125,0.5994055,1.235889,False
2900,0.222,0.64,0.1830201,0.81383216,False
2901,0.659,0.7405,0.67951816,1.0331343,True
2902,0.41975,0.4775,0.40304375,0.60311973,False
2903,0.2415,0.31975,0.20345397,0.43601504,False
2904,0.461,0.341,0.4536335,0.45944813,False
2905,0.25675,0.0265,0.22285868,0.15622817,False
2906,0.7345,0.169,0.763659,0.30644017,True
2907,0.57625,0.773,0.5910782,1.1189464,False
2908,0.59975,0.36975,0.61370736,0.49178004,True
2909,0.5225,0.44575,0.52861375,0.57256263,False
2910,0.208,0.782,0.17028786,1.1419938,False
2911,0.827,0.08075,0.871297,0.22573309,True
2912,0.57425,0.11025,0.5891337,0.25564545,False
2913,0.164,0.2695,0.116507456,0.39357844,False
2914,0.53425,0.228,0.5418369,0.35726723,False
2915,0.23425,0.03275,0.19458365,0.16602436,False
2916,0.1975,0.05875,0.1569085,0.20110916,False
2917,0.054,0.093,0.014260928,0.2400306,False
2918,0.28275,0.39525,0.25324303,0.5169826,False
2919,0.4895,0.55325,0.48605552,0.68857855,False
2920,0.6905,0.11625,0.7140687,0.26046413,True
2921,0.61125,0.49275,0.62607855,0.6201309,True
2922,0.646,0.5725,0.66210186,0.7135692,True
2923,0.41,0.005,0.38987297,0.10988963,False
2924,0.19375,0.51325,0.15284722,0.6413698,False
2925,0.1235,0.202,0.07383879,0.33425894,False
2926,0.21425,0.1615,0.17670196,0.30069253,False
2927,0.0515,0.8765,0.012430988,1.5467399,False
2928,0.08475,0.05925,0.03576581,0.20162594,False
2929,0.2555,0.95125,0.22159298,2.4740345,False
2930,0.22625,0.47675,0.18758406,0.6024808,False
2931,0.713,0.071,0.7381216,0.21514904,True
2932,0.9815,0.118,0.98588043,0.26321632,True
2933,0.879,0.233,0.91724336,0.36212093,True
2934,0.7635,0.26775,0.7981819,0.39091855,True
2935,0.6525,0.34125,0.6700168,0.45975274,True
2936,0.79175,0.9935,0.8297423,10.406816,True
2937,0.83175,0.73375,0.8763195,1.0141472,True
2938,0.52925,0.887,0.5373413,1.61388,False
2939,0.8,0.94075,0.84106773,2.2201238,True
2940,0.7565,0.828,0.7895763,1.3037249,True
2941,0.671,0.90575,0.69132346,1.7588768,True
2942,0.4825,0.9785,0.4811436,4.570879,False
2943,0.90925,0.88625,0.9419072,1.6104738,True
2944,0.61275,0.53475,0.6275665,0.6639154,True
2945,0.959,0.97325,0.9725681,3.8723948,True
2946,0.74325,0.99825,0.7737868,13.123406,True
2947,0.329,0.12925,0.3051349,0.27791974,False
2948,0.96625,0.58075,0.9761601,0.7231773,True
2949,0.39625,0.854,0.3729904,1.4322542,False
2950,0.35,0.99625,0.32957447,11.7283745,False
2951,0.9975,0.31425,0.9975096,0.43062004,True
2952,0.50175,0.224,0.5042632,0.3532586,False
2953,0.5205,0.69425,0.52539724,0.9201307,False
2954,0.48225,0.061,0.48108312,0.20423658,False
2955,0.82675,0.1115,0.870986,0.25624698,True
2956,0.81925,0.36,0.862954,0.48326692,True
2957,0.465,0.73075,0.45661077,1.0098242,False
2958,0.40125,0.1025,0.37780246,0.24789618,False
2959,0.19825,0.035,0.15786454,0.1674185,False
2960,0.19,0.064,0.14680475,0.20746174,False
2961,0.889,0.98525,0.9250512,6.9998097,True
2962,0.73575,0.643,0.7650343,0.8208085,True
2963,0.8985,0.65175,0.9341923,0.83774173,True
2964,0.60575,0.013,0.6185918,0.13531682,True
2965,0.92275,0.5055,0.9510374,0.6335235,True
2966,0.7015,0.14075,0.7241955,0.2871386,True
2967,0.6335,0.62775,0.6478598,0.7909164,True
2968,0.657,0.639,0.6762098,0.8121048,True
2969,0.212,0.43825,0.17352667,0.5643034,False
2970,0.5085,0.44425,0.5119083,0.57144713,False
2971,0.85225,0.9615,0.89213496,2.85856,True
2972,0.805,0.5435,0.84690356,0.6736258,True
2973,0.85125,0.766,0.89138246,1.0939566,True
2974,0.7025,0.418,0.72529876,0.5390958,True
2975,0.66175,0.67725,0.68141013,0.8865218,True
2976,0.3685,0.08025,0.35088065,0.22535007,False
2977,0.3375,0.13225,0.3123006,0.27985147,False
2978,0.56725,0.18575,0.58366656,0.3201915,False
2979,0.4455,0.3465,0.43541083,0.4650712,False
2980,0.41525,0.163,0.39478046,0.30210352,False
2981,0.38825,0.087,0.36593434,0.23368776,False
2982,0.275,0.076,0.24387081,0.22216657,False
2983,0.42125,0.1635,0.4052063,0.30279902,False
2984,0.828,0.9665,0.87249136,3.0889266,True
2985,0.2915,0.99875,0.26391593,14.29526,False
2986,0.8515,0.922,0.8917612,1.9442735,True
2987,0.9325,0.14925,0.95646363,0.29298607,True
2988,0.337,0.212,0.31136003,0.3420352,False
2989,0.97725,0.751,0.98350334,1.0560057,True
2990,0.298,0.15075,0.27077502,0.29346013,False
2991,0.04775,0.2555,0.009759113,0.38232622,False
2992,0.967,0.17725,0.976399,0.31411633,True
2993,0.864,0.35575,0.903703,0.47900048,True
2994,0.89925,0.5275,0.9347312,0.65732205,True
2995,0.71825,0.63525,0.7440205,0.8049813,True
2996,0.27225,0.48775,0.24175456,0.615504,False
2997,0.06125,0.99775,0.018851828,12.63073,False
2998,0.4715,0.11525,0.46401817,0.2586738,False
2999,0.43625,0.26525,0.426123,0.38907847,False
3000,0.3695,0.611,0.35189015,0.76069117,False
3001,0.20125,0.9,0.16131064,1.7125937,False
3002,0.73075,0.92125,0.75964594,1.9345151,True
3003,0.54575,0.47325,0.55542296,0.59918135,False
3004,0.115,0.4505,0.064258054,0.5772783,False
3005,0.0635,0.0295,0.019926274,0.16087468,False
3006,0.04275,0.59775,0.007606902,0.7410657,False
3007,0.035,0.4685,0.004501234,0.59513026,False
3008,0.05625,0.77075,0.015279344,1.1054738,False
3009,0.06,0.6145,0.017917575,0.76826125,False
3010,0.02775,0.385,0.0019727019,0.50690544,False
3011,0.854,0.6925,0.893673,0.9170008,True
3012,0.81275,0.70375,0.8559007,0.94476664,True
3013,0.97975,0.7445,0.98513037,1.0400585,True
3014,0.6545,0.2705,0.67296094,0.3950048,True
3015,0.35475,0.83075,0.33702344,1.3173842,False
3016,0.378,0.959,0.35700428,2.7789943,False
3017,0.7465,0.87375,0.7788937,1.5298944,True
3018,0.18675,0.8925,0.14073367,1.6453665,False
3019,0.5735,0.35475,0.58887655,0.4771998,False
3020,0.8885,0.22425,0.9245,0.35364497,True
3021,0.268,0.4755,0.2364041,0.60146165,False
3022,0.03525,0.2295,0.004507555,0.35836205,False
3023,0.05475,0.882,0.014466945,1.5848008,False
3024,0.3345,0.65925,0.30906788,0.8522803,False
3025,0.62075,0.61175,0.6365954,0.76316994,True
3026,0.21,0.63475,0.1718758,0.80409276,False
3027,0.60325,0.8035,0.6161234,1.2089763,True
3028,0.4905,0.60875,0.48759604,0.75806224,False
3029,0.50625,0.042,0.50877684,0.18042925,False
3030,0.84375,0.547,0.88629913,0.68041116,True
3031,0.99975,0.51225,0.9998296,0.64003545,True
3032,0.79775,0.74925,0.8391727,1.0531551,True
3033,0.7695,0.87825,0.8052847,1.5546646,True
3034,0.52425,0.8695,0.5304763,1.493756,False
3035,0.49025,0.23575,0.48739287,0.36508617,False
3036,0.61225,0.3535,0.6271076,0.47650748,True
3037,0.397,0.464,0.37325275,0.58948904,False
3038,0.67025,0.146,0.6901691,0.29039514,True
3039,0.64325,0.75525,0.6582992,1.0701958,True
3040,0.25925,0.627,0.22623155,0.7889907,False
3041,0.8465,0.1605,0.8873656,0.30030623,True
3042,0.902,0.111,0.9364798,0.25616524,True
3043,0.53375,0.21575,0.5407662,0.34576693,False
3044,0.53225,0.182,0.53979564,0.31808308,False
3045,0.56225,0.4615,0.57831913,0.5877325,False
3046,0.507,0.14725,0.5100559,0.2914055,False
3047,0.1825,0.75025,0.1361619,1.0550497,False
3048,0.6735,0.71275,0.6932632,0.96703476,True
3049,0.5985,0.22575,0.6127588,0.35506925,True
3050,0.5955,0.29625,0.60893625,0.41682404,True
3051,0.53775,0.297,0.54737055,0.417193,False
3052,0.3995,0.62575,0.37579158,0.7877662,False
3053,0.899,0.97975,0.93461496,5.28069,True
3054,0.86975,0.94775,0.9082157,2.3474536,True
3055,0.62775,0.8585,0.6421701,1.445347,True
3056,0.46425,0.52525,0.45572942,0.65493363,False
3057,0.38925,0.9655,0.3673383,3.0339322,False
3058,0.47825,0.61275,0.4762414,0.7655067,False
3059,0.7945,0.2885,0.83440006,0.41038266,True
3060,0.5925,0.96875,0.6062229,3.3594491,False
3061,0.684,0.873,0.70427126,1.5224899,True
3062,0.7165,0.78075,0.7415656,1.1398911,True
3063,0.37175,0.75575,0.35336047,1.0703536,False
3064,0.1775,0.70175,0.13040666,0.9365461,False
3065,0.7825,0.6575,0.8185039,0.84970945,True
3066,0.398,0.1935,0.3739503,0.32826316,False
3067,0.96275,0.76675,0.9746026,1.0947223,True
3068,0.45925,0.5575,0.45114425,0.6946354,False
3069,0.08175,0.33575,0.033512853,0.45476827,False
3070,0.2605,0.9835,0.2279184,6.0940046,False
3071,0.09925,0.05575,0.047733873,0.19714394,False
3072,0.1,0.25475,0.048064113,0.3818892,False
3073,0.122,0.2105,0.070834175,0.3406749,False
3074,0.20425,0.292,0.1654169,0.41403443,False
3075,0.18,0.7625,0.13333565,1.085265,False
3076,0.15825,0.23675,0.10636009,0.3663651,False
3077,0.06575,0.73225,0.021517,1.0117009,False
3078,0.0465,0.737,0.009042069,1.0261217,False
3079,0.91675,0.41625,0.9471368,0.5368237,True
3080,0.58375,0.987,0.5979973,7.8774014,False
3081,0.674,0.361,0.6943166,0.4838953,True
3082,0.894,0.92825,0.9300669,2.0378168,True
3083,0.8035,0.76475,0.84544134,1.0922383,True
3084,0.73975,0.69825,0.7693314,0.9279685,True
3085,0.34225,0.71575,0.3183356,0.9776264,False
3086,0.30925,0.9575,0.28296238,2.7190154,False
3087,0.72125,0.95075,0.7487744,2.4542525,True
3088,0.6505,0.99375,0.66760224,10.443043,True
3089,0.8005,0.04125,0.84258145,0.17939661,True
3090,0.14425,0.422,0.09256201,0.5434395,False
3091,0.09175,0.337,0.040670816,0.45605314,False
3092,0.0805,0.38875,0.03288119,0.51082057,False
3093,0.92725,0.42025,0.9533158,0.54147565,True
3094,0.59625,0.62225,0.6092098,0.78260463,True
3095,0.4325,0.31275,0.42033264,0.4287686,False
3096,0.562,0.1505,0.5782722,0.29327023,False
3097,0.03775,0.145,0.0054903124,0.28999513,False
3098,0.44675,0.4475,0.43710342,0.5743308,False
3099,0.3405,0.56625,0.31656447,0.7041917,False
3100,0.90225,0.807,0.93676674,1.2203002,True
3101,0.60675,0.5445,0.62018216,0.67612547,True
3102,0.5875,0.185,0.60155845,0.31972936,False
3103,0.18175,0.01975,0.13578212,0.14952618,False
3104,0.78375,0.63375,0.8202437,0.80370325,True
3105,0.26475,0.2325,0.23293495,0.36179438,False
3106,0.15475,0.58475,0.103663996,0.7278298,False
3107,0.009,0.09625,6.3576896e-05,0.24183248,False
3108,0.01125,0.07475,8.185395e-05,0.21964929,False
3109,0.21175,0.06075,0.17347607,0.20335515,False
3110,0.12575,0.07025,0.07532836,0.21411343,False
3111,0.082,0.25,0.033512954,0.37672234,False
3112,0.1855,0.46175,0.13889712,0.58783734,False
3113,0.1685,0.21725,0.122202724,0.34733677,False
3114,0.073,0.10075,0.026808318,0.24673635,False
3115,0.08275,0.87675,0.034335464,1.5484163,False
3116,0.14,0.13125,0.087524585,0.27925217,False
3117,0.61425,0.84475,0.6288945,1.3896065,True
3118,0.54375,0.9025,0.55307716,1.7374388,False
3119,0.9825,0.682,0.9863001,0.89365125,True
3120,0.76425,0.2955,0.7990677,0.41651177,True
3121,0.3215,0.63275,0.29419735,0.8004068,False
3122,0.46375,0.37025,0.45552093,0.49207154,False
3123,0.963,0.852,0.974729,1.4253013,True
3124,0.4935,0.846,0.4923277,1.3947452,False
3125,0.9855,0.73175,0.9883903,1.0115697,True
3126,0.80425,0.964,0.84600127,2.9708958,True
3127,0.57175,0.53925,0.5866081,0.6687344,False
3128,0.29575,0.4635,0.26859644,0.5889571,False
3129,0.2875,0.3595,0.25865796,0.4831809,False
3130,0.30875,0.901,0.28270411,1.7172036,False
3131,0.48175,0.15825,0.48080835,0.2994446,False
3132,0.227,0.76175,0.18781972,1.0844152,False
3133,0.4975,0.3235,0.4977655,0.4410729,False
3134,0.13075,0.21125,0.078922115,0.34113064,False
3135,0.12975,0.6685,0.07787725,0.86976457,False
3136,0.91,0.691,0.94233465,0.91174173,True
3137,0.84275,0.86275,0.88623387,1.4606754,True
3138,0.70325,0.54225,0.7255824,0.6720885,True
3139,0.79325,0.87175,0.83249474,1.5135524,True
3140,0.421,0.7615,0.40513486,1.0843216,False
3141,0.7255,0.187,0.7553856,0.32141608,True
3142,0.13175,0.96775,0.07930999,3.1969779,False
3143,0.11175,0.8785,0.060847566,1.5582923,False
3144,0.05975,0.87475,0.01765066,1.535684,False
3145,0.16225,0.80575,0.11467948,1.216726,False
3146,0.7125,0.50425,0.73746103,0.6322954,True
3147,0.30975,0.92325,0.28299877,1.9587836,False
3148,0.67425,0.7135,0.6943234,0.9701913,True
3149,0.4555,0.7695,0.44809988,1.100363,False
3150,0.20475,0.5325,0.16639021,0.6618423,False
3151,0.975,0.9195,0.9824805,1.9073452,True
3152,0.576,0.8295,0.59107715,1.3094723,False
3153,0.98875,0.64575,0.9907516,0.82651556,True
3154,0.22,0.47925,0.18149474,0.605022,False
3155,0.3755,0.68,0.3553845,0.8912928,False
3156,0.48125,0.35125,0.48056367,0.47379616,False
3157,0.35425,0.191,0.33647034,0.32456654,False
3158,0.60775,0.70675,0.6221859,0.95345217,True
3159,0.6885,0.62125,0.7109981,0.7816526,True
3160,0.30525,0.94275,0.27867875,2.2432973,False
3161,0.7205,0.554,0.748,0.69018817,True
3162,0.799,0.94975,0.8405357,2.4378908,True
3163,0.91875,0.13175,0.9488606,0.2793841,True
3164,0.4565,0.609,0.44894743,0.7584936,False
3165,0.34125,0.17675,0.3168324,0.31382132,False
3166,0.286,0.11375,0.25624946,0.25777116,False
3167,0.77725,0.3515,0.8129333,0.47393063,True
3168,0.51675,0.82875,0.52222687,1.3082,False
3169,0.3885,0.424,0.36618385,0.5447083,False
3170,0.67,0.659,0.6895221,0.8518908,True
3171,0.0995,0.11675,0.047838524,0.26053014,False
3172,0.93825,0.91075,0.9603314,1.7997544,True
3173,0.6535,0.351,0.67149234,0.47372532,True
3174,0.58175,0.72725,0.59630895,1.0026376,False
3175,0.88575,0.4795,0.921858,0.60637337,True
3176,0.1445,0.753,0.09270637,1.0628054,False
3177,0.41925,0.0905,0.4025297,0.23814131,False
3178,0.96175,0.557,0.97377026,0.69412524,True
3179,0.46775,0.23275,0.45970067,0.36207902,False
3180,0.4545,0.5985,0.44613492,0.7431851,False
3181,0.77825,0.16675,0.81545323,0.3054073,True
3182,0.43425,0.51025,0.42235258,0.63823354,False
3183,0.723,0.67275,0.75099427,0.8760089,True
3184,0.85925,0.65725,0.89921796,0.8492973,True
3185,0.81675,0.74675,0.8596274,1.0475683,True
3186,0.71025,0.908,0.73449945,1.7780375,True
3187,0.61925,0.6085,0.6341655,0.7577482,True
3188,0.61825,0.31575,0.63326365,0.43219098,True
3189,0.16525,0.9465,0.11891202,2.306191,False
3190,0.201,0.4965,0.16044359,0.62508404,False
3191,0.44025,0.18325,0.42974415,0.3188353,False
3192,0.51825,0.06625,0.5234292,0.21014373,False
3193,0.143,0.23725,0.09119811,0.3665365,False
3194,0.8015,0.89225,0.8433045,1.6421101,True
3195,0.84775,0.12425,0.88781583,0.27199188,True
3196,0.6065,0.72325,0.62004286,0.9936757,True
3197,0.24125,0.91725,0.20306519,1.8881111,False
3198,0.22275,0.40275,0.18418254,0.52399397,False
3199,0.7595,0.98325,0.79307145,5.903469,True
3200,0.78,0.86975,0.81649256,1.4984009,True
3201,0.69625,0.55775,0.7203337,0.6951987,True
3202,0.70675,0.2895,0.7304587,0.41099542,True
3203,0.6155,0.4465,0.63064575,0.57304144,True
3204,0.27775,0.079,0.2466735,0.22482787,False
3205,0.427,0.63425,0.4104019,0.8039207,False
3206,0.47275,0.3295,0.46521643,0.44750348,False
3207,0.44725,0.73475,0.43730065,1.0175849,False
3208,0.437,0.66875,0.42656222,0.8700061,False
3209,0.539,0.6515,0.5479926,0.8366662,False
3210,0.9845,0.68025,0.987755,0.8918218,True
3211,0.3475,0.61475,0.3265204,0.76840943,False
3212,0.13325,0.16125,0.08164463,0.30066752,False
3213,0.50825,0.596,0.51111287,0.738409,False
3214,0.8165,0.57275,0.85926175,0.7139407,True
3215,0.5065,0.931,0.5092669,2.0763156,False
3216,0.54275,0.967,0.5520075,3.1693945,False
3217,0.97925,0.7825,0.98465556,1.1441693,True
3218,0.77575,0.7455,0.8112174,1.0451088,True
3219,0.27975,0.665,0.24918845,0.8624884,False
3220,0.731,0.98425,0.75975215,6.4021535,True
3221,0.5775,0.3765,0.59190536,0.49669915,False
3222,0.71175,0.01625,0.7367724,0.14172721,True
3223,0.25525,0.27325,0.22082515,0.3970803,False
3224,0.129,0.4805,0.07747227,0.607445,False
3225,0.5275,0.412,0.53457534,0.5328367,False
3226,0.81225,0.6035,0.8555954,0.75043863,True
3227,0.36,0.6755,0.3422219,0.8825139,False
3228,0.272,0.69375,0.24161181,0.91956925,False
3229,0.2085,0.38925,0.17152806,0.5113305,False
3230,0.02325,0.0595,0.0009679455,0.20234178,False
3231,0.47025,0.18875,0.4627304,0.32251823,False
3232,0.24275,0.066,0.20583189,0.21009853,False
3233,0.11675,0.37675,0.066124775,0.49670887,False
3234,0.1085,0.18775,0.05901026,0.32187888,False
3235,0.14525,0.306,0.09395187,0.42428708,False
3236,0.1655,0.08275,0.119091384,0.22832991,False
3237,0.10075,0.026,0.049877338,0.15572289,False
3238,0.96825,0.7975,0.9768931,1.1882712,True
3239,0.65675,0.44125,0.6761519,0.56781536,True
3240,0.31675,0.8155,0.2883236,1.2463869,False
3241,0.09525,0.9145,0.044818427,1.8503722,False
3242,0.2985,0.53075,0.2715244,0.6594342,False
3243,0.0455,0.592,0.008581895,0.73283875,False
3244,0.27725,0.10825,0.24643719,0.25299513,False
3245,0.1845,0.0585,0.1380824,0.2002999,False
3246,0.03425,0.777,0.0042921775,1.129914,False
3247,0.7225,0.79775,0.7497786,1.1891602,True
3248,0.499,0.8255,0.49861184,1.2927443,False
3249,0.725,0.3345,0.7551449,0.45314503,True
3250,0.36525,0.84275,0.347416,1.3814081,False
3251,0.9435,0.81425,0.9626469,1.2404752,True
3252,0.893,0.58575,0.92918235,0.7282938,True
3253,0.63525,0.36125,0.6496735,0.485114,True
3254,0.42375,0.39675,0.40769494,0.5189909,False
3255,0.38175,0.429,0.36042598,0.55151796,False
3256,0.8275,0.06475,0.87170094,0.20822038,True
3257,0.57375,0.6215,0.58888644,0.7816653,False
3258,0.35525,0.38275,0.3379907,0.5034358,False
3259,0.7325,0.444,0.761152,0.5712398,True
3260,0.79075,0.71325,0.8285626,0.9694151,True
3261,0.779,0.7885,0.8158222,1.1599032,True
3262,0.8405,0.97425,0.885295,4.07155,True
3263,0.30275,0.52475,0.27510905,0.6541478,False
3264,0.8135,0.34925,0.85684705,0.47140938,True
3265,0.4765,0.4835,0.47283548,0.61039066,False
3266,0.38725,0.08475,0.36548913,0.23168321,False
3267,0.395,0.53275,0.37210277,0.6621439,False
3268,0.39725,0.61025,0.37330705,0.7597771,False
3269,0.68625,0.70425,0.7078697,0.94541574,True
3270,0.4695,0.7995,0.46209276,1.1927606,False
3271,0.76625,0.76,0.8015787,1.082272,True
3272,0.9235,0.82025,0.9516164,1.2674828,True
3273,0.44325,0.709,0.43351877,0.9589791,False
3274,0.093,0.4255,0.04200557,0.547874,False
3275,0.08525,0.789,0.03594038,1.1604813,False
3276,0.89125,0.833,0.9274608,1.3296374,True
3277,0.58875,0.5345,0.60302055,0.6639127,False
3278,0.74625,0.9135,0.7788066,1.8464447,True
3279,0.36975,0.95325,0.35191977,2.537597,False
3280,0.857,0.4205,0.89673436,0.54168266,True
3281,0.19975,0.46125,0.15938045,0.5874081,False
3282,0.0165,0.57975,0.0004717594,0.7222575,False
3283,0.0075,0.33525,3.321799e-05,0.4539792,False
3284,0.00975,0.53225,7.315528e-05,0.6616307,False
3285,0.003,0.30375,1.9758865e-07,0.4217533,False
3286,0.002,0.19275,1.9020218e-08,0.32684487,False
3287,0.689,0.47875,0.7110832,0.60439813,True
3288,0.64025,0.06125,0.6534626,0.20480177,True
3289,0.7135,0.102,0.7387548,0.24731809,True
3290,0.851,0.6875,0.89129,0.90405184,True
3291,0.475,0.29175,0.4683961,0.41346848,False
3292,0.90325,0.51525,0.93785363,0.6437014,True
3293,0.55075,0.039,0.562114,0.17388657,False
3294,0.9725,0.863,0.97894174,1.462598,True
3295,0.498,0.91125,0.49821153,1.8058168,False
3296,0.45475,0.70125,0.4469752,0.9358629,False
3297,0.51375,0.96075,0.5196327,2.8478405,False
3298,0.92625,0.96725,0.95294684,3.1864266,True
3299,0.718,0.55575,0.74373376,0.6922243,True
3300,0.30175,0.535,0.27429742,0.6641655,False
3301,0.192,0.48075,0.15031916,0.6075444,False
3302,0.63475,0.63925,0.6493092,0.8124276,True
3303,0.37425,0.479,0.35474664,0.604588,False
3304,0.95725,0.82525,0.9713821,1.2917184,True
3305,0.769,0.65325,0.8051055,0.84079605,True
3306,0.98125,0.08125,0.98561764,0.22605805,True
3307,0.45975,0.93075,0.45168656,2.071827,False
3308,0.79275,0.24075,0.831994,0.3695762,True
3309,0.61025,0.40125,0.6248585,0.52317125,True
3310,0.55825,0.34825,0.56999075,0.46977118,False
3311,0.99525,0.27675,0.9952116,0.39933625,True
3312,0.446,0.17775,0.43613017,0.31433946,False
3313,0.4235,0.3135,0.40767696,0.4297896,False
3314,0.91975,0.8415,0.94923776,1.3748158,True
3315,0.9585,0.80925,0.97192556,1.2243879,True
3316,0.51775,0.30825,0.52297455,0.42569295,False
3317,0.484,0.88425,0.4820102,1.6005249,False
3318,0.89825,0.933,0.93375885,2.112836,True
3319,0.03875,0.77775,0.005723517,1.1308235,False
3320,0.02975,0.36075,0.0023232896,0.48371062,False
3321,0.0015,0.78625,4.6123487e-09,1.1559137,False
3322,0.00175,0.41475,4.890669e-09,0.5353732,False
3323,0.44525,0.47625,0.43511078,0.60215384,False
3324,0.239,0.18475,0.20068762,0.31949103,False
3325,0.98425,0.83525,0.987321,1.338831,True
3326,0.7005,0.3505,0.72328174,0.47299847,True
3327,0.4165,0.91225,0.39618734,1.8126324,False
3328,0.92325,0.8555,0.9515042,1.4369717,True
3329,0.4435,0.43625,0.4335287,0.56182426,False
3330,0.513,0.84975,0.5190012,1.4143251,False
3331,0.85625,0.62525,0.89595,0.7868976,True
3332,0.038,0.871,0.0056297462,1.5066004,False
3333,0.0195,0.88375,0.0006199682,1.5961246,False
3334,0.909,0.5845,0.94183517,0.7273731,True
3335,0.8125,0.20675,0.855826,0.33871755,True
3336,0.5285,0.30175,0.53673476,0.42083102,False
3337,0.77875,0.5335,0.81577915,0.6631304,True
3338,0.31,0.2435,0.2833936,0.37129495,False
3339,0.45125,0.4195,0.4416157,0.540023,False
3340,0.85325,0.25725,0.8930723,0.3835506,True
3341,0.559,0.0375,0.573417,0.17156987,False
3342,0.741,0.46875,0.77089846,0.59538597,True
3343,0.5325,0.0745,0.54008454,0.21912909,False
3344,0.40225,0.06225,0.3787012,0.2059361,False
3345,0.31125,0.9385,0.2842099,2.1968453,False
3346,0.78325,0.09975,0.8194179,0.24598083,True
3347,0.8045,0.58025,0.8462205,0.72290844,True
3348,0.91775,0.14025,0.9484275,0.28656816,True
3349,0.88075,0.46825,0.9184028,0.5947998,True
3350,0.9685,0.3835,0.97697115,0.5047199,True
3351,0.8215,0.305,0.86525106,0.4239053,True
3352,0.71725,0.06375,0.742176,0.20745383,True
3353,0.80175,0.0555,0.84430796,0.19708915,True
3354,0.77675,0.4985,0.812621,0.6262374,True
3355,0.77175,0.5665,0.80693007,0.7046171,True
3356,0.99025,0.16625,0.99125063,0.30508047,True
3357,0.7235,0.12775,0.7527865,0.27561674,True
3358,0.69425,0.60325,0.7184436,0.75037056,True
3359,0.62675,0.21275,0.64197695,0.34268442,True
3360,0.59525,0.19025,0.6080997,0.32381538,True
3361,0.18875,0.0525,0.14538969,0.19367552,False
3362,0.5025,0.05725,0.50520796,0.19940527,False
3363,0.02925,0.2285,0.0022559473,0.35747704,False
3364,0.05,0.80325,0.0114040645,1.2082584,False
3365,0.47625,0.0545,0.47215477,0.1964671,False
3366,0.9095,0.37375,0.9420064,0.4951877,True
3367,0.96075,0.693,0.9735688,0.91749257,True
3368,0.87975,0.5885,0.9181167,0.72986066,True
3369,0.85875,0.28875,0.8983385,0.41048312,True
3370,0.99075,0.13925,0.9918025,0.28586438,True
3371,0.592,0.378,0.6060678,0.49819675,False
3372,0.97075,0.8535,0.9783661,1.4294646,True
3373,0.82225,0.47775,0.86553276,0.6033057,True
3374,0.6045,0.6645,0.6173502,0.8617388,True
3375,0.19675,0.8465,0.15565617,1.3986671,False
3376,0.24725,0.381,0.20968972,0.5013008,False
3377,0.2655,0.94475,0.23328738,2.2795846,False
3378,0.90175,0.7545,0.93598956,1.0689839,True
3379,0.504,0.369,0.50740254,0.49133587,False
3380,0.434,0.94125,0.42177948,2.2215533,False
3381,0.79925,0.5515,0.8407472,0.6862879,True
3382,0.42675,0.76075,0.40894237,1.0839632,False
3383,0.327,0.5755,0.30298528,0.7162888,False
3384,0.30825,0.911,0.28241247,1.8023555,False
3385,0.39875,0.92775,0.37471005,2.0343394,False
3386,0.3765,0.20225,0.3561646,0.33426195,False
3387,0.38875,0.84525,0.3662928,1.3927319,False
3388,0.51225,0.206,0.51798224,0.33764794,False
3389,0.7375,0.6785,0.76702994,0.88826853,True
3390,0.0605,0.26075,0.018324606,0.38678008,False
3391,0.16125,0.3435,0.113360345,0.46109864,False
3392,0.7865,0.29125,0.8244872,0.41331506,True
3393,0.668,0.0355,0.68754625,0.168119,True
3394,0.74825,0.1335,0.7812502,0.28125852,True
3395,0.47925,0.06275,0.4774545,0.2069015,False
3396,0.32425,0.35025,0.29830775,0.47289875,False
3397,0.3035,0.26025,0.27620772,0.38594738,False
3398,0.399,0.62275,0.37474048,0.78346026,False
3399,0.55275,0.8755,0.56400937,1.541998,False
3400,0.809,0.65075,0.85206115,0.8363729,True
3401,0.36325,0.9125,0.34565946,1.823841,False
3402,0.21375,0.6225,0.17595766,0.78308195,False
3403,0.82325,0.94925,0.8673661,2.4270842,True
3404,0.95475,0.85775,0.96960723,1.4408627,True
3405,0.705,0.56975,0.7282454,0.71061486,True
3406,0.5145,0.156,0.5204215,0.29789552,False
3407,0.31775,0.97625,0.2908903,4.1875367,False
3408,0.716,0.95675,0.7407589,2.6945055,True
3409,0.67375,0.30575,0.6941931,0.4241159,True
3410,0.67975,0.6235,0.7004869,0.78464806,True
3411,0.68275,0.37125,0.70305175,0.4927868,True
3412,0.726,0.19875,0.7561988,0.33133513,True
3413,0.48,0.6805,0.47825086,0.89183635,False
3414,0.60625,0.133,0.6196907,0.2805833,True
3415,0.6415,0.714,0.656126,0.9734296,True
3416,0.955,0.894,0.96972364,1.6626886,True
3417,0.4835,0.99975,0.48159763,18.601908,False
3418,0.944,0.97725,0.9631146,4.347817,True
3419,0.99125,0.478,0.99212676,0.6042347,True
3420,0.9245,0.649,0.95199746,0.8305609,True
3421,0.51925,0.98775,0.5247517,8.335099,False
3422,0.3425,0.9405,0.31838357,2.2138667,False
3423,0.74275,0.40825,0.77330685,0.52998537,True
3424,0.82025,0.918,0.86357754,1.8960407,True
3425,0.525,0.7425,0.5316474,1.035864,False
3426,0.57775,0.73675,0.59218115,1.0238883,False
3427,0.84125,0.85525,0.8855636,1.4362713,True
3428,0.8925,0.8335,0.92911047,1.3313382,True
3429,0.4955,0.2395,0.49500316,0.368342,False
3430,0.431,0.082,0.41843486,0.22695826,False
3431,0.59375,0.3655,0.6070013,0.4885817,True
3432,0.3265,0.41275,0.3021736,0.5333815,False
3433,0.284,0.72025,0.25495687,0.99116075,False
3434,0.924,0.69325,0.9517582,0.9189497,True
3435,0.56375,0.0965,0.5800673,0.24189316,False
3436,0.019,0.705,0.0005926759,0.94717306,False
3437,0.0245,0.368,0.0011826047,0.49018928,False
3438,0.0285,0.05375,0.002083988,0.19513822,False
3439,0.82975,0.47075,0.87474394,0.5977897,True
3440,0.457,0.65225,0.44964775,0.83886826,False
3441,0.4645,0.24125,0.45599598,0.3698625,False
3442,0.335,0.2155,0.30972302,0.3456937,False
3443,0.46625,0.1085,0.45848995,0.253271,False
3444,0.13525,0.02975,0.08388014,0.1614417,False
3445,0.1325,0.15175,0.080244355,0.29448754,False
3446,0.15125,0.58,0.09955092,0.7225015,False
3447,0.0815,0.4005,0.033486795,0.5228838,False
3448,0.866,0.123,0.90490913,0.26971024,True
3449,0.76025,0.2465,0.7944548,0.37361643,True
3450,0.532,0.75875,0.53973794,1.0792003,False
3451,0.1995,0.75475,0.15886602,1.0692568,False
3452,0.26325,0.8165,0.23134692,1.2518345,False
3453,0.742,0.8665,0.7721943,1.480479,True
3454,0.93275,0.85175,0.9568999,1.4248517,True
3455,0.12175,0.94675,0.07053211,2.3125727,False
3456,0.99,0.01175,0.9912256,0.13299055,True
3457,0.478,0.6195,0.47619718,0.7790529,False
3458,0.3875,0.19075,0.3657416,0.32436565,False
3459,0.358,0.13575,0.3398158,0.28261518,False
3460,0.30475,0.81925,0.2784854,1.2619517,False
3461,0.45775,0.973,0.45018652,3.8701375,False
3462,0.30625,0.9175,0.27934033,1.8900156,False
3463,0.22825,0.379,0.18924461,0.4984008,False
3464,0.28575,0.11425,0.2561077,0.25823575,False
3465,0.081,0.7185,0.033125844,0.9869644,False
3466,0.382,0.28775,0.3607998,0.40904394,False
3467,0.11025,0.608,0.060294155,0.7563829,False
3468,0.87075,0.62975,0.9090511,0.79488057,True
3469,0.593,0.8385,0.6064152,1.3586682,False
3470,0.92225,0.88925,0.95056427,1.6264503,True
3471,0.97525,0.6605,0.9824934,0.8550495,True
3472,0.7115,0.9065,0.73646003,1.7660991,True
3473,0.103,0.7415,0.052044313,1.0344833,False
3474,0.159,0.2355,0.10734026,0.36481294,False
3475,0.5945,0.7815,0.60795414,1.1407439,True
3476,0.96225,0.606,0.97396904,0.7545889,True
3477,0.69475,0.54175,0.71870214,0.6717671,True
3478,0.39825,0.1715,0.37408337,0.3097163,False
3479,0.34025,0.26175,0.31631422,0.3870585,False
3480,0.3245,0.3255,0.29910916,0.44214338,False
3481,0.63075,0.57875,0.6450239,0.72101957,True
3482,0.62925,0.7215,0.6434734,0.99204713,True
3483,0.14875,0.64175,0.09760628,0.81843305,False
3484,0.1535,0.58775,0.103097744,0.7294156,False
3485,0.1525,0.01025,0.10211145,0.13002588,False
3486,0.836,0.10975,0.8811084,0.25548434,True
3487,0.47475,0.207,0.46767494,0.33898398,False
3488,0.199,0.124,0.15834557,0.27137,False
3489,0.172,0.29225,0.12681365,0.41407013,False
3490,0.223,0.17925,0.18419817,0.31577748,False
3491,0.29275,0.3335,0.26539636,0.4518431,False
3492,0.2485,0.388,0.21172707,0.5105303,False
3493,0.105,0.1675,0.053914256,0.3055086,False
3494,0.69325,0.26275,0.7175637,0.38751966,True
3495,0.583,0.94425,0.5969897,2.2771654,False
3496,0.803,0.942,0.8452751,2.2262933,True
3497,0.80125,0.6095,0.8431656,0.75883335,True
3498,0.698,0.90825,0.7218206,1.7801774,True
3499,0.627,0.934,0.64199317,2.1287808,True
3500,0.77525,0.568,0.810972,0.70678484,True
3501,0.95175,0.97175,0.9679456,3.5435581,True
3502,0.95125,0.87325,0.96754056,1.5229056,True
3503,0.33075,0.976,0.3064061,4.1727023,False
3504,0.1895,0.7205,0.14659469,0.9913352,False
3505,0.126,0.95725,0.07566097,2.7042298,False
3506,0.65,0.64475,0.6665012,0.8254355,True
3507,0.9705,0.5595,0.97802395,0.6961995,True
3508,0.49075,0.71075,0.48793405,0.96451515,False
3509,0.59025,0.7785,0.6041076,1.1324918,False
3510,0.193,0.927,0.1522441,2.0017433,False
3511,0.876,0.843,0.9139836,1.3820728,True
3512,0.64375,0.24725,0.6589557,0.3739428,True
3513,0.72675,0.065,0.75642866,0.20883977,True
3514,0.7995,0.094,0.84076196,0.24094228,True
3515,0.78725,0.02575,0.82556874,0.15552571,True
3516,0.77025,0.3265,0.8056471,0.44332024,True
3517,0.6635,0.0945,0.683318,0.24107413,True
3518,0.48925,0.07875,0.48583877,0.22470778,False
3519,0.0755,0.32425,0.028635437,0.44145802,False
3520,0.07825,0.434,0.030746076,0.5575038,False
3521,0.1025,0.0735,0.051814403,0.21829665,False
3522,0.591,0.0385,0.60458976,0.17354152,False
3523,0.48325,0.1725,0.4813804,0.31048608,False
3524,0.1265,0.2595,0.07577598,0.38578847,False
3525,0.1105,0.101,0.060469616,0.24686548,False
3526,0.07925,0.365,0.031540602,0.48811296,False
3527,0.816,0.904,0.85850114,1.7449522,True
3528,0.7775,0.034,0.8132342,0.16692875,True
3529,0.2265,0.80675,0.18768004,1.2201366,False
3530,0.506,0.769,0.5085153,1.0991108,False
3531,0.784,0.114,0.82073957,0.25788698,True
3532,0.67075,0.74,0.69104147,1.0319004,True
3533,0.89425,0.784,0.93021315,1.1484785,True
3534,0.7915,0.497,0.82965785,0.62543803,True
3535,0.7985,0.24025,0.8400006,0.369002,True
3536,0.2065,0.809,0.16915183,1.2241325,False
3537,0.1485,0.10725,0.097141474,0.25207657,False
3538,0.14625,0.19625,0.09434252,0.3301778,False
3539,0.12525,0.09825,0.074963816,0.24454537,False
3540,0.153,0.55025,0.102779835,0.68438274,False
3541,0.744,0.28725,0.7756556,0.40835527,True
3542,0.6935,0.06425,0.71766055,0.20764564,True
3543,0.842,0.1305,0.8859305,0.27866027,True
3544,0.97325,0.141,0.98042893,0.28755307,True
3545,0.55775,0.56225,0.5698631,0.698788,False
3546,0.9835,0.54325,0.9865444,0.6732465,True
3547,0.64225,0.406,0.657185,0.5278259,True
3548,0.35825,0.57475,0.34047773,0.7159951,False
3549,0.168,0.90525,0.12150374,1.7561508,False
3550,0.098,0.06875,0.04651548,0.2125238,False
3551,0.47125,0.53875,0.46369177,0.6679742,False
3552,0.88725,0.75975,0.92320114,1.0814347,True
3553,0.20725,0.20775,0.16990952,0.33927816,False
3554,0.72775,0.80475,0.75702053,1.2119037,True
3555,0.436,0.261,0.42602465,0.3868461,False
3556,0.81725,0.60425,0.86047125,0.7518448,True
3557,0.8085,0.49375,0.85182977,0.6213859,True
3558,0.52275,0.285,0.52918786,0.40691403,False
3559,0.4525,0.257,0.44306728,0.3830882,False
3560,0.4475,0.0415,0.43804494,0.17946064,False
3561,0.6985,0.06725,0.7218765,0.2106259,True
3562,0.338,0.2585,0.3125017,0.38471666,False
3563,0.45,0.0645,0.44097614,0.20799309,False
3564,0.389,0.04975,0.36635882,0.19008201,False
3565,0.67875,0.95825,0.69943744,2.7375324,True
3566,0.935,0.29425,0.9577951,0.41579312,True
3567,0.636,0.76375,0.6498684,1.0888549,True
3568,0.85525,0.19825,0.8951934,0.3311165,True
3569,0.76175,0.447,0.7960858,0.57334954,True
3570,0.739,0.29675,0.7681977,0.41716063,True
3571,0.603,0.8505,0.6161056,1.4181464,True
3572,0.734,0.63875,0.7632289,0.8118516,True
3573,0.89325,0.26825,0.92924184,0.39138287,True
3574,0.60225,0.436,0.6153163,0.56156045,True
3575,0.19425,0.179,0.15398155,0.31526583,False
3576,0.5375,0.43575,0.5470579,0.5605456,False
3577,0.15225,0.46725,0.10121023,0.5940661,False
3578,0.25875,0.79625,0.22606322,1.186879,False
3579,0.14375,0.983,0.091809705,5.851823,False
3580,0.282,0.774,0.25247627,1.1212993,False
3581,0.0205,0.95875,0.0006648225,2.778333,False
3582,0.86475,0.72775,0.90421563,1.0028765,True
3583,0.84875,0.595,0.88895303,0.7371355,True
3584,0.54825,0.62625,0.5570322,0.78866607,False
3585,0.39475,0.31375,0.37145457,0.43043825,False
3586,0.4535,0.25675,0.44460285,0.38299528,False
3587,0.238,0.077,0.19821233,0.2231007,False
3588,0.11875,0.02225,0.068248905,0.15222012,False
3589,0.494,0.14125,0.49332255,0.28771064,False
3590,0.4755,0.24925,0.46972343,0.37589183,False
3591,0.665,0.44275,0.68377507,0.5695446,True
3592,0.80025,0.33925,0.8413798,0.45836928,True
3593,0.5615,0.29025,0.5772057,0.41134033,False
3594,0.831,0.848,0.87597394,1.4061388,True
3595,0.99675,0.87075,0.9971072,1.5061634,True
3596,0.74125,0.14375,0.7709931,0.28964713,True
3597,0.5295,0.29875,0.53735936,0.41789043,False
3598,0.43825,0.5125,0.42813507,0.64062405,False
3599,0.053,0.054,0.013720266,0.1959231,False
3600,0.0655,0.22725,0.021227213,0.3566815,False
3601,0.1065,0.086,0.056122113,0.2322984,False
3602,0.2055,0.2235,0.16747408,0.35234424,False
3603,0.072,0.18125,0.02538658,0.31799704,False
3604,0.733,0.636,0.76162076,0.8061493,True
3605,0.68325,0.78225,0.7036555,1.1430606,True
3606,0.62825,0.29925,0.64269227,0.41820976,True
3607,0.1865,0.6445,0.14066014,0.82409203,False
3608,0.19225,0.5245,0.15143491,0.6541079,False
3609,0.31825,0.2675,0.29124165,0.39074546,False
3610,0.2575,0.03175,0.22436492,0.16302381,False
3611,0.0435,0.0685,0.007924249,0.21207906,False
3612,0.02525,0.286,0.0013820286,0.40745848,False
3613,0.01975,0.21625,0.00062289386,0.34612352,False
3614,0.20525,0.49875,0.16676563,0.626476,False
3615,0.762,0.72475,0.7967517,0.9971442,True
3616,0.2965,0.029,0.26904655,0.16037051,False
3617,0.38525,0.0935,0.36401105,0.24029124,False
3618,0.0425,0.21375,0.0075764614,0.34404176,False
3619,0.997,0.5705,0.997131,0.7108152,True
3620,0.50375,0.915,0.50723064,1.8671676,False
3621,0.8185,0.96325,0.8625673,2.9526148,True
3622,0.27275,0.0675,0.24192908,0.21124525,False
3623,0.40525,0.74775,0.383194,1.0500895,False
3624,0.85825,0.64775,0.8978542,0.82836384,True
3625,0.4405,0.08425,0.43070108,0.23094599,False
3626,0.90775,0.38175,0.9413167,0.50217813,True
3627,0.18975,0.52025,0.14667997,0.649849,False
3628,0.10875,0.37225,0.05901608,0.49360016,False
3629,0.04075,0.77625,0.0065038875,1.1282357,False
3630,0.1045,0.72825,0.05344587,1.0034642,False
3631,0.074,0.32075,0.027703298,0.43682572,False
3632,0.0345,0.32325,0.004474134,0.44092202,False
3633,0.04675,0.1795,0.009135376,0.31579402,False
3634,0.04875,0.87925,0.0105654495,1.5647763,False
3635,0.8965,0.173,0.93171024,0.3110267,True
3636,0.56175,0.1355,0.578048,0.28249693,False
3637,0.822,0.29375,0.8655313,0.4153475,True
3638,0.1415,0.18025,0.08825975,0.31718054,False
3639,0.1575,0.12375,0.10608867,0.27117512,False
3640,0.9455,0.775,0.96415734,1.1219512,True
3641,0.8195,0.90375,0.8629878,1.7447476,True
3642,0.852,0.5465,0.8921319,0.6796975,True
3643,0.72625,0.72925,0.7562279,1.0058122,True
3644,0.311,0.1565,0.2841985,0.2981755,False
3645,0.933,0.6495,0.956973,0.8333615,True
3646,0.4345,0.93525,0.42270222,2.1434896,False
3647,0.64175,0.865,0.65658534,1.470415,True
3648,0.63775,0.058,0.6517794,0.19987419,True
3649,0.702,0.686,0.7245569,0.9017866,True
3650,0.13575,0.0425,0.084321514,0.18079527,False
3651,0.061,0.86875,0.018621234,1.4923315,False
3652,0.0405,0.20925,0.0064898385,0.3397876,False
3653,0.9635,0.875,0.9749571,1.5363603,True
3654,0.6825,0.2215,0.7028496,0.34970498,True
3655,0.4725,0.0075,0.4650047,0.12223508,False
3656,0.69975,0.08175,0.72237724,0.22655885,True
3657,0.85425,0.137,0.8937966,0.28343922,True
3658,0.3225,0.22275,0.29573286,0.35126895,False
3659,0.7615,0.93025,0.7959768,2.068601,True
3660,0.6605,0.96,0.6806096,2.8042326,True
3661,0.35075,0.4695,0.33059508,0.59623224,False
3662,0.8655,0.239,0.9045012,0.36796737,True
3663,0.906,0.04475,0.9405594,0.18249157,True
3664,0.24025,0.23025,0.20247227,0.3588708,False
3665,0.18425,0.842,0.13801791,1.3788886,False
3666,0.45825,0.34475,0.45030305,0.46219757,False
3667,0.09575,0.1465,0.044870622,0.29055193,False
3668,0.096,0.39725,0.04499902,0.5191154,False
3669,0.93575,0.7575,0.9587947,1.073943,True
3670,0.815,0.03925,0.85754865,0.17389098,True
3671,0.71775,0.166,0.7430946,0.30503172,True
3672,0.71425,0.304,0.73918027,0.42187712,True
3673,0.412,0.42125,0.39113852,0.54270256,False
3674,0.333,0.574,0.3082632,0.71434146,False
3675,0.463,0.32175,0.45525014,0.43872577,False
3676,0.24825,0.23175,0.21102402,0.36082098,False
3677,0.262,0.05475,0.22970334,0.19653493,False
3678,0.5215,0.63175,0.52720565,0.7986094,False
3679,0.574,0.39025,0.58890533,0.51207966,False
3680,0.34725,0.84075,0.32602444,1.3692714,False
3681,0.18475,0.76425,0.13813457,1.0901538,False
3682,0.2725,0.584,0.24190502,0.7269605,False
3683,0.301,0.34025,0.27315694,0.4591661,False
3684,0.28775,0.41575,0.25873548,0.53629464,False
3685,0.22925,0.45575,0.19065315,0.58268625,False
3686,0.1735,0.20875,0.12821615,0.33976528,False
3687,0.39925,0.59475,0.37512258,0.7360181,False
3688,0.599,0.7985,0.613219,1.1902561,True
3689,0.77225,0.8435,0.8071657,1.3831657,True
3690,0.64125,0.956,0.65562516,2.61711,True
3691,0.5625,0.45125,0.57840693,0.57787126,False
3692,0.92825,0.96025,0.9542339,2.8415852,True
3693,0.87525,0.20975,0.91347283,0.34009504,True
3694,0.6585,0.42825,0.67804813,0.5502652,True
3695,0.552,0.3085,0.5635476,0.42630154,False
3696,0.97175,0.745,0.9786388,1.041816,True
3697,0.33225,0.67975,0.30700234,0.8909785,False
3698,0.6425,0.17825,0.65753025,0.31514564,True
3699,0.1635,0.47425,0.11587984,0.6002954,False
3700,0.23225,0.603,0.19326606,0.75031376,False
3701,0.1165,0.3395,0.06565131,0.4584262,False
3702,0.07675,0.57525,0.029578835,0.71622115,False
3703,0.96125,0.85025,0.97359765,1.4170228,True
3704,0.59325,0.87275,0.6066125,1.5199959,True
3705,0.3745,0.29975,0.35478863,0.41852647,False
3706,0.1145,0.35925,0.063617356,0.4831749,False
3707,0.091,0.2645,0.040310994,0.3887801,False
3708,0.05325,0.63025,0.013728832,0.7955723,False
3709,0.923,0.64725,0.95148987,0.82794446,True
3710,0.759,0.32225,0.7925436,0.43929178,True
3711,0.68075,0.3025,0.70157844,0.42110974,True
3712,0.41825,0.57725,0.39987415,0.718347,False
3713,0.43775,0.77975,0.42804956,1.1368997,False
3714,0.367,0.39375,0.34880236,0.5153793,False
3715,0.838,0.50025,0.8831379,0.62852377,True
3716,0.66275,0.72225,0.68267405,0.9922163,True
3717,0.545,0.719,0.55440694,0.9872809,False
3718,0.4115,0.4125,0.3904538,0.5329299,False
3719,0.37025,0.1965,0.35242063,0.33026347,False
3720,0.83725,0.79425,0.8824909,1.1806142,True
3721,0.4035,0.20525,0.3795643,0.33690503,False
3722,0.6975,0.86425,0.7214875,1.469001,True
3723,0.4105,0.87,0.3900395,1.4994799,False
3724,0.727,0.05325,0.75644016,0.19469923,True
3725,0.374,0.11075,0.35452947,0.2561439,False
3726,0.81425,0.46225,0.85744625,0.58814657,True
3727,0.781,0.729,0.8169715,1.0054445,True
3728,0.17725,0.063,0.13032594,0.20696719,False
3729,0.9265,0.17525,0.952969,0.3128122,True
3730,0.036,0.637,0.0046568536,0.80948406,False
3731,0.9575,0.6335,0.9715059,0.8029565,True
3732,0.68375,0.62725,0.7041695,0.7889963,True
3733,0.56925,0.90775,0.5849216,1.7779725,False
3734,0.404,0.6065,0.3808823,0.7553728,False
3735,0.67925,0.65125,0.69998604,0.8366185,True
3736,0.56025,0.43375,0.5752245,0.5574406,False
3737,0.609,0.56725,0.6238742,0.7067221,True
3738,0.35625,0.22475,0.33882013,0.35375175,False
3739,0.32475,0.2175,0.29925796,0.3474541,False
3740,0.7065,0.13625,0.7304047,0.28283948,True
3741,0.1615,0.27925,0.11341792,0.40208468,False
3742,0.1205,0.8145,0.06994852,1.2418077,False
3743,0.7175,0.1915,0.7422905,0.32505423,True
3744,0.75575,0.115,0.7886557,0.25852972,True
3745,0.2185,0.5015,0.18040344,0.62943566,False
3746,0.3895,0.937,0.36780924,2.1725934,False
3747,0.18575,0.67,0.1392773,0.8721054,False
3748,0.216,0.2515,0.17805429,0.37897778,False
3749,0.60825,0.69675,0.62318915,0.9255544,True
3750,0.38275,0.94725,0.36119562,2.3141742,False
3751,0.6765,0.9675,0.69660234,3.1917214,True
3752,0.874,0.87975,0.9124938,1.5658344,True
3753,0.52675,0.19175,0.53388405,0.32555002,False
3754,0.7855,0.9995,0.82314724,17.04204,True
3755,0.43075,0.9305,0.41788673,2.0701873,False
3756,0.7725,0.45,0.80779207,0.5762221,True
3757,0.70175,0.8945,0.72450316,1.6696384,True
3758,0.6895,0.78975,0.71296006,1.1651843,True
3759,0.417,0.055,0.3981951,0.19660418,False
3760,0.7655,0.415,0.80025613,0.5355304,True
3761,0.774,0.6825,0.80982083,0.8942076,True
3762,0.915,0.954,0.9460856,2.5641143,True
3763,0.6025,0.126,0.61596805,0.27321786,True
3764,0.75525,0.81675,0.7880311,1.2535028,True
3765,0.6455,0.7775,0.66114354,1.1307142,True
3766,0.8975,0.69175,0.9323204,0.91380376,True
3767,0.71525,0.10675,0.74036014,0.25179693,True
3768,0.29225,0.625,0.26503527,0.7864596,False
3769,0.34925,0.575,0.32859236,0.7161608,False
3770,0.1925,0.0505,0.15213293,0.19113764,False
3771,0.1275,0.053,0.0766216,0.19443099,False
3772,0.982,0.819,0.9860327,1.2619506,True
3773,0.75175,0.157,0.78585255,0.29920426,True
3774,0.55375,0.64925,0.5643895,0.8328645,False
3775,0.0625,0.19725,0.019360522,0.3304971,False
3776,0.018,0.8775,0.00054863346,1.5513337,False
3777,0.01275,0.80175,0.00011399106,1.2030241,False
3778,0.941,0.788,0.9616081,1.1590828,True
3779,0.87625,0.35725,0.91415155,0.48065272,True
3780,0.8945,0.07925,0.9307157,0.22488314,True
3781,0.7545,0.3745,0.78788066,0.49580336,True
3782,0.70975,0.13725,0.733978,0.28389412,True
3783,0.11725,0.945,0.06675931,2.2811651,False
3784,0.95325,0.9635,0.96883935,2.9548123,True
3785,0.50975,0.31125,0.51341546,0.42784226,False
3786,0.38,0.028,0.3594279,0.15864985,False
3787,0.27025,0.43525,0.2393266,0.55965126,False
3788,0.24425,0.6905,0.20712033,0.91016537,False
3789,0.19625,0.07,0.15556768,0.21393986,False
3790,0.17875,0.16725,0.13139287,0.30547422,False
3791,0.43725,0.802,0.42722565,1.2039734,False
3792,0.3065,0.246,0.2793815,0.37331977,False
3793,0.53275,0.48525,0.540123,0.6120858,False
3794,0.2585,0.591,0.22535977,0.732606,False
3795,0.09125,0.6895,0.04034707,0.9086906,False
3796,0.03825,0.3815,0.005647349,0.50167453,False
3797,0.05025,0.43275,0.0117264185,0.5562293,False
3798,0.0535,0.2135,0.013919784,0.3435492,False
3799,0.051,0.6355,0.012262671,0.8052504,False
3800,0.8715,0.89775,0.90930754,1.7007523,True
3801,0.77,0.47275,0.8054839,0.5990334,True
3802,0.5785,0.961,0.5935947,2.8513074,False
3803,0.68425,0.63775,0.705025,0.8105676,True
3804,0.72025,0.0835,0.74768645,0.22952867,True
3805,0.79675,0.383,0.83838445,0.5036077,True
3806,0.5115,0.8715,0.51661754,1.5125978,False
3807,0.48625,0.49325,0.4834516,0.6205792,False
3808,0.3315,0.562,0.3068425,0.69831204,False
3809,0.22525,0.6325,0.18681404,0.799601,False
3810,0.98175,0.94225,0.9859138,2.228916,True
3811,0.53175,0.66625,0.53970677,0.86485046,False
3812,0.77975,0.59175,0.81638974,0.7328119,True
3813,0.624,0.116,0.6392162,0.2602447,True
3814,0.758,0.613,0.7908377,0.76582694,True
3815,0.25325,0.078,0.21765208,0.22450407,False
3816,0.39275,0.16225,0.36985314,0.30180025,False
3817,0.45375,0.41775,0.44467667,0.5385204,False
3818,0.6245,0.25625,0.6400198,0.3825749,True
3819,0.94325,0.55275,0.962643,0.6880733,True
3820,0.209,0.09875,0.17171551,0.24490342,False
3821,0.4615,0.501,0.45407864,0.62911326,False
3822,0.3385,0.01775,0.31388932,0.14485355,False
3823,0.174,0.84725,0.12863488,1.4025353,False
3824,0.10825,0.42425,0.058843687,0.5447371,False
3825,0.1295,0.36225,0.07766748,0.4859206,False
3826,0.42275,0.82475,0.40734002,1.289806,False
3827,0.4305,0.30125,0.41666892,0.42021513,False
3828,0.22075,0.347,0.18167719,0.46639422,False
3829,0.0955,0.89275,0.044860832,1.6488115,False
3830,0.99875,0.82675,0.9992375,1.2987324,True
3831,0.503,0.28475,0.5066321,0.4067357,False
3832,0.817,0.33625,0.85975844,0.4551396,True
3833,0.68725,0.075,0.7089872,0.21995853,True
3834,0.47675,0.48,0.47331676,0.60666084,False
3835,0.76925,0.81825,0.805244,1.2587517,True
3836,0.6105,0.61675,0.6249577,0.77142,True
3837,0.629,0.17575,0.64347243,0.31310144,True
3838,0.34675,0.85725,0.32441026,1.440054,False
3839,0.26975,0.16775,0.23906851,0.30581588,False
3840,0.19875,0.36525,0.15828674,0.48840502,False
3841,0.18525,0.79725,0.13829584,1.1879116,False
3842,0.25025,0.86775,0.21313873,1.4877384,False
3843,0.47,0.78725,0.4626045,1.1575092,False
3844,0.95225,0.09375,0.96826756,0.24072143,True
3845,0.40175,0.55225,0.37782466,0.6875811,False
3846,0.353,0.82575,0.3348238,1.2968844,False
3847,0.32025,0.144,0.29362413,0.28970554,False
3848,0.9615,0.398,0.97374046,0.5196925,True
3849,0.92575,0.51425,0.9523909,0.6431561,True
3850,0.80575,0.662,0.8478444,0.85850763,True
3851,0.8495,0.03625,0.8895911,0.16888563,True
3852,0.66475,0.57625,0.68375,0.7167639,True
3853,0.4025,0.738,0.3788912,1.0295025,False
3854,0.76575,0.4135,0.8003178,0.5341825,True
3855,0.443,0.184,0.43348554,0.31906125,False
3856,0.76875,0.2905,0.8048408,0.41142687,True
3857,0.2445,0.45325,0.20729288,0.57984173,False
3858,0.179,0.09,0.1317052,0.23728962,False
3859,0.13775,0.3155,0.08570161,0.43186426,False
3860,0.09825,0.0325,0.046633143,0.16599886,False
3861,0.08775,0.03075,0.03784639,0.16230078,False
3862,0.0715,0.02425,0.025158402,0.15419859,False
3863,0.05825,0.89525,0.017074138,1.6716201,False
3864,0.928,0.27375,0.9539489,0.39771152,True
3865,0.83125,0.4445,0.8760642,0.57150215,True
3866,0.824,0.396,0.8681703,0.51825994,True
3867,0.345,0.11875,0.32289088,0.26418272,False
3868,0.97425,0.1745,0.98194414,0.3120152,True
3869,0.57475,0.253,0.5896656,0.3800476,False
3870,0.36475,0.59275,0.34691706,0.73396796,False
3871,0.485,0.70975,0.48259896,0.9608303,False
3872,0.6195,0.52925,0.63434315,0.65898615,True
3873,0.459,0.77925,0.45113623,1.1365767,False
3874,0.8375,0.51575,0.8825222,0.6446346,True
3875,0.2765,0.73625,0.2459701,1.0212779,False
3876,0.46525,0.52275,0.45740435,0.6518821,False
3877,0.41475,0.8085,0.39420113,1.2222785,False
3878,0.1545,0.61125,0.103621766,0.761244,False
3879,0.15725,0.66325,0.10605959,0.86050403,False
3880,0.1405,0.598,0.08768543,0.7420327,False
3881,0.444,0.057,0.43374148,0.19904643,False
3882,0.09275,0.392,0.041969202,0.5128624,False
3883,0.0445,0.108,0.0083649475,0.2529075,False
3884,0.93375,0.9535,0.95717764,2.5398903,True
3885,0.892,0.68975,0.928882,0.9091179,True
3886,0.53575,0.6555,0.5443068,0.8452226,False
3887,0.19525,0.27,0.15444398,0.394536,False
3888,0.5465,0.26425,0.5556138,0.38873821,False
3889,0.1605,0.21025,0.10985994,0.34064874,False
3890,0.10225,0.048,0.051493384,0.18701722,False
3891,0.09325,0.2025,0.04225686,0.33458003,False
3892,0.07125,0.00475,0.024955606,0.10534238,False
3893,0.05775,0.23925,0.016541924,0.36803186,False
3894,0.94775,0.859,0.9657533,1.4455975,True
3895,0.6225,0.223,0.6381339,0.3513544,True
3896,0.48775,0.92725,0.4843625,2.024517,False
3897,0.38425,0.43175,0.3621337,0.5540866,False
3898,0.5495,0.40375,0.5584459,0.52468956,False
3899,0.423,0.8795,0.40750292,1.5652397,False
3900,0.90475,0.69225,0.9390998,0.91650367,True
3901,0.72925,0.20025,0.7579652,0.33260125,True
3902,0.3365,0.685,0.31107855,0.9001618,False
3903,0.2905,0.29525,0.26218823,0.41646764,False
3904,0.302,0.3675,0.27442917,0.49007753,False
3905,0.3255,0.612,0.30017442,0.7641284,False
3906,0.80325,0.92175,0.845409,1.9419941,True
3907,0.55975,0.0695,0.5745504,0.21378076,False
3908,0.871,0.87725,0.90922076,1.5497485,True
3909,0.90125,0.799,0.9356607,1.1916032,True
3910,0.97375,0.70875,0.98085004,0.95867205,True
3911,0.6695,0.86,0.68913466,1.4500916,True
3912,0.52,0.6615,0.5252557,0.85772413,False
3913,0.8235,0.339,0.86745334,0.45801747,True
3914,0.85725,0.59825,0.89710957,0.7429541,True
3915,0.8605,0.534,0.9003721,0.6635907,True
3916,0.991,0.15625,0.9920611,0.2980787,True
3917,0.566,0.60375,0.58172786,0.7506802,False
3918,0.78975,0.46625,0.827699,0.591761,True
3919,0.89025,0.9275,0.92656845,2.0283985,True
3920,0.76675,0.93825,0.8020779,2.195964,True
3921,0.51425,0.6185,0.52038485,0.7763305,False
3922,0.48025,0.6565,0.47827277,0.8477179,False
3923,0.82825,0.99325,0.8726496,10.364124,True
3924,0.34525,0.70625,0.32323033,0.9516301,False
3925,0.954,0.86825,0.96911937,1.4893732,True
3926,0.2335,0.9225,0.19436662,1.9472145,False
3927,0.95025,0.278,0.9668528,0.40031493,True
3928,0.47425,0.93175,0.46633595,2.0835488,False
3929,0.20625,0.759,0.16817331,1.080104,False
3930,0.07575,0.925,0.02871829,1.9835773,False
3931,0.8055,0.2565,0.84783095,0.38277602,True
3932,0.69175,0.1525,0.71486646,0.29553214,True
3933,0.2855,0.267,0.2559767,0.3905072,False
3934,0.42775,0.152,0.41185987,0.29458112,False
3935,0.965,0.67225,0.9754256,0.8752779,True
3936,0.811,0.27975,0.854456,0.40235037,True
3937,0.51275,0.14575,0.518914,0.29023823,False
3938,0.05725,0.425,0.016451888,0.54647243,False
3939,0.912,0.36275,0.9440224,0.48623353,True
3940,0.81075,0.4165,0.85428727,0.5370013,True
3941,0.94825,0.1555,0.96587056,0.29730204,True
3942,0.20875,0.18375,0.17161186,0.3189907,False
3943,0.289,0.35675,0.26024705,0.48016223,False
3944,0.1705,0.864,0.12549414,1.4662534,False
3945,0.83025,0.23425,0.87513727,0.36285603,True
3946,0.0675,0.576,0.022473997,0.7166226,False
3947,0.708,0.698,0.7325935,0.9276516,True
3948,0.5795,0.95375,0.5941503,2.5412729,False
3949,0.5895,0.9795,0.6037192,4.7912507,False
3950,0.37825,0.83175,0.3577038,1.323328,False
3951,0.83925,0.5425,0.8840803,0.67224663,True
3952,0.481,0.81025,0.4802781,1.2290515,False
3953,0.514,0.61225,0.51979774,0.76454604,False
3954,0.49675,0.492,0.49660674,0.61951596,False
3955,0.071,0.4035,0.024813889,0.5245866,False
3956,0.7435,0.0255,0.774204,0.15530516,True
3957,0.75775,0.112,0.79046077,0.25652328,True
3958,0.54525,0.02,0.5548639,0.15009026,False
3959,0.69025,0.47725,0.71384263,0.60272104,True
3960,0.40725,0.50125,0.38531455,0.62935835,False
3961,0.12425,0.74125,0.07456213,1.0341357,False
3962,0.8565,0.923,0.8966609,1.9560671,True
3963,0.91625,0.947,0.9470283,2.3133845,True
3964,0.9255,0.955,0.95238465,2.5848436,True
3965,0.17775,0.91325,0.13065682,1.844458,False
3966,0.76125,0.654,0.7957421,0.84293324,True
3967,0.4215,0.26675,0.40564287,0.39050382,False
3968,0.05525,0.2045,0.0145888105,0.33630732,False
3969,0.28625,0.0445,0.2564863,0.18243092,False
3970,0.02675,0.01,0.0017163577,0.12878792,False
3971,0.01725,0.93425,0.0005215774,2.129824,False
3972,0.9305,0.88775,0.9555449,1.6150905,True
3973,0.766,0.6705,0.80122566,0.87254566,True
3974,0.98975,0.303,0.99104315,0.42159215,True
3975,0.5805,0.59925,0.5950363,0.7439198,False
3976,0.656,0.0165,0.6747334,0.14249335,True
3977,0.71275,0.588,0.7381215,0.72959775,True
3978,0.7535,0.13875,0.7875601,0.28489894,True
3979,0.60075,0.45175,0.61441106,0.5785589,True
3980,0.51625,0.50325,0.5209133,0.6314078,False
3981,0.31575,0.154,0.2876462,0.29612792,False
3982,0.492,0.45475,0.4908278,0.58122784,False
3983,0.48575,0.78175,0.483144,1.1418165,False
3984,0.2735,0.96975,0.24290206,3.3949704,False
3985,0.993,0.578,0.9934938,0.7191198,True
3986,0.8455,0.5555,0.88683754,0.69188356,True
3987,0.46025,0.335,0.45314202,0.45390272,False
3988,0.3605,0.36675,0.34280527,0.48927146,False
3989,0.9025,0.53825,0.9369343,0.66774356,True
3990,0.52025,0.993,0.525342,10.355222,False
3991,0.90975,0.8675,0.9423261,1.487563,True
3992,0.35975,0.6985,0.3420059,0.92968744,False
3993,0.69125,0.8575,0.7144261,1.4402622,True
3994,0.837,0.18175,0.8819181,0.3180321,True
3995,0.7415,0.82,0.771057,1.2668686,True
3996,0.6385,0.767,0.65264916,1.0947976,True
3997,0.217,0.89425,0.17904632,1.6644278,False
3998,0.1725,0.90125,0.12736422,1.7183042,False
3999,0.29875,0.31675,0.2717117,0.43315065,False
