method,seed,task,stratum_name,stratum_n,overall,stratum,matched,stratum_minus_overall,stratum_minus_matched,cpa_matched,stratum_minus_cpa_matched
finetune,7,baseline,within_3s,705,7.850540060922503,12.28819141954395,7.971069011982246,4.437651358621446,4.317122407561703,,
finetune,7,baseline,within_5s,758,7.850540060922503,11.854753604114528,7.958602605134273,4.004213543192025,3.8961509989802545,,
finetune,7,baseline,within_10s,887,7.850540060922503,11.010430844217169,7.971233587560684,3.1598907832946654,3.039197256656484,,
finetune,7,baseline,ongoing,599,7.850540060922503,13.182054301434645,8.007219774029304,5.331514240512142,5.174834527405341,11.168498344194438,2.0135559572402073
finetune,7,baseline,new_0_3s,106,7.850540060922503,7.237022869991806,7.766783101923857,-0.6135171909306969,-0.5297602319320509,10.553174230256127,-3.316151360264321
finetune,7,baseline,new_3_5s,53,7.850540060922503,6.089212851704292,7.79277587253387,-1.7613272092182113,-1.703563020829578,10.754244431420252,-4.6650315797159605
finetune,7,baseline,new_5_10s,129,7.850540060922503,6.049216487610987,8.04545284863993,-1.8013235733115165,-1.9962363610289442,10.757443623067731,-4.708227135456744
finetune,7,baseline,no_entry_10s,1113,7.850540060922503,5.332280290228551,7.754353935021275,-2.518259770693952,-2.4220736447927234,,
finetune,11,baseline,within_3s,705,18.627272356867792,21.46100441285059,18.705110526204418,2.8337320559827965,2.75589388664617,,
finetune,11,baseline,within_5s,758,18.627272356867792,21.137870500694792,18.647295638474457,2.510598143827,2.4905748622203348,,
finetune,11,baseline,within_10s,887,18.627272356867792,20.561974437892637,18.687612701526888,1.9347020810248452,1.8743617363657492,,
finetune,11,baseline,ongoing,599,18.627272356867792,21.937403916218045,18.657212731530613,3.3101315593502534,3.280191184687432,20.571433045755768,1.3659708704622773
finetune,11,baseline,new_0_3s,106,18.627272356867792,18.76889778533072,18.975778252710175,0.1416254284629268,-0.20688046737945598,20.7316234320666,-1.9627256467358798
finetune,11,baseline,new_3_5s,53,18.627272356867792,16.839579782395994,17.87824854697217,-1.787692574471798,-1.038668764576176,19.940060211137446,-3.1004804287414522
finetune,11,baseline,new_5_10s,129,18.627272356867792,17.178027030109433,18.92451451388144,-1.4492453267583585,-1.7464874837720075,20.634167883827267,-3.4561408537178337
finetune,11,baseline,no_entry_10s,1113,18.627272356867792,17.08542083317593,18.579184409237403,-1.5418515236918608,-1.4937635760614718,,
finetune,23,baseline,within_3s,705,11.736808467164636,13.674931307887354,11.745321352252363,1.938122840722718,1.9296099556349908,,
finetune,23,baseline,within_5s,758,11.736808467164636,13.306410997398295,11.727667973352512,1.5696025302336594,1.5787430240457834,,
finetune,23,baseline,within_10s,887,11.736808467164636,12.76921868418357,11.732484365355631,1.0324102170189349,1.0367343188279392,,
finetune,23,baseline,ongoing,599,11.736808467164636,14.304949321910017,11.749053855160506,2.5681408547453817,2.5558954667495115,12.885874008527454,1.4190753133825638
finetune,23,baseline,new_0_3s,106,11.736808467164636,10.114735172042307,11.724229189592206,-1.6220732951223287,-1.609494017549899,12.481803383447906,-2.3670682114055985
finetune,23,baseline,new_3_5s,53,11.736808467164636,8.40439554655327,11.492844725722398,-3.3324129206113664,-3.088449179169128,12.751754700147616,-4.347359153594347
finetune,23,baseline,new_5_10s,129,11.736808467164636,9.612693308859832,11.760785335420454,-2.1241151583048037,-2.1480920265606223,12.470885922554896,-2.8581926136950635
finetune,23,baseline,no_entry_10s,1113,11.736808467164636,10.914034107330139,11.74025453931611,-0.8227743598344972,-0.8262204319859716,,
finetune,47,baseline,within_3s,705,6.922497689247131,9.81288022842813,6.9305891976952365,2.8903825391809983,2.882291030732893,,
finetune,47,baseline,within_5s,758,6.922497689247131,9.38009732159587,6.860973946686738,2.457599632348738,2.519123374909131,,
finetune,47,baseline,within_10s,887,6.922497689247131,8.747581442219563,6.8517026949680355,1.8250837529724313,1.895878747251527,,
finetune,47,baseline,ongoing,599,6.922497689247131,10.471203053833447,6.857139898903172,3.548705364586316,3.6140631549302746,8.804707844681927,1.6664952091515204
finetune,47,baseline,new_0_3s,106,6.922497689247131,6.09273520561884,7.345647027661679,-0.8297624836282909,-1.2529118220428384,9.071561547000142,-2.9788263413813016
finetune,47,baseline,new_3_5s,53,6.922497689247131,3.623268089204464,5.934959758743535,-3.299229600042667,-2.3116916695390706,7.83755611261177,-4.214288023407306
finetune,47,baseline,new_5_10s,129,6.922497689247131,5.030937747899876,6.797225107349622,-1.8915599413472552,-1.7662873594497457,8.589990250649917,-3.559052502750041
finetune,47,baseline,no_entry_10s,1113,6.922497689247131,5.4680059651801525,6.978917419638467,-1.4544917240669788,-1.5109114544583147,,
finetune,59,baseline,within_3s,705,10.309609429761768,14.911368565145114,10.605106530854153,4.601759135383347,4.306262034290961,,
finetune,59,baseline,within_5s,758,10.309609429761768,14.458932997172301,10.541097815781766,4.1493235674105335,3.9178351813905348,,
finetune,59,baseline,within_10s,887,10.309609429761768,13.65371206147426,10.564966266476633,3.3441026317124933,3.088745794997628,,
finetune,59,baseline,ongoing,599,10.309609429761768,15.64752554510392,10.585298658935333,5.337916115342152,5.062226886168586,13.696382288983166,1.9511432561207531
finetune,59,baseline,new_0_3s,106,10.309609429761768,10.751387140660915,10.717039693867125,0.44177771089914764,0.03434744679378987,13.667395105191437,-2.9160079645305217
finetune,59,baseline,new_3_5s,53,10.309609429761768,8.440686291118837,9.68966113415854,-1.8689231386429306,-1.2489748430397025,13.075859881516026,-4.635173590397189
finetune,59,baseline,new_5_10s,129,10.309609429761768,8.922258811403614,10.705216542652636,-1.3873506183581537,-1.782957731249022,13.68174536865202,-4.759486557248406
finetune,59,baseline,no_entry_10s,1113,10.309609429761768,7.64454291194597,10.106104026198349,-2.6650665178157977,-2.461561114252379,,
finetune,71,baseline,within_3s,705,9.335515867814422,13.613231741705684,9.533202032790665,4.277715873891262,4.080029708915019,,
finetune,71,baseline,within_5s,758,9.335515867814422,13.10827754363221,9.490808434521298,3.7727616758177884,3.617469109110912,,
finetune,71,baseline,within_10s,887,9.335515867814422,12.201900231193125,9.442052623987276,2.866384363378703,2.759847607205849,,
finetune,71,baseline,ongoing,599,9.335515867814422,14.488454581600596,9.495059648820737,5.152938713786174,4.993394932779859,12.296486099092993,2.191968482507603
finetune,71,baseline,new_0_3s,106,9.335515867814422,8.667397014375004,9.748742485601902,-0.6681188534394185,-1.0813454712268982,12.51080999230671,-3.843412977931706
finetune,71,baseline,new_3_5s,53,9.335515867814422,6.391433965485051,8.926893589617432,-2.944081902329371,-2.535459624132381,11.707095746371905,-5.315661780886854
finetune,71,baseline,new_5_10s,129,9.335515867814422,6.876055248023928,9.155564993097437,-2.4594606197904945,-2.2795097450735096,11.712158123793621,-4.8361028757696936
finetune,71,baseline,no_entry_10s,1113,9.335515867814422,7.051164627637503,9.250611912086372,-2.2843512401769193,-2.199447284448869,,
finetune,89,baseline,within_3s,705,12.7368464724198,16.34825586351097,12.871512438233438,3.611409391091172,3.476743425277533,,
finetune,89,baseline,within_5s,758,12.7368464724198,16.02296767142014,12.79904776637221,3.286121199000341,3.2239199050479304,,
finetune,89,baseline,within_10s,887,12.7368464724198,15.379392503818503,12.816967178115933,2.6425460313987035,2.56242532570257,,
finetune,89,baseline,ongoing,599,12.7368464724198,16.821738312260337,12.810128111799084,4.084891839840537,4.011610200461252,15.393564045390962,1.4281742668693749
finetune,89,baseline,new_0_3s,106,12.7368464724198,13.67263334652163,13.21839179232944,0.9357868741018311,0.4542415541921905,15.642347833037839,-1.9697144865162084
finetune,89,baseline,new_3_5s,53,12.7368464724198,11.696020965306264,11.835130904821852,-1.040825507113535,-0.13910993951558837,14.648230571003598,-2.952209605697334
finetune,89,baseline,new_5_10s,129,12.7368464724198,11.597764774810436,12.922261085881381,-1.1390816976093632,-1.324496311070945,15.397916256842054,-3.800151482031618
finetune,89,baseline,no_entry_10s,1113,12.7368464724198,10.63088211496189,12.672994661141752,-2.1059643574579088,-2.0421125461798617,,
finetune,107,baseline,within_3s,705,3.5430087298825383,7.756633106846336,3.577223412035065,4.213624376963798,4.179409694811271,,
finetune,107,baseline,within_5s,758,3.5430087298825383,7.287330596911718,3.6113754426733053,3.74432186702918,3.675955154238413,,
finetune,107,baseline,within_10s,887,3.5430087298825383,6.48384876851635,3.6118914377228686,2.940840038633812,2.8719573307934816,,
finetune,107,baseline,ongoing,599,3.5430087298825383,8.938957582904221,3.6433698608288485,5.395948853021682,5.295587722075373,6.5424333800963455,2.3965242028078757
finetune,107,baseline,new_0_3s,106,3.5430087298825383,1.0753844166701694,3.2034335740399986,-2.4676243132123687,-2.128049157369829,6.091726347072808,-5.016341930402639
finetune,107,baseline,new_3_5s,53,3.5430087298825383,1.0447217383474674,4.065661887955574,-2.498286991535071,-3.0209401496081068,7.454690909179155,-6.409969170831688
finetune,107,baseline,new_5_10s,129,3.5430087298825383,1.762614459030388,3.614923408634249,-1.7803942708521503,-1.8523089496038612,6.135152341240916,-4.372537882210528
finetune,107,baseline,no_entry_10s,1113,3.5430087298825383,1.1993203972067152,3.488112986976543,-2.343688332675823,-2.2887925897698276,,
reservoir,7,baseline,within_3s,705,0.3094001135379076,0.6006083442387006,0.24330663758238424,0.291208230700793,0.35730170665631633,,
reservoir,7,baseline,within_5s,758,0.3094001135379076,0.5189360625117938,0.25421251478469253,0.20953594897388622,0.26472354772710127,,
reservoir,7,baseline,within_10s,887,0.3094001135379076,0.44730660917390697,0.2444918330657178,0.13790649563599938,0.20281477610818915,,
reservoir,7,baseline,ongoing,599,0.3094001135379076,0.7320431239517384,0.24788603854469224,0.42264301041383084,0.48415708540704616,0.47038762216823937,0.26165550178349906
reservoir,7,baseline,new_0_3s,106,0.3094001135379076,-0.1421221562151639,0.21742870195575661,-0.45152226975307147,-0.3595508581709205,0.35858679987746134,-0.5007089560926252
reservoir,7,baseline,new_3_5s,53,0.3094001135379076,-0.5674593831008335,0.39928125870218967,-0.8768594966387411,-0.9667406418030232,0.4333127796972569,-1.0007721627980906
reservoir,7,baseline,new_5_10s,129,0.3094001135379076,0.026414162428804146,0.1873734087015103,-0.28298595110910346,-0.16095924627270616,0.4187829344768574,-0.39236877204805326
reservoir,7,baseline,no_entry_10s,1113,0.3094001135379076,0.19949619473365654,0.36112845565725366,-0.10990391880425104,-0.16163226092359712,,
reservoir,11,baseline,within_3s,705,0.9578209414035082,2.264524789904872,0.9639198364991336,1.3067038485013638,1.3006049534057382,,
reservoir,11,baseline,within_5s,758,0.9578209414035082,2.0551199291029203,0.9727932965171912,1.0972989876994121,1.0823266325857293,,
reservoir,11,baseline,within_10s,887,0.9578209414035082,1.722780891510384,0.9634112688413403,0.7649599501068758,0.7593696226690436,,
reservoir,11,baseline,ongoing,599,0.9578209414035082,2.7289006792643233,0.9905444903235813,1.7710797378608152,1.7383561889407422,1.7605078878749234,0.9683927913893999
reservoir,11,baseline,new_0_3s,106,0.9578209414035082,-0.35963707543768975,0.8134654247930543,-1.317458016841198,-1.173102500230744,1.4441390825816722,-1.803776158019362
reservoir,11,baseline,new_3_5s,53,0.9578209414035082,-0.730359823073981,1.0908270571347511,-1.688180764477489,-1.821186880208732,1.965149526900072,-2.695509349974053
reservoir,11,baseline,new_5_10s,129,0.9578209414035082,-0.23003298829692279,0.9082827651336275,-1.187853929700431,-1.1383157534305504,1.6769826221183786,-1.9070156104153013
reservoir,11,baseline,no_entry_10s,1113,0.9578209414035082,0.3481897861970403,0.9533657568236725,-0.6096311552064679,-0.6051759706266322,,
reservoir,23,baseline,within_3s,705,-0.5112621717453003,-0.6503588195810927,-0.6316005505066262,-0.13909664783579234,-0.018758269074466427,,
reservoir,23,baseline,within_5s,758,-0.5112621717453003,-0.6630907240753753,-0.6084205496368933,-0.15182855233007497,-0.05467017443848199,,
reservoir,23,baseline,within_10s,887,-0.5112621717453003,-0.5718740014844441,-0.5245592712272023,-0.06061182973914381,-0.047314730257241866,,
reservoir,23,baseline,ongoing,599,-0.5112621717453003,-0.5742584423648694,-0.6150708992228084,-0.06299627061956914,0.040812456857938995,-0.6932192263354998,0.11896078397063037
reservoir,23,baseline,new_0_3s,106,-0.5112621717453003,-1.0803977436614487,-0.7250086742708425,-0.5691355719161484,-0.3553890693906062,-0.7697129315957509,-0.31068481206569776
reservoir,23,baseline,new_3_5s,53,-0.5112621717453003,-0.8324490763106436,-0.30008280221874717,-0.32118690456534327,-0.5323662740918964,-0.5279533471966917,-0.30449572911395184
reservoir,23,baseline,new_5_10s,129,-0.5112621717453003,-0.0358873679656391,-0.03179299964157577,0.47537480377966124,-0.004094368324063333,0.13610213495222143,-0.17198950291786053
reservoir,23,baseline,no_entry_10s,1113,-0.5112621717453003,-0.4629578653853537,-0.5006651122300738,0.04830430635994659,0.0377072468447201,,
reservoir,47,baseline,within_3s,705,-0.20856627881526946,-0.2677829269821762,-0.29033836837185323,-0.05921664816690675,0.022555441389677022,,
reservoir,47,baseline,within_5s,758,-0.20856627881526946,-0.2828349984572871,-0.302233524494999,-0.07426871964201764,0.019398526037711916,,
reservoir,47,baseline,within_10s,887,-0.20856627881526946,-0.21883135469548462,-0.2659768016991874,-0.010265075880215163,0.047145447003702795,,
reservoir,47,baseline,ongoing,599,-0.20856627881526946,-0.2741946021782138,-0.3023238144744171,-0.06562832336294433,0.0281292122962033,-0.2379097995179562,-0.036284802660257576
reservoir,47,baseline,new_0_3s,106,-0.20856627881526946,-0.231550913374379,-0.22260929086774192,-0.02298463455910954,-0.008941622506637076,-0.19776435601489434,-0.03378655735948466
reservoir,47,baseline,new_3_5s,53,-0.20856627881526946,-0.4830559492111206,-0.46046154462363936,-0.27448967039585115,-0.022594404587481243,-0.4648005305945433,-0.018255418616577312
reservoir,47,baseline,new_5_10s,129,-0.20856627881526946,0.15725207143975783,-0.05293342279046477,0.3658183502550273,0.2101854942302226,-0.046496060810461405,0.20374813225021923
reservoir,47,baseline,no_entry_10s,1113,-0.20856627881526946,-0.20038557593499018,-0.16281323856546234,0.008180702880279278,-0.037572337369527836,,
reservoir,59,baseline,within_3s,705,0.09278190842270852,-0.2622686305367355,0.09246147010998518,-0.355050538959444,-0.35473010064672067,,
reservoir,59,baseline,within_5s,758,0.09278190842270852,-0.2555789020020603,0.09974707693618694,-0.3483608104247688,-0.35532597893824724,,
reservoir,59,baseline,within_10s,887,0.09278190842270852,-0.25420233708089207,0.11884651234944382,-0.3469842455036006,-0.3730488494303359,,
reservoir,59,baseline,ongoing,599,0.09278190842270852,-0.23059404538151418,0.10694273501951967,-0.3233759538042227,-0.33753678040103385,-0.2917009312634613,0.061106885881947126
reservoir,59,baseline,new_0_3s,106,0.09278190842270852,-0.44125991834784456,0.010628661800445763,-0.5340418267705531,-0.4518885801482903,-0.4232374086474647,-0.018022509700379885
reservoir,59,baseline,new_3_5s,53,0.09278190842270852,-0.16659289036156996,0.19665939415264444,-0.2593747987842785,-0.36325228451421443,-0.23538027501514378,0.06878738465357381
reservoir,59,baseline,new_5_10s,129,0.09278190842270852,-0.24611368428829106,0.23107420260718584,-0.33889559271099956,-0.47718788689547686,0.05108298239144054,-0.2971966666797316
reservoir,59,baseline,no_entry_10s,1113,0.09278190842270852,0.3693093349830802,0.07200984761137502,0.2765274265603717,0.2972994873717052,,
reservoir,71,baseline,within_3s,705,1.012819450467825,1.8416166667819869,1.0115295681024257,0.8287972163141619,0.8300870986795612,,
reservoir,71,baseline,within_5s,758,1.012819450467825,1.7228000450653262,1.0037601789700554,0.7099805945975013,0.7190398660952708,,
reservoir,71,baseline,within_10s,887,1.012819450467825,1.499738462109711,0.9852855145870868,0.486919011641886,0.5144529475226242,,
reservoir,71,baseline,ongoing,599,1.012819450467825,1.9774163221576575,0.9865166812374282,0.9645968716898325,0.9908996409202293,1.5058926560193693,0.4715236661382882
reservoir,71,baseline,new_0_3s,106,1.012819450467825,1.0742205010270172,1.1528759759527452,0.061401050559192205,-0.078655474925728,1.643727730110144,-0.5695072290831269
reservoir,71,baseline,new_3_5s,53,1.012819450467825,0.1423147939286142,0.9004126442847511,-0.8705046565392107,-0.7580978503561369,1.307990102961332,-1.1656753090327177
reservoir,71,baseline,new_5_10s,129,1.012819450467825,0.18903551730074625,0.8767289595305718,-0.8237839331670787,-0.6876934422298255,1.431625582070429,-1.2425900647696826
reservoir,71,baseline,no_entry_10s,1113,1.012819450467825,0.6247716846759536,1.0347624883170747,-0.3880477657918714,-0.40999080364112117,,
reservoir,89,baseline,within_3s,705,-0.09902775820344686,0.11448830662044228,-0.1204937533318774,0.21351606482388913,0.2349820599523197,,
reservoir,89,baseline,within_5s,758,-0.09902775820344686,0.061272682332111854,-0.12579380757912118,0.16030044053555872,0.18706648991123304,,
reservoir,89,baseline,within_10s,887,-0.09902775820344686,0.07043211321685602,-0.09547883804013851,0.1694598714203029,0.16591095125699454,,
reservoir,89,baseline,ongoing,599,-0.09902775820344686,0.16886608847393617,-0.11386879613108868,0.26789384667738303,0.2827348846050248,0.05212181707220355,0.11674427140173262
reservoir,89,baseline,new_0_3s,106,-0.09902775820344686,-0.19279746064599954,-0.15793101147595695,-0.09376970244255267,-0.034866449170042585,-0.0986462458847997,-0.09415121476119984
reservoir,89,baseline,new_3_5s,53,-0.09902775820344686,-0.6465955275409626,-0.19629452916981682,-0.5475677693375157,-0.4503009983711458,-0.05671059486996977,-0.5898849326709928
reservoir,89,baseline,new_5_10s,129,-0.09902775820344686,0.12425264508225196,0.0826509829718677,0.22328040328569881,0.04160166211038427,0.34662387278293466,-0.22237122770068268
reservoir,89,baseline,no_entry_10s,1113,-0.09902775820344686,-0.23407798816733605,-0.10185605306854521,-0.13505022996388918,-0.13222193509879082,,
reservoir,107,baseline,within_3s,705,-0.9116357543691993,-1.1936212572011542,-1.044674352184254,-0.2819855028319549,-0.1489469050169001,,
reservoir,107,baseline,within_5s,758,-0.9116357543691993,-1.192714371140997,-1.0313504887639469,-0.2810786167717978,-0.16136388237705024,,
reservoir,107,baseline,within_10s,887,-0.9116357543691993,-1.1592112366517475,-0.9941117465679464,-0.24757548228254822,-0.1650994900838011,,
reservoir,107,baseline,ongoing,599,-0.9116357543691993,-1.1281232203237201,-1.0395659547635032,-0.21648746595452084,-0.08855726556021692,-1.2174038753891518,0.0892806550654317
reservoir,107,baseline,new_0_3s,106,-0.9116357543691993,-1.5637469561594837,-1.0735416168543472,-0.6521112017902844,-0.49020533930513643,-1.2544669883745776,-0.3092799677849061
reservoir,107,baseline,new_3_5s,53,-0.9116357543691993,-1.1806510754351347,-0.8541179659089106,-0.2690153210659354,-0.32653310952622405,-1.1278226731353609,-0.05282840229977381
reservoir,107,baseline,new_5_10s,129,-0.9116357543691993,-0.9623478572497997,-0.7752980521139319,-0.05071210288060035,-0.18704980513586777,-0.823622814791618,-0.13872504245818162
reservoir,107,baseline,no_entry_10s,1113,-0.9116357543691993,-0.7143316638169799,-0.8459069088343487,0.19730409055221942,0.13157524501736884,,
gss_adapted,7,baseline,within_3s,705,-0.43771967706829307,-0.6406084288096597,-0.4682211983199274,-0.20288875174136667,-0.1723872304897323,,
gss_adapted,7,baseline,within_5s,758,-0.43771967706829307,-0.6457643993297164,-0.46006776457359094,-0.20804472226142334,-0.18569663475612547,,
gss_adapted,7,baseline,within_10s,887,-0.43771967706829307,-0.5743874879270422,-0.44753521110571637,-0.13666781085874913,-0.12685227682132583,,
gss_adapted,7,baseline,ongoing,599,-0.43771967706829307,-0.7299036731903064,-0.46276763404289567,-0.2921839961220133,-0.2671360391474107,-0.5954726224986013,-0.13443105069170502
gss_adapted,7,baseline,new_0_3s,106,-0.43771967706829307,-0.13600605726242065,-0.49903898135711594,0.3017136198058724,0.3630329240946953,-0.6191043157760898,0.48309825851366917
gss_adapted,7,baseline,new_3_5s,53,-0.43771967706829307,-0.7143485354927351,-0.35161171191005663,-0.27662885842444207,-0.3627368235826785,-0.6022790362594479,-0.11206949923328724
gss_adapted,7,baseline,new_5_10s,129,-0.43771967706829307,-0.15497896976249162,-0.37389431553479524,0.2827407073058015,0.21891534577230362,-0.4282771668264192,0.27329819706392755
gss_adapted,7,baseline,no_entry_10s,1113,-0.43771967706829307,-0.32880292214312645,-0.4298972343987563,0.10891675492516661,0.10109431225562987,,
gss_adapted,11,baseline,within_3s,705,-0.297739235535264,-0.4501513618104001,-0.29240798400423407,-0.15241212627513612,-0.15774337780616604,,
gss_adapted,11,baseline,within_5s,758,-0.297739235535264,-0.4481022374453834,-0.2918960560130673,-0.15036300191011942,-0.15620618143231613,,
gss_adapted,11,baseline,within_10s,887,-0.297739235535264,-0.34227947821880544,-0.2538394825365765,-0.04454024268354145,-0.08843999568222893,,
gss_adapted,11,baseline,ongoing,599,-0.297739235535264,-0.5098582788779461,-0.3005163876657734,-0.2121190433426821,-0.20934189121217273,-0.3994112971581749,-0.11044698171977119
gss_adapted,11,baseline,new_0_3s,106,-0.297739235535264,-0.11275095309851305,-0.24658785387912024,0.18498828243675094,0.1338369007806072,-0.30880509363022224,0.1960541405317092
gss_adapted,11,baseline,new_3_5s,53,-0.297739235535264,-0.42084501711827405,-0.28508644782867876,-0.12310578158301005,-0.1357585692895953,-0.4332380553677911,0.012393038249517041
gss_adapted,11,baseline,new_5_10s,129,-0.297739235535264,0.27953177367069926,-0.030220236837507058,0.5772710092059632,0.30975201050820633,-0.06712847537238134,0.34666024904308057
gss_adapted,11,baseline,no_entry_10s,1113,-0.297739235535264,-0.2622431032259188,-0.332724932668989,0.035496132309345174,0.07048182944307019,,
gss_adapted,23,baseline,within_3s,705,-0.8699116237610579,-1.1110381243922187,-0.9542030292720309,-0.2411265006311608,-0.15683509512018778,,
gss_adapted,23,baseline,within_5s,758,-0.8699116237610579,-1.107414210613296,-0.9413051388212759,-0.23750258685223813,-0.16610907179202017,,
gss_adapted,23,baseline,within_10s,887,-0.8699116237610579,-1.0023949811867152,-0.8855962277225213,-0.1324833574256573,-0.11679875346419388,,
gss_adapted,23,baseline,ongoing,599,-0.8699116237610579,-1.0928350526820838,-0.9574102875830562,-0.2229234289210259,-0.13542476509902757,-1.0713162882595586,-0.021518764422525205
gss_adapted,23,baseline,new_0_3s,106,-0.8699116237610579,-1.2139026522636414,-0.9360789940993516,-0.34399102850258345,-0.2778236581642898,-1.1016314516439214,-0.11227120061971996
gss_adapted,23,baseline,new_3_5s,53,-0.8699116237610579,-1.0592093197804577,-0.7697388601838722,-0.18929769601939983,-0.28947045959658557,-1.0323555859366262,-0.026853733843831495
gss_adapted,23,baseline,new_5_10s,129,-0.8699116237610579,-0.38530524548634076,-0.558252393514335,0.48460637827471714,0.1729471480279942,-0.5885124939243708,0.20320724843803
gss_adapted,23,baseline,no_entry_10s,1113,-0.8699116237610579,-0.7643296488854442,-0.8574118540271692,0.10558197487561372,0.09308220514172505,,
gss_adapted,47,baseline,within_3s,705,-0.17196655586361886,-0.3049369440011099,-0.1628799484304202,-0.132970388137491,-0.14205699557068968,,
gss_adapted,47,baseline,within_5s,758,-0.17196655586361886,-0.2808395182237147,-0.1665565687008021,-0.10887296236009586,-0.11428294952291262,,
gss_adapted,47,baseline,within_10s,887,-0.17196655586361886,-0.17244542834455023,-0.13271949632374133,-0.00047887248093136936,-0.0397259320208089,,
gss_adapted,47,baseline,ongoing,599,-0.17196655586361886,-0.40470745617240816,-0.1767358060911853,-0.2327409003087893,-0.22797165008122286,-0.24424681062174378,-0.1604606455506644
gss_adapted,47,baseline,new_0_3s,106,-0.17196655586361886,0.2588605728914153,-0.08458128108326626,0.43082712875503415,0.3434418539746815,-0.10568705099044792,0.36454762388186324
gss_adapted,47,baseline,new_3_5s,53,-0.17196655586361886,0.03970171145673068,-0.21546255531625924,0.21166826732034955,0.2551642667729899,-0.1863162889767626,0.2260180004334933
gss_adapted,47,baseline,new_5_10s,129,-0.17196655586361886,0.4644748827283697,0.06610609175232116,0.6364414385919885,0.3983687909760485,0.11180104915941388,0.35267383356895576
gss_adapted,47,baseline,no_entry_10s,1113,-0.17196655586361886,-0.17158492074179843,-0.20324431131004414,0.0003816351218204339,0.03165939056824571,,
gss_adapted,59,baseline,within_3s,705,0.28245933935046197,0.08131868944945911,0.2507666460303103,-0.20114064990100286,-0.16944795658085118,,
gss_adapted,59,baseline,within_5s,758,0.28245933935046197,0.12072056889691264,0.2564194868931673,-0.16173877045354934,-0.13569891799625466,,
gss_adapted,59,baseline,within_10s,887,0.28245933935046197,0.2663583322401918,0.29348044708768706,-0.016101007110270182,-0.02712211484749527,,
gss_adapted,59,baseline,ongoing,599,0.28245933935046197,-0.07588875328559111,0.25321399226146096,-0.35834809263605305,-0.3291027455470521,0.201788364747231,-0.27767711803282213
gss_adapted,59,baseline,new_0_3s,106,0.28245933935046197,0.9696890498107334,0.236936831007109,0.6872297104602715,0.7327522188036244,0.2504569635555379,0.7192320862551955
gss_adapted,59,baseline,new_3_5s,53,0.28245933935046197,0.6448399087168136,0.33161293610664416,0.36238056936635166,0.31322697261016946,0.273159911743651,0.3716799969731626
gss_adapted,59,baseline,new_5_10s,129,0.28245933935046197,1.1221213137456614,0.5112495000136246,0.8396619743951994,0.6108718137320368,0.5764550135981253,0.545666300147536
gss_adapted,59,baseline,no_entry_10s,1113,0.28245933935046197,0.2952909595722137,0.273676120515854,0.012831620221751716,0.02161483905635969,,
gss_adapted,71,baseline,within_3s,705,0.005611046269536018,-0.18096210284436004,0.006852326189156376,-0.18657314911389605,-0.18781442903351642,,
gss_adapted,71,baseline,within_5s,758,0.005611046269536018,-0.22126058573615898,-0.0020785854289336303,-0.226871632005695,-0.21918200030722534,,
gss_adapted,71,baseline,within_10s,887,0.005611046269536018,-0.1568385492653293,0.007905691744762681,-0.16244959553486532,-0.164744241010092,,
gss_adapted,71,baseline,ongoing,599,0.005611046269536018,-0.34052241450558124,-0.014494027157904547,-0.34613346077511725,-0.3260283873476767,-0.18188872143038953,-0.1586336930751917
gss_adapted,71,baseline,new_0_3s,106,0.005611046269536018,0.7207041866374466,0.1274793606692461,0.7150931403679106,0.5932248259682005,-0.009655556795767373,0.730359743433214
gss_adapted,71,baseline,new_3_5s,53,0.005611046269536018,-0.7573064430704657,-0.12087656072616866,-0.7629174893400017,-0.636429882344297,-0.4815375411088692,-0.2757689019615965
gss_adapted,71,baseline,new_5_10s,129,0.005611046269536018,0.2217033394547396,0.06657299482741202,0.2160922931852036,0.15513034462732758,-0.02805790978621995,0.24976124924095955
gss_adapted,71,baseline,no_entry_10s,1113,0.005611046269536018,0.1350744705637189,0.0037823395880211257,0.1294634242941829,0.13129213097569778,,
gss_adapted,89,baseline,within_3s,705,-0.4631685724928975,-0.7368295961237968,-0.4989353893161197,-0.27366102363089934,-0.23789420680767714,,
gss_adapted,89,baseline,within_5s,758,-0.4631685724928975,-0.7138797014086731,-0.49737960186190155,-0.25071112891577557,-0.21650009954677152,,
gss_adapted,89,baseline,within_10s,887,-0.4631685724928975,-0.6097207452761684,-0.47897253296989784,-0.14655217278327087,-0.13074821230627054,,
gss_adapted,89,baseline,ongoing,599,-0.4631685724928975,-0.8186126373248028,-0.5085485143045615,-0.3554440648319053,-0.31006412302024133,-0.6359765173773527,-0.1826361199474501
gss_adapted,89,baseline,new_0_3s,106,-0.4631685724928975,-0.27467825952565894,-0.4446121641455861,0.18849031296723856,0.16993390461992713,-0.604745284259911,0.3300670247342521
gss_adapted,89,baseline,new_3_5s,53,-0.4631685724928975,-0.4086028000093856,-0.47668469327277535,0.05456577248351191,0.06808189326338976,-0.702793712041435,0.29419091203204945
gss_adapted,89,baseline,new_5_10s,129,-0.4631685724928975,0.0023140512233556705,-0.37081316692231014,0.46548262371625315,0.3731272181456658,-0.45365349055178716,0.4559675417751428
gss_adapted,89,baseline,no_entry_10s,1113,-0.4631685724928975,-0.34637452284441483,-0.45057368215767796,0.11679404964848267,0.10419915931326312,,
gss_adapted,107,baseline,within_3s,705,0.23099359302967787,0.26604543698172195,0.2148316855079418,0.03505184395204408,0.051213751473780156,,
gss_adapted,107,baseline,within_5s,758,0.23099359302967787,0.2968529843599941,0.2106728531871237,0.06585939133031621,0.08618013117287038,,
gss_adapted,107,baseline,within_10s,887,0.23099359302967787,0.3533669229189465,0.23017353083574518,0.12237332988926863,0.12319339208320132,,
gss_adapted,107,baseline,ongoing,599,0.23099359302967787,0.12982591367225615,0.21874206218386824,-0.10116767935742171,-0.08891614851161209,0.33068592183109247,-0.2008600081588363
gss_adapted,107,baseline,new_0_3s,106,0.23099359302967787,1.035814252664458,0.19273436825435744,0.8048206596347802,0.8430798844101006,0.3532317692484825,0.6825824834159755
gss_adapted,107,baseline,new_3_5s,53,0.23099359302967787,0.7066514919388969,0.15535253646680744,0.475657898909219,0.5512989554720894,0.25223331842235985,0.454418173516537
gss_adapted,107,baseline,new_5_10s,129,0.23099359302967787,0.6854410735211631,0.3447589080268704,0.45444748049148526,0.3406821654942927,0.5003462018260224,0.18509487169514072
gss_adapted,107,baseline,no_entry_10s,1113,0.23099359302967787,0.1334687560020217,0.23164713765323428,-0.09752483702765616,-0.09817838165121257,,
cgsm_dual,7,baseline,within_3s,705,-0.40660695265233515,-0.7493742655355035,-0.4407918675021297,-0.3427673128831683,-0.3085823980333738,,
cgsm_dual,7,baseline,within_5s,758,-0.40660695265233515,-0.7295274121151122,-0.43560352159026483,-0.32292045946277703,-0.29392389052484735,,
cgsm_dual,7,baseline,within_10s,887,-0.40660695265233515,-0.6374667743147427,-0.4190691546882226,-0.2308598216624076,-0.21839761962652016,,
cgsm_dual,7,baseline,ongoing,599,-0.40660695265233515,-0.8313630106851135,-0.43568956888300187,-0.4247560580327784,-0.39567344180211167,-0.6556031195296161,-0.1757598911554974
cgsm_dual,7,baseline,new_0_3s,106,-0.40660695265233515,-0.2860605075674237,-0.46962466818946563,0.12054644508491147,0.18356416062204195,-0.688438332432328,0.4023778248649043
cgsm_dual,7,baseline,new_3_5s,53,-0.40660695265233515,-0.4655268147306622,-0.3665887316305514,-0.05891986207832706,-0.09893808310011082,-0.8092818559188922,0.34375504118823
cgsm_dual,7,baseline,new_5_10s,129,-0.40660695265233515,-0.09652132119319236,-0.32191372746537034,0.3100856314591428,0.225392406272178,-0.4407779737783629,0.3442566525851706
cgsm_dual,7,baseline,no_entry_10s,1113,-0.40660695265233515,-0.2226243274820247,-0.3966752606435012,0.18398262517031044,0.17405093316147652,,
cgsm_dual,11,baseline,within_3s,705,-0.08492370570451022,-0.43699993778627816,-0.12833230881708643,-0.35207623208176797,-0.30866762896919175,,
cgsm_dual,11,baseline,within_5s,758,-0.08492370570451022,-0.4125354832976978,-0.13141715383127678,-0.3276117775931876,-0.281118329466421,,
cgsm_dual,11,baseline,within_10s,887,-0.08492370570451022,-0.2885045222392077,-0.10134306157630785,-0.20358081653469748,-0.18716146066289985,,
cgsm_dual,11,baseline,ongoing,599,-0.08492370570451022,-0.5797006585363156,-0.148162160601312,-0.49477695283180534,-0.4315384979350036,-0.34913749987742526,-0.23056315865889032
cgsm_dual,11,baseline,new_0_3s,106,-0.08492370570451022,0.3693937577728955,-0.016274938828868362,0.45431746347740576,0.3856686966017639,-0.15361820237305732,0.5230119601459529
cgsm_dual,11,baseline,new_3_5s,53,-0.08492370570451022,-0.0871120792514873,-0.1724514129822995,-0.002188373546977082,0.08533933373081219,-0.4857665545991019,0.3986544753476146
cgsm_dual,11,baseline,new_5_10s,129,-0.08492370570451022,0.44029755901920703,0.0753713719838973,0.5252212647237172,0.3649261870353097,-0.036751875614752204,0.4770494346339592
cgsm_dual,11,baseline,no_entry_10s,1113,-0.08492370570451022,0.077319047454768,-0.0718383789675071,0.16224275315927822,0.14915742642227509,,
cgsm_dual,23,baseline,within_3s,705,-0.5039157890081406,-0.6125965905527696,-0.6420492073534064,-0.108680801544629,0.02945261680063682,,
cgsm_dual,23,baseline,within_5s,758,-0.5039157890081406,-0.5927387457881566,-0.6286307004584627,-0.08882295678001595,0.03589195467030615,,
cgsm_dual,23,baseline,within_10s,887,-0.5039157890081406,-0.46825443146059453,-0.5562697285700998,0.03566135754754607,0.08801529710950529,,
cgsm_dual,23,baseline,ongoing,599,-0.5039157890081406,-0.7024640985243706,-0.6442625368142466,-0.19854830951623004,-0.05820156171012403,-0.5577776869205326,-0.144686411603838
cgsm_dual,23,baseline,new_0_3s,106,-0.5039157890081406,-0.10476038984532626,-0.6295418078529983,0.39915539916281434,0.524781418007672,-0.5740090538492623,0.469248664003936
cgsm_dual,23,baseline,new_3_5s,53,-0.5039157890081406,-0.3285919427871704,-0.45013924081817397,0.1753238462209702,0.12154729803100356,-0.44154118330765363,0.11294924052048322
cgsm_dual,23,baseline,new_5_10s,129,-0.5039157890081406,0.26321153954942095,-0.1310789015051453,0.7671273285575615,0.39429044105456623,0.023362761109916003,0.23984877843950494
cgsm_dual,23,baseline,no_entry_10s,1113,-0.5039157890081406,-0.5323359364876314,-0.46219256853064034,-0.028420147479490843,-0.07014336795699111,,
cgsm_dual,47,baseline,within_3s,705,-0.47050873884558675,-0.32708209321853965,-0.48021947542810073,0.1434266456270471,0.15313738220956108,,
cgsm_dual,47,baseline,within_5s,758,-0.47050873884558675,-0.36296027206808407,-0.4848277708606369,0.10754846677750268,0.12186749879255282,,
cgsm_dual,47,baseline,within_10s,887,-0.47050873884558675,-0.3387662191132951,-0.4510163085916923,0.13174251973229167,0.11225008947839721,,
cgsm_dual,47,baseline,ongoing,599,-0.47050873884558675,-0.3691087560184014,-0.5036750801242466,0.10139998282718538,0.13456632410584518,-0.4052465772299559,0.03613782121155451
cgsm_dual,47,baseline,new_0_3s,106,-0.47050873884558675,-0.08959180060422646,-0.34767318096591776,0.3809169382413603,0.2580813803616913,-0.24319836716418955,0.15360656655996308
cgsm_dual,47,baseline,new_3_5s,53,-0.47050873884558675,-0.8402077454440998,-0.5461267950104117,-0.36969900659851307,-0.2940809504336881,-0.3377742411435306,-0.5024335043005692
cgsm_dual,47,baseline,new_5_10s,129,-0.47050873884558675,-0.19660271415414737,-0.2523412047168085,0.2739060246914394,0.055738490562661114,-0.10900678211424762,-0.08759593203989975
cgsm_dual,47,baseline,no_entry_10s,1113,-0.47050873884558675,-0.5755003066825524,-0.4860431374396607,-0.10499156783696562,-0.08945716924289165,,
cgsm_dual,59,baseline,within_3s,705,-0.047796157330274584,-0.3605152129704225,-0.08301479640432127,-0.3127190556401479,-0.27750041656610125,,
cgsm_dual,59,baseline,within_5s,758,-0.047796157330274584,-0.37595179555126734,-0.07992770698393005,-0.32815563822099275,-0.2960240885673373,,
cgsm_dual,59,baseline,within_10s,887,-0.047796157330274584,-0.2683454251679116,-0.05531969350679438,-0.220549267837637,-0.2130257316611172,,
cgsm_dual,59,baseline,ongoing,599,-0.047796157330274584,-0.47870858001191546,-0.08060607323781002,-0.43091242268164087,-0.3981025067741054,-0.3142651916514314,-0.16444338836048406
cgsm_dual,59,baseline,new_0_3s,106,-0.047796157330274584,0.307388813990467,-0.09662635467545612,0.3551849713207416,0.40401516866592313,-0.3248438887857003,0.6322327027761674
cgsm_dual,59,baseline,new_3_5s,53,-0.047796157330274584,-0.5812874695040146,-0.038863592995707054,-0.53349131217374,-0.5424238765083075,-0.3340730983851244,-0.24721437111889016
cgsm_dual,59,baseline,new_5_10s,129,-0.047796157330274584,0.3639462705730468,0.0892762306456778,0.4117424279033214,0.274670039927369,0.018308403883454397,0.3456378666895924
cgsm_dual,59,baseline,no_entry_10s,1113,-0.047796157330274584,0.12796952153044783,-0.041800311338744484,0.17576567886072242,0.1697698328691923,,
cgsm_dual,71,baseline,within_3s,705,-0.5125563412606716,-0.7916716751054669,-0.5183855049723849,-0.27911533384479525,-0.273286170133082,,
cgsm_dual,71,baseline,within_5s,758,-0.5125563412606716,-0.77419420671809,-0.5145285490846183,-0.2616378654574184,-0.2596656576334717,,
cgsm_dual,71,baseline,within_10s,887,-0.5125563412606716,-0.6804034018126792,-0.49089407412719654,-0.1678470605520076,-0.18950932768548268,,
cgsm_dual,71,baseline,ongoing,599,-0.5125563412606716,-0.9514931880671512,-0.5376582977904969,-0.4389368468064796,-0.4138348902766543,-0.7445563287583745,-0.2069368593087767
cgsm_dual,71,baseline,new_0_3s,106,-0.5125563412606716,0.1114706481402775,-0.4094760436700366,0.6240269894009491,0.520946691810314,-0.6130935962675678,0.7245642444078453
cgsm_dual,71,baseline,new_3_5s,53,-0.5125563412606716,-0.5417109008105296,-0.4632237585020617,-0.029154559549858017,-0.07848714230846793,-0.7076410861217771,0.16593018531124748
cgsm_dual,71,baseline,new_5_10s,129,-0.5125563412606716,-0.12929154043049776,-0.3520186321293235,0.3832648008301739,0.22272709169882574,-0.42663316056405937,0.2973416201335616
cgsm_dual,71,baseline,no_entry_10s,1113,-0.5125563412606716,-0.3787914331657653,-0.529819980925894,0.13376490809490632,0.1510285477601287,,
cgsm_dual,89,baseline,within_3s,705,-0.1223150530681014,-0.41279776984072747,-0.16134815604536812,-0.29048271677262605,-0.25144961379535935,,
cgsm_dual,89,baseline,within_5s,758,-0.1223150530681014,-0.3734780443060681,-0.15842721302405544,-0.2511629912379667,-0.2150508312820127,,
cgsm_dual,89,baseline,within_10s,887,-0.1223150530681014,-0.2579370360766887,-0.14033286182940327,-0.1356219830085873,-0.11760417424728545,,
cgsm_dual,89,baseline,ongoing,599,-0.1223150530681014,-0.5271918255220073,-0.17096191742024525,-0.40487677245390585,-0.356229908101762,-0.2943285020904759,-0.23286332343153138
cgsm_dual,89,baseline,new_0_3s,106,-0.1223150530681014,0.23363656367895738,-0.10702133469110973,0.3559516167470588,0.3406578983700671,-0.2668881534508956,0.500524717129853
cgsm_dual,89,baseline,new_3_5s,53,-0.1223150530681014,0.1495484934662873,-0.11957315962734863,0.2718635465343887,0.2691216530936359,-0.34561685569070655,0.49516534915699384
cgsm_dual,89,baseline,new_5_10s,129,-0.1223150530681014,0.42097834561222286,-0.03401101527478047,0.5432933986803242,0.4549893608870033,-0.04557783434438346,0.4665561799566063
cgsm_dual,89,baseline,no_entry_10s,1113,-0.1223150530681014,-0.01423176562100622,-0.10795584698429661,0.10808328744709518,0.09372408136329038,,
cgsm_dual,107,baseline,within_3s,705,-0.43614601596444846,-0.5939387771466099,-0.454458190685473,-0.15779276118216146,-0.13948058646113692,,
cgsm_dual,107,baseline,within_5s,758,-0.43614601596444846,-0.5890762100787464,-0.45310616307517043,-0.15293019411429798,-0.135970047003576,,
cgsm_dual,107,baseline,within_10s,887,-0.43614601596444846,-0.5196074928244179,-0.43767760646066284,-0.08346147685996941,-0.08192988636375503,,
cgsm_dual,107,baseline,ongoing,599,-0.43614601596444846,-0.6966707326583751,-0.45611618451582087,-0.26052471669392663,-0.24055454814255423,-0.5457507261648945,-0.15092000649348059
cgsm_dual,107,baseline,new_0_3s,106,-0.43614601596444846,-0.013406311565974974,-0.4450889613988838,0.42273970439847347,0.4316826498329088,-0.5291297693481859,0.515723457782211
cgsm_dual,107,baseline,new_3_5s,53,-0.43614601596444846,-0.5243948934213171,-0.43512164486265514,-0.0882488774568686,-0.08927324855866192,-0.5744797965634266,0.05008490314210956
cgsm_dual,107,baseline,new_5_10s,129,-0.43614601596444846,-0.11141146430673525,-0.34701988619867274,0.3247345516577132,0.23560842189193748,-0.3678447782458725,0.2564333139391372
cgsm_dual,107,baseline,no_entry_10s,1113,-0.43614601596444846,-0.3696317931658924,-0.4349254222805831,0.06651422279855607,0.06529362911469072,,
dualls_adapted,7,baseline,within_3s,705,-0.6022611609250307,-0.7605633506960903,-0.6163341598149946,-0.1583021897710596,-0.14422919088109565,,
dualls_adapted,7,baseline,within_5s,758,-0.6022611609250307,-0.7721171258386018,-0.61772111988336,-0.16985596491357113,-0.15439600595524183,,
dualls_adapted,7,baseline,within_10s,887,-0.6022611609250307,-0.6903120002792277,-0.5784559008007656,-0.088050839354197,-0.11185609947846209,,
dualls_adapted,7,baseline,ongoing,599,-0.6022611609250307,-0.8249409419168813,-0.6331781840841105,-0.2226797809918506,-0.19176275783277075,-0.7557951386310403,-0.06914580328584097
dualls_adapted,7,baseline,new_0_3s,106,-0.6022611609250307,-0.39676922672199755,-0.5211495321055574,0.20549193420303313,0.12438030538355982,-0.6023816247788769,0.20561239805687936
dualls_adapted,7,baseline,new_3_5s,53,-0.6022611609250307,-0.9258041348097459,-0.6361703056984067,-0.3235429738847152,-0.28963382911133917,-0.8672303867189928,-0.05857374809075311
dualls_adapted,7,baseline,new_5_10s,129,-0.6022611609250307,-0.20962761908538582,-0.3477346909976148,0.39263354183964483,0.13810707191222896,-0.3858123525970093,0.17618473351162348
dualls_adapted,7,baseline,no_entry_10s,1113,-0.6022611609250307,-0.532089467746978,-0.6212326485532635,0.07017169317805272,0.08914318080628558,,
dualls_adapted,11,baseline,within_3s,705,-0.1728398947864771,-0.26454086870166427,-0.18613767089401193,-0.09170097391518717,-0.07840319780765234,,
dualls_adapted,11,baseline,within_5s,758,-0.1728398947864771,-0.24792313269071656,-0.17570752025090042,-0.07508323790423946,-0.07221561243981614,,
dualls_adapted,11,baseline,within_10s,887,-0.1728398947864771,-0.14356190006520594,-0.13182985982889966,0.029277994721271156,-0.01173204023630628,,
dualls_adapted,11,baseline,ongoing,599,-0.1728398947864771,-0.2953430395293514,-0.19985728772860065,-0.12250314474287433,-0.09548575180075078,-0.21105972387755975,-0.08428331565179167
dualls_adapted,11,baseline,new_0_3s,106,-0.1728398947864771,-0.09047954487350751,-0.10860889274383613,0.08236034991296959,0.01812934787032862,-0.07106974379258796,-0.019409801080919553
dualls_adapted,11,baseline,new_3_5s,53,-0.1728398947864771,-0.026875889526223235,-0.03696683716800184,0.14596400526025385,0.010090947641778602,-0.2288863579795525,0.20201046845332926
dualls_adapted,11,baseline,new_5_10s,129,-0.1728398947864771,0.46966146683508114,0.1259939122631665,0.6425013616215582,0.34366755457191467,0.14534681441667624,0.3243146524184049
dualls_adapted,11,baseline,no_entry_10s,1113,-0.1728398947864771,-0.19617285194529785,-0.20552264501771797,-0.02333295715882075,0.00934979307242012,,
dualls_adapted,23,baseline,within_3s,705,-0.3632503941357136,-0.5657054909577607,-0.3815351095781116,-0.2024550968220471,-0.18417038137964908,,
dualls_adapted,23,baseline,within_5s,758,-0.3632503941357136,-0.5455359409226591,-0.3700147058398239,-0.18228554678694553,-0.17552123508283524,,
dualls_adapted,23,baseline,within_10s,887,-0.3632503941357136,-0.41836514857334106,-0.31497361090726317,-0.05511475443762748,-0.10339153766607789,,
dualls_adapted,23,baseline,ongoing,599,-0.3632503941357136,-0.5784526748927885,-0.3890946157151491,-0.21520228075707493,-0.18935805917763943,-0.518907906582167,-0.0595447683106215
dualls_adapted,23,baseline,new_0_3s,106,-0.3632503941357136,-0.4936718760796313,-0.3388167682942875,-0.13042148194391773,-0.15485510778534384,-0.40153192993953923,-0.09213994614009208
dualls_adapted,23,baseline,new_3_5s,53,-0.3632503941357136,-0.27724286970102563,-0.2167715995097684,0.08600752443468795,-0.060471270191257226,-0.4759057107783394,0.19866284107731375
dualls_adapted,23,baseline,new_5_10s,129,-0.3632503941357136,0.32888648399086884,0.008446156215845583,0.6921368781265824,0.32044032777502324,0.058304934131842526,0.2705815498590263
dualls_adapted,23,baseline,no_entry_10s,1113,-0.3632503941357136,-0.3193269555138128,-0.40172434447141486,0.04392343862190079,0.08239738895760207,,
dualls_adapted,47,baseline,within_3s,705,-0.32600420638918876,-0.08248837936854532,-0.26705537586452893,0.24351582702064345,0.18456699649598363,,
dualls_adapted,47,baseline,within_5s,758,-0.32600420638918876,-0.1004978127797235,-0.26832153107103773,0.22550639360946526,0.16782371829131423,,
dualls_adapted,47,baseline,within_10s,887,-0.32600420638918876,-0.09421797404160226,-0.2433012598028942,0.2317862323475865,0.14908328576129193,,
dualls_adapted,47,baseline,ongoing,599,-0.32600420638918876,-0.0901742240721873,-0.2695860904638312,0.23582998231700147,0.17941186639164391,-0.12540382771024472,0.035229603638057425
dualls_adapted,47,baseline,new_0_3s,106,-0.32600420638918876,-0.039056105996077915,-0.2527544509118678,0.28694810039311086,0.2136983449157899,-0.09679434115844934,0.05773823516237143
dualls_adapted,47,baseline,new_3_5s,53,-0.32600420638918876,-0.34005725721143326,-0.28516378428969275,-0.014053050822244506,-0.054893472921740516,-0.11824718781829174,-0.22181006939314152
dualls_adapted,47,baseline,new_5_10s,129,-0.32600420638918876,-0.05731783634008363,-0.09628292165364773,0.2686863700491051,0.038965085313564095,0.0625802398503913,-0.11989807619047493
dualls_adapted,47,baseline,no_entry_10s,1113,-0.32600420638918876,-0.5107251301019554,-0.3919139221322645,-0.18472092371276666,-0.11881120796969091,,
dualls_adapted,59,baseline,within_3s,705,-0.15145253072679044,-0.43292301804461375,-0.1945274627191203,-0.2814704873178233,-0.23839555532549345,,
dualls_adapted,59,baseline,within_5s,758,-0.15145253072679044,-0.4489092949119281,-0.19677737951922844,-0.29745676418513767,-0.25213191539269963,,
dualls_adapted,59,baseline,within_10s,887,-0.15145253072679044,-0.3715020550883206,-0.16828070526620267,-0.2200495243615302,-0.20322134982211795,,
dualls_adapted,59,baseline,ongoing,599,-0.15145253072679044,-0.5007424040608892,-0.20902393289956805,-0.3492898733340988,-0.29171847116132116,-0.45808270377970567,-0.042659700281183544
dualls_adapted,59,baseline,new_0_3s,106,-0.15145253072679044,-0.04967950649981229,-0.11260873028432558,0.10177302422697815,0.0629292237845133,-0.21560505493513607,0.16592554843532378
dualls_adapted,59,baseline,new_3_5s,53,-0.15145253072679044,-0.6615569400337508,-0.22670551808670444,-0.5101044093069603,-0.4348514219470463,-0.4977144888177153,-0.16384245121603547
dualls_adapted,59,baseline,new_5_10s,129,-0.15145253072679044,0.08334048589070638,-0.0008351309732295005,0.2347930166174968,0.08417561686393588,-0.04571922146382388,0.12905970735453026
dualls_adapted,59,baseline,no_entry_10s,1113,-0.15145253072679044,0.023914879972829758,-0.13804139791775302,0.1753674106996202,0.16195627789058278,,
dualls_adapted,71,baseline,within_3s,705,-0.3161897637695074,-0.6683059571059883,-0.34224115108118014,-0.35211619333648086,-0.32606480602480814,,
dualls_adapted,71,baseline,within_5s,758,-0.3161897637695074,-0.6404714745157313,-0.3448579696739775,-0.32428171074622386,-0.29561350484175375,,
dualls_adapted,71,baseline,within_10s,887,-0.3161897637695074,-0.5493265532855923,-0.32010935347123165,-0.2331367895160849,-0.22921719981436067,,
dualls_adapted,71,baseline,ongoing,599,-0.3161897637695074,-0.8919289610620731,-0.36082434344155423,-0.5757391972925656,-0.5311046176205189,-0.6047564150911436,-0.28717254597092945
dualls_adapted,71,baseline,new_0_3s,106,-0.3161897637695074,0.5953749803439626,-0.23722858293152005,0.91156474411347,0.8326035632754827,-0.46991805406105985,1.0652930344050224
dualls_adapted,71,baseline,new_3_5s,53,-0.3161897637695074,-0.27022033817363234,-0.3796665943517535,0.04596942559587508,0.10944625617812115,-0.7104092857278966,0.4401889475542643
dualls_adapted,71,baseline,new_5_10s,129,-0.3161897637695074,-0.013761822336403898,-0.1746872520628493,0.30242794143310353,0.1609254297264454,-0.2910120484548409,0.277250226118437
dualls_adapted,71,baseline,no_entry_10s,1113,-0.3161897637695074,-0.13039252001320256,-0.3130660655975132,0.18579724375630485,0.18267354558431065,,
dualls_adapted,89,baseline,within_3s,705,-0.5407560940980911,-0.9373919148605766,-0.5537160550682662,-0.3966358207624855,-0.38367585979231045,,
dualls_adapted,89,baseline,within_5s,758,-0.5407560940980911,-0.9212172322152158,-0.5618563568854444,-0.3804611381171247,-0.35936087532977135,,
dualls_adapted,89,baseline,within_10s,887,-0.5407560940980911,-0.8050231129065442,-0.5329500258035347,-0.26426701880845305,-0.2720730871030095,,
dualls_adapted,89,baseline,ongoing,599,-0.5407560940980911,-1.0441478449782864,-0.5633434747688515,-0.5033917508801953,-0.4808043702094349,-0.8518610463013192,-0.19228679867696719
dualls_adapted,89,baseline,new_0_3s,106,-0.5407560940980911,-0.3341201965538961,-0.4993120512885434,0.20663589754419504,0.16519185473464731,-0.7161051009541778,0.3819849044002817
dualls_adapted,89,baseline,new_3_5s,53,-0.5407560940980911,-0.7060634347627748,-0.6701377301139477,-0.16530734066468367,-0.03592570464882705,-1.0370462606835085,0.3309828259207337
dualls_adapted,89,baseline,new_5_10s,129,-0.5407560940980911,-0.12227007076721783,-0.36309732068657696,0.41848602333087326,0.24082724991935914,-0.5652724178003544,0.44300234703313657
dualls_adapted,89,baseline,no_entry_10s,1113,-0.5407560940980911,-0.3301497637449035,-0.546977102703007,0.2106063303531876,0.21682733895810352,,
dualls_adapted,107,baseline,within_3s,705,-0.7214713341295719,-1.1594754708574173,-0.8198766496063419,-0.43800413672784544,-0.33959882125107543,,
dualls_adapted,107,baseline,within_5s,758,-0.7214713341295719,-1.1096001689698263,-0.8115591202327462,-0.3881288348402544,-0.29804104873708004,,
dualls_adapted,107,baseline,within_10s,887,-0.7214713341295719,-0.975730112735959,-0.7620591083066495,-0.2542587786063871,-0.21367100442930953,,
dualls_adapted,107,baseline,ongoing,599,-0.7214713341295719,-1.3398764125492815,-0.8258555671433581,-0.6184050784197096,-0.5140208454059234,-1.063224940660757,-0.27665147188852446
dualls_adapted,107,baseline,new_0_3s,106,-0.7214713341295719,-0.14003996073075062,-0.7860901250339599,0.5814313733988212,0.6460501643032093,-0.9672311721329799,0.8271912114022293
dualls_adapted,107,baseline,new_3_5s,53,-0.7214713341295719,-0.44616454952168016,-0.7009202861122735,0.2753067846078917,0.25475573659059336,-1.0101543370111505,0.5639897874894704
dualls_adapted,107,baseline,new_5_10s,129,-0.7214713341295719,-0.18911381331525107,-0.47119857311299496,0.5323575208143208,0.2820847597977439,-0.5622960188629086,0.3731822055476575
dualls_adapted,107,baseline,no_entry_10s,1113,-0.7214713341295719,-0.5188410226975275,-0.6891251025976151,0.20263031143204435,0.17028407990008754,,
finetune,7,wind5,within_3s,792,10.901019306123256,14.612244520411648,10.966989096427119,3.711225214288392,3.64525542398453,,
finetune,7,wind5,within_5s,850,10.901019306123256,14.256335608854013,10.984134920465433,3.355316302730756,3.2722006883885797,,
finetune,7,wind5,within_10s,986,10.901019306123256,13.50071919185032,11.015862833017561,2.5996998857270643,2.4848563588327597,,
finetune,7,wind5,ongoing,700,10.901019306123256,15.498527197071484,11.001573177434667,4.597507890948227,4.496954019636817,13.530637316020686,1.967889881050798
finetune,7,wind5,new_0_3s,92,10.901019306123256,7.868789371912894,10.703849349630548,-3.0322299342103625,-2.8350599777176546,13.262311074454615,-5.3935217025417215
finetune,7,wind5,new_3_5s,58,10.901019306123256,9.396338057929071,11.218264103885229,-1.504681248194185,-1.8219260459561575,13.417830754871414,-4.021492696942342
finetune,7,wind5,new_5_10s,136,10.901019306123256,8.778116585577235,11.21416228646837,-2.122902720546021,-2.4360457008911354,13.543354406746818,-4.765237821169583
finetune,7,wind5,no_entry_10s,1014,10.901019306123256,8.37310600501193,10.789347000878893,-2.527913301111326,-2.4162409958669624,,
finetune,11,wind5,within_3s,792,23.157292249292134,26.321853481458895,23.058369713805142,3.1645612321667613,3.263483767653753,,
finetune,11,wind5,within_5s,850,23.157292249292134,26.05435697218951,23.07879396181967,2.897064722897376,2.9755630103698394,,
finetune,11,wind5,within_10s,986,23.157292249292134,25.448023521029683,23.166804168370373,2.290731271737549,2.28121935265931,,
finetune,11,wind5,ongoing,700,23.157292249292134,27.081847007019178,23.06355911366347,3.9245547577270443,4.0182878933557085,25.404196367323642,1.6776506396955355
finetune,11,wind5,new_0_3s,92,23.157292249292134,20.53929404784804,23.018885149665675,-2.6179982014440952,-2.479591101817636,25.32970231364312,-4.790408265795083
finetune,11,wind5,new_3_5s,58,23.157292249292134,22.40164601802826,23.35769058987996,-0.7556462312638743,-0.9560445718517023,25.45760934905777,-3.05596333102951
finetune,11,wind5,new_5_10s,136,23.157292249292134,21.658439451280763,23.716867959312292,-1.4988527980113702,-2.058428508031529,25.749557202266182,-4.091117750985418
finetune,11,wind5,no_entry_10s,1014,23.157292249292134,20.92981588446647,23.148042986756494,-2.2274763648256624,-2.2182271022900224,,
finetune,23,wind5,within_3s,792,14.893630449995399,18.203225257797072,14.92990727339342,3.3095948078016733,3.2733179844036524,,
finetune,23,wind5,within_5s,850,14.893630449995399,17.854265742372064,14.94039646313826,2.960635292376665,2.913869279233804,,
finetune,23,wind5,within_10s,986,14.893630449995399,17.1468645378373,14.977292766505725,2.2532340878419,2.169571771331574,,
finetune,23,wind5,ongoing,700,14.893630449995399,19.039029263002533,14.983514032022851,4.145398813007134,4.055515230979681,17.224833325976963,1.8141959370255698
finetune,23,wind5,new_0_3s,92,14.893630449995399,11.843846957320752,14.522029762082461,-3.0497834926746474,-2.6781828047617093,16.704260820203455,-4.860413862882703
finetune,23,wind5,new_3_5s,58,14.893630449995399,13.089163393809878,15.08362815758506,-1.804467056185521,-1.9944647637751824,17.203471625424395,-4.114308231614517
finetune,23,wind5,new_5_10s,136,14.893630449995399,12.725607009495006,15.207894662552382,-2.1680234405003933,-2.4822876530573765,17.02082173816446,-4.295214728669455
finetune,23,wind5,no_entry_10s,1014,14.893630449995399,12.702615843869054,14.812278335518887,-2.1910146061263447,-2.109662491649832,,
finetune,47,wind5,within_3s,792,10.468277089893817,12.91207772564858,10.52626007782489,2.443800635754762,2.385817647823689,,
finetune,47,wind5,within_5s,850,10.468277089893817,12.655621345709353,10.539999168346071,2.1873442558155354,2.1156221773632815,,
finetune,47,wind5,within_10s,986,10.468277089893817,12.156820281191482,10.522702862536303,1.688543191297665,1.6341174186551797,,
finetune,47,wind5,ongoing,700,10.468277089893817,13.544516033913409,10.567694274736564,3.0762389440195914,2.976821759176845,12.1934109732886,1.3511050606248087
finetune,47,wind5,new_0_3s,92,10.468277089893817,8.10004711928575,10.210999883931754,-2.368229970608068,-2.1109527646460045,11.933801745855815,-3.833754626570066
finetune,47,wind5,new_3_5s,58,10.468277089893817,9.153665261021976,10.727608818221434,-1.3146118288718416,-1.573943557199458,12.620933825281464,-3.467268564259488
finetune,47,wind5,new_5_10s,136,10.468277089893817,9.039313627954792,10.41460095122526,-1.4289634619390252,-1.3752873232704683,11.921420540203815,-2.8821069122490233
finetune,47,wind5,no_entry_10s,1014,10.468277089893817,8.826360337803585,10.41535419854718,-1.641916752090232,-1.588993860743594,,
finetune,59,wind5,within_3s,792,15.298167879730464,18.533557529062634,15.278416491816177,3.23538964933217,3.2551410372464566,,
finetune,59,wind5,within_5s,850,15.298167879730464,18.31266854310737,15.303708042496853,3.014500663376907,3.0089605006105185,,
finetune,59,wind5,within_10s,986,15.298167879730464,17.717797045261573,15.376853388448387,2.4196291655311093,2.3409436568131863,,
finetune,59,wind5,ongoing,700,15.298167879730464,19.217347016164236,15.297889764145461,3.9191791364337725,3.919457252018775,17.68511609132069,1.532230924843546
finetune,59,wind5,new_0_3s,92,15.298167879730464,13.330811431550462,15.130250289310771,-1.967356448180002,-1.7994388577603093,17.494963574538176,-4.164152142987714
finetune,59,wind5,new_3_5s,58,15.298167879730464,15.296391355580297,15.649068527653588,-0.0017765241501663809,-0.35267717207329063,17.940938135192976,-2.6445467796126785
finetune,59,wind5,new_5_10s,136,15.298167879730464,13.999850183725357,15.834011800645472,-1.2983176960051068,-1.834161616920115,17.94158501474064,-3.9417348310152818
finetune,59,wind5,no_entry_10s,1014,15.298167879730464,12.945352931787982,15.2216551464012,-2.3528149479424822,-2.276302214613219,,
finetune,71,wind5,within_3s,792,13.055427513480186,17.265945784935745,13.142511070253715,4.210518271455559,4.1234347146820305,,
finetune,71,wind5,within_5s,850,13.055427513480186,16.832877721050206,13.160619163401607,3.77745020757002,3.6722585576485987,,
finetune,71,wind5,within_10s,986,13.055427513480186,15.959658349866073,13.158876398634789,2.904230836385887,2.8007819512312846,,
finetune,71,wind5,ongoing,700,13.055427513480186,18.270953165420465,13.20878344977689,5.215525651940279,5.062169715643575,16.082202245849224,2.188750919571241
finetune,71,wind5,new_0_3s,92,13.055427513480186,9.619150498638982,12.63826470431653,-3.4362770148412043,-3.019114205677548,15.412580984466784,-5.793430485827802
finetune,71,wind5,new_3_5s,58,13.055427513480186,10.91925864178559,13.40788829742113,-2.136168871694597,-2.48862965563554,16.153571478626894,-5.234312836841305
finetune,71,wind5,new_5_10s,136,13.055427513480186,10.502037279965247,13.147984118842166,-2.553390233514939,-2.6459468388769185,15.61630120986903,-5.1142639299037835
finetune,71,wind5,no_entry_10s,1014,13.055427513480186,10.231392400387007,12.954835205035968,-2.8240351130931796,-2.723442804648961,,
finetune,89,wind5,within_3s,792,17.47585402301699,19.02360514120547,17.300960047466074,1.5477511181884793,1.722645093739395,,
finetune,89,wind5,within_5s,850,17.47585402301699,18.962860280327938,17.351626668111965,1.4870062573109486,1.6112336122159725,,
finetune,89,wind5,within_10s,986,17.47585402301699,18.67089573617337,17.4363126673469,1.1950417131563817,1.2345830688264705,,
finetune,89,wind5,ongoing,700,17.47585402301699,19.405508211467946,17.303560490395675,1.9296541884509573,2.1019477210722712,18.54359028221913,0.8619179292488148
finetune,89,wind5,new_0_3s,92,17.47585402301699,16.11782091094748,17.281174068653826,-1.35803311206951,-1.1633531577063465,18.401362380495524,-2.2835414695480445
finetune,89,wind5,new_3_5s,58,17.47585402301699,18.13337873179337,18.043488108655907,0.657524708776382,0.08989062313746388,19.65000560211116,-1.5166268703177899
finetune,89,wind5,new_5_10s,136,17.47585402301699,16.84611733520732,17.965600162565234,-0.6297366878096682,-1.1194828273579134,19.09091422342288,-2.2447968882155607
finetune,89,wind5,no_entry_10s,1014,17.47585402301699,16.313811489316603,17.514303506932876,-1.1620425337003866,-1.2004920176162734,,
finetune,107,wind5,within_3s,792,5.40918147110194,8.4416060395012,5.509883193661825,3.032424568399261,2.931722845839376,,
finetune,107,wind5,within_5s,850,5.40918147110194,8.110324518365019,5.523834513545511,2.701143047263079,2.586490004819508,,
finetune,107,wind5,within_10s,986,5.40918147110194,7.425076992226421,5.493746394654412,2.015895521124481,1.9313305975720088,,
finetune,107,wind5,ongoing,700,5.40918147110194,9.217265412977763,5.547097924499808,3.8080839418758234,3.670167488477955,7.554360719515467,1.6629046934622966
finetune,107,wind5,new_0_3s,92,5.40918147110194,2.5398499369621277,5.22672763293805,-2.8693315341398122,-2.686877695975922,6.93272596728676,-4.392876030324632
finetune,107,wind5,new_3_5s,58,5.40918147110194,3.5866182297468185,5.7143421919571935,-1.8225632413551214,-2.127723962210375,7.548128974927438,-3.961510745180619
finetune,107,wind5,new_5_10s,136,5.40918147110194,3.142279953860185,5.305695651585053,-2.266901517241755,-2.1634156977248677,7.040228978957724,-3.897949025097539
finetune,107,wind5,no_entry_10s,1014,5.40918147110194,3.448951704012454,5.326951673643619,-1.9602297670894857,-1.8779999696311651,,
reservoir,7,wind5,within_3s,792,0.25508968684077266,0.3971466516153981,0.17390626055611283,0.14205696477462543,0.22324039105928525,,
reservoir,7,wind5,within_5s,850,0.25508968684077266,0.3824626705927007,0.18019892826109787,0.12737298375192807,0.20226374233160285,,
reservoir,7,wind5,within_10s,986,0.25508968684077266,0.3176585108223116,0.2226782128279462,0.06256882398153896,0.09498029799436541,,
reservoir,7,wind5,ongoing,700,0.25508968684077266,0.423333460688591,0.1649533425587426,0.16824377384781836,0.2583801181298484,0.2532712416423173,0.17006221904627372
reservoir,7,wind5,new_0_3s,92,0.25508968684077266,0.19789919127588687,0.2420262887969728,-0.057190495564885785,-0.04412709752108593,0.2763546014090229,-0.07845541013313603
reservoir,7,wind5,new_3_5s,58,0.25508968684077266,0.18195037800690222,0.2661263907153773,-0.07313930883387043,-0.08417601270847508,0.38250873444892514,-0.2005583564420229
reservoir,7,wind5,new_5_10s,136,0.25508968684077266,-0.08736748774262036,0.4881737413707481,-0.34245717458339303,-0.5755412291133685,0.6493477396581571,-0.7367152274007774
reservoir,7,wind5,no_entry_10s,1014,0.25508968684077266,0.1942486015885069,0.28660616946074,-0.06084108525226575,-0.09235756787223312,,
reservoir,11,wind5,within_3s,792,0.47336291697621347,0.9106566181989632,0.4690277693104697,0.4372937012227497,0.44162884888849346,,
reservoir,11,wind5,within_5s,850,0.47336291697621347,0.8541061902046203,0.4919234135356642,0.38074327322840684,0.3621827766689561,,
reservoir,11,wind5,within_10s,986,0.47336291697621347,0.7272283434263349,0.4993801128472603,0.25386542645012145,0.2278482305790746,,
reservoir,11,wind5,ongoing,700,0.47336291697621347,1.016717769588743,0.45950108631074615,0.5433548526125296,0.5572166832779969,0.6410823729703303,0.3756353966184127
reservoir,11,wind5,new_0_3s,92,0.47336291697621347,0.10366959675498631,0.5415134008301054,-0.36969332022122714,-0.437843804075119,0.7128020795520544,-0.6091324827970681
reservoir,11,wind5,new_3_5s,58,0.47336291697621347,0.08190034586807778,0.8045673829555643,-0.3914625711081357,-0.7226670370874865,1.2122499906471753,-1.1303496447790975
reservoir,11,wind5,new_5_10s,136,0.47336291697621347,-0.06575819893794901,0.5459844835447353,-0.5391211159141625,-0.6117426824826843,0.9735381967853675,-1.0392963957233166
reservoir,11,wind5,no_entry_10s,1014,0.47336291697621347,0.2265075811972985,0.4480641446597911,-0.24685533577891497,-0.2215565634624926,,
reservoir,23,wind5,within_3s,792,0.09482652500271797,-0.044163679911030665,0.04942507427018996,-0.13899020491374864,-0.09358875418122062,,
reservoir,23,wind5,within_5s,850,0.09482652500271797,-0.02103612240623025,0.06559143270938896,-0.11586264740894822,-0.0866275551156192,,
reservoir,23,wind5,within_10s,986,0.09482652500271797,-0.03230288425275327,0.07653645189044478,-0.12712940925547123,-0.10883933614319805,,
reservoir,23,wind5,ongoing,700,0.09482652500271797,-0.023326247164181302,0.07536212713264746,-0.11815277216689928,-0.09868837429682877,-0.04274414925489266,0.019417902090711356
reservoir,23,wind5,new_0_3s,92,0.09482652500271797,-0.20270936385444974,-0.1479220670745959,-0.2975358888571677,-0.054787296779853834,-0.22956430617398968,0.026854942319539943
reservoir,23,wind5,new_3_5s,58,0.09482652500271797,0.294774662831734,0.2863458444998308,0.199948137829016,0.008428818331903176,0.12232632212364965,0.17244834070808435
reservoir,23,wind5,new_5_10s,136,0.09482652500271797,-0.10272014579352211,0.14494282177204382,-0.19754667079624008,-0.24766296756556594,0.0889356624268053,-0.1916558082203274
reservoir,23,wind5,no_entry_10s,1014,0.09482652500271797,0.21844545747401448,0.11261154678644715,0.1236189324712965,0.10583391068756733,,
reservoir,47,wind5,within_3s,792,0.45741064283251764,0.37895860632110123,0.39444678473487627,-0.07845203651141641,-0.015488178413775033,,
reservoir,47,wind5,within_5s,850,0.45741064283251764,0.3633292953056448,0.41462444289763073,-0.09408134752687286,-0.051295147591985946,,
reservoir,47,wind5,within_10s,986,0.45741064283251764,0.32127329930814236,0.43016129726117536,-0.1361373435243753,-0.108887997953033,,
reservoir,47,wind5,ongoing,700,0.45741064283251764,0.4321665695309639,0.393631062705916,-0.02524407330155376,0.03853550682504786,0.24912130019025816,0.18304526934070572
reservoir,47,wind5,new_0_3s,92,0.45741064283251764,-0.025884592014810314,0.40065336539000823,-0.48329523484732795,-0.42653795740481854,0.25973248052809267,-0.28561707254290297
reservoir,47,wind5,new_3_5s,58,0.45741064283251764,0.14990835868079086,0.6901538440166223,-0.30750228415172676,-0.5402454853358314,0.6107356357930994,-0.46082727711230853
reservoir,47,wind5,new_5_10s,136,0.45741064283251764,0.05842332432375235,0.5272666370333299,-0.3989873185087653,-0.4688433127095775,0.6108272639710544,-0.5524039396473021
reservoir,47,wind5,no_entry_10s,1014,0.45741064283251764,0.5897887697704209,0.48390754099163347,0.1323781269379033,0.10588122877878747,,
reservoir,59,wind5,within_3s,792,0.04909719723463059,-0.17923677520770015,-0.04815839401585451,-0.22833397244233072,-0.13107838119184564,,
reservoir,59,wind5,within_5s,850,0.04909719723463059,-0.1319550055966658,-0.020364840737675482,-0.18105220283129636,-0.1115901648589903,,
reservoir,59,wind5,within_10s,986,0.04909719723463059,-0.08414004141612179,0.012317401274355506,-0.13323723865075238,-0.09645744269047729,,
reservoir,59,wind5,ongoing,700,0.04909719723463059,-0.18728252117122923,-0.04327620591523157,-0.2363797184058598,-0.14400631525599766,-0.14062574521554463,-0.0466567759556846
reservoir,59,wind5,new_0_3s,92,0.04909719723463059,-0.11801914287650067,-0.08530547739015998,-0.16711634011113125,-0.03271366548634069,-0.2101067952221432,0.09208765234564253
reservoir,59,wind5,new_3_5s,58,0.04909719723463059,0.5136857104712519,0.35916092126780447,0.4645885132366213,0.15452478920344742,0.2850698822898514,0.22861582818140047
reservoir,59,wind5,new_5_10s,136,0.04909719723463059,0.21470348471227815,0.21658141384954901,0.16560628747764755,-0.0018779291372708617,0.13435082942802157,0.08035265528425659
reservoir,59,wind5,no_entry_10s,1014,0.04909719723463059,0.17865530109029315,0.0848613775273635,0.12955810385566258,0.09379392356292965,,
reservoir,71,wind5,within_3s,792,1.2667604790776967,0.9856145816544691,1.1974493222349012,-0.2811458974232276,-0.21183474058043206,,
reservoir,71,wind5,within_5s,850,1.2667604790776967,1.0351315487833583,1.2072086320675486,-0.2316289302943384,-0.17207708328419025,,
reservoir,71,wind5,within_10s,986,1.2667604790776967,1.0582769443611586,1.2319245331658215,-0.20848353471653813,-0.1736475888046629,,
reservoir,71,wind5,ongoing,700,1.2667604790776967,0.987770063153335,1.1851706308873486,-0.2789904159243617,-0.1974005677340136,0.9998123811474615,-0.012042317994126472
reservoir,71,wind5,new_0_3s,92,1.2667604790776967,0.9692141789457073,1.2908741477054109,-0.29754630013198946,-0.3216599687597036,1.0623131862410526,-0.09309900729534537
reservoir,71,wind5,new_3_5s,58,1.2667604790776967,1.7112942723364666,1.3404736904719774,0.44453379325876985,0.3708205818644892,1.4387582188773314,0.27253605345913523
reservoir,71,wind5,new_5_10s,136,1.2667604790776967,1.2029356667224098,1.3863989150300247,-0.06382481235528692,-0.18346324830761485,1.1942030184398336,0.00873264828257625
reservoir,71,wind5,no_entry_10s,1014,1.2667604790776967,1.4694870720071906,1.3006344856547276,0.2027265929294939,0.16885258635246303,,
reservoir,89,wind5,within_3s,792,0.22711637303233145,0.2822672286719987,0.17187230023549838,0.05515085563966726,0.11039492843650034,,
reservoir,89,wind5,within_5s,850,0.22711637303233145,0.28277298625777747,0.18040768666327642,0.05565661322544602,0.10236529959450105,,
reservoir,89,wind5,within_10s,986,0.22711637303233145,0.24027381773894504,0.19306152004654,0.013157444706613591,0.047212297692405036,,
reservoir,89,wind5,ongoing,700,0.22711637303233145,0.2478774071591241,0.17113350249518833,0.020761034126792643,0.07674390466393577,0.21084059520658346,0.03703681195254063
reservoir,89,wind5,new_0_3s,92,0.22711637303233145,0.5439289140960445,0.17749358739003232,0.31681254106371304,0.3664353267060122,0.20288596175734677,0.34104295233869775
reservoir,89,wind5,new_3_5s,58,0.22711637303233145,0.28967919329117087,0.2969598599529343,0.06256282025883941,-0.007280666661763413,0.44290593228641084,-0.15322673899523997
reservoir,89,wind5,new_5_10s,136,0.22711637303233145,-0.0253459855037577,0.2721479786919373,-0.25246235853608917,-0.297493964195695,0.33064349332135057,-0.3559894788251083
reservoir,89,wind5,no_entry_10s,1014,0.22711637303233145,0.2143222502702792,0.2602308553242352,-0.012794122762052246,-0.04590860505395597,,
reservoir,107,wind5,within_3s,792,0.17764396299421786,0.388472838308474,0.148752320002791,0.21082887531425615,0.239720518305683,,
reservoir,107,wind5,within_5s,850,0.17764396299421786,0.3739405714063083,0.16545008568490222,0.19629660841209046,0.2084904857214061,,
reservoir,107,wind5,within_10s,986,0.17764396299421786,0.30266036168798716,0.186063306802917,0.1250163986937693,0.11659705488507016,,
reservoir,107,wind5,ongoing,700,0.17764396299421786,0.4485557744332722,0.1507361945275499,0.27091181143905435,0.2978195799057223,0.23032363320048135,0.21823214123279086
reservoir,107,wind5,new_0_3s,92,0.17764396299421786,-0.06867993655412094,0.13365762253179866,-0.2463238995483388,-0.2023375590859196,0.24000741571407008,-0.308687352268191
reservoir,107,wind5,new_3_5s,58,0.17764396299421786,0.17549996129397688,0.3934609549992494,-0.002144001700240983,-0.2179609937052725,0.6899445796016223,-0.5144446183076454
reservoir,107,wind5,new_5_10s,136,0.17764396299421786,-0.1428409490515204,0.31489593879050903,-0.32048491204573826,-0.4577368878420294,0.5521993053046311,-0.6950402543561516
reservoir,107,wind5,no_entry_10s,1014,0.17764396299421786,0.05607969365293928,0.16945710599680433,-0.12156426934127859,-0.11337741234386506,,
gss_adapted,7,wind5,within_3s,792,-0.09974863956868649,-0.30384422014608525,-0.17428834075391453,-0.20409558057739877,-0.12955587939217073,,
gss_adapted,7,wind5,within_5s,850,-0.09974863956868649,-0.25100288927555087,-0.17101048811019245,-0.15125424970686438,-0.07999240116535841,,
gss_adapted,7,wind5,within_10s,986,-0.09974863956868649,-0.2103197410491127,-0.1515628867309084,-0.1105711014804262,-0.058756854318204293,,
gss_adapted,7,wind5,ongoing,700,-0.09974863956868649,-0.40183465076344355,-0.1794056202626982,-0.3020860111947571,-0.22242903050074533,-0.24469402070255997,-0.15714063006088358
gss_adapted,7,wind5,new_0_3s,92,-0.09974863956868649,0.44173514324685803,-0.13535251840447432,0.5414837828155445,0.5770876616513323,-0.22417248128143347,0.6659076245282916
gss_adapted,7,wind5,new_3_5s,58,-0.09974863956868649,0.47055459433588487,-0.12625084511315837,0.5703032339045714,0.5968054394490432,-0.08597073812690499,0.5565253324627899
gss_adapted,7,wind5,new_5_10s,136,-0.09974863956868649,0.04394993536612567,-0.030015378110383448,0.14369857493481214,0.07396531347650911,-0.07705352274544681,0.12100345811157248
gss_adapted,7,wind5,no_entry_10s,1014,-0.09974863956868649,0.007769216505968594,-0.049365160572679714,0.10751785607465508,0.05713437707864831,,
gss_adapted,11,wind5,within_3s,792,-0.48963032257556915,-0.9964172239556457,-0.6135837454094991,-0.5067869013800765,-0.3828334785461466,,
gss_adapted,11,wind5,within_5s,850,-0.48963032257556915,-0.9424596466737635,-0.6028122865882733,-0.4528293240981943,-0.3396473600854901,,
gss_adapted,11,wind5,within_10s,986,-0.48963032257556915,-0.8572205458040412,-0.562474393327541,-0.367590223228472,-0.29474615247650016,,
gss_adapted,11,wind5,ongoing,700,-0.48963032257556915,-1.089686723947525,-0.6252945532693914,-0.6000564013719558,-0.46439217067813354,-0.933867186889604,-0.15581953705792095
gss_adapted,11,wind5,new_0_3s,92,-0.48963032257556915,-0.2867579848869987,-0.5244797725624925,0.20287233768857044,0.23772178767549373,-0.8442692074701001,0.5575112225831014
gss_adapted,11,wind5,new_3_5s,58,-0.48963032257556915,-0.20565962585909614,-0.45572615923636145,0.283970696716473,0.2500665333772653,-0.672593697822855,0.4669340719637589
gss_adapted,11,wind5,new_5_10s,136,-0.48963032257556915,-0.3244761653682765,-0.3103625604479634,0.16515415720729265,-0.014113604920313105,-0.5502148954344626,0.22573873006618606
gss_adapted,11,wind5,no_entry_10s,1014,-0.48963032257556915,-0.1321905197123804,-0.4187977251776952,0.35743980286318877,0.2866072054653148,,
gss_adapted,23,wind5,within_3s,792,-0.18811456712335348,-0.4432940816864221,-0.22881421960639114,-0.25517951456306864,-0.21447986208003095,,
gss_adapted,23,wind5,within_5s,850,-0.18811456712335348,-0.40396266807528103,-0.22286975077988502,-0.21584810095192755,-0.181092917295396,,
gss_adapted,23,wind5,within_10s,986,-0.18811456712335348,-0.3552362725712948,-0.20675729725495798,-0.16712170544794133,-0.14847897531633683,,
gss_adapted,23,wind5,ongoing,700,-0.18811456712335348,-0.5166298868826458,-0.23704998906100716,-0.32851531975929227,-0.2795798978216386,-0.40294699973882747,-0.1136828871438183
gss_adapted,23,wind5,new_0_3s,92,-0.18811456712335348,0.11469574045875798,-0.16615075636474783,0.30281030758211147,0.2808464968235058,-0.2601605167266702,0.37485625718542814
gss_adapted,23,wind5,new_3_5s,58,-0.18811456712335348,0.1331145660630588,-0.14169700404552465,0.3212291331864123,0.2748115701085835,-0.22912389251877582,0.3622384585818346
gss_adapted,23,wind5,new_5_10s,136,-0.18811456712335348,-0.05069630067138111,-0.10605446272416387,0.13741826645197236,0.05535816205278276,-0.22776552671452033,0.1770692260431392
gss_adapted,23,wind5,no_entry_10s,1014,-0.18811456712335348,-0.025607662220325695,-0.16998662638394318,0.16250690490302777,0.14437896416361748,,
gss_adapted,47,wind5,within_3s,792,0.243486443862319,-0.10847747419970204,0.1833863815650683,-0.35196391806202104,-0.29186385576477036,,
gss_adapted,47,wind5,within_5s,850,0.243486443862319,-0.039459803700447084,0.19508087031797844,-0.2829462475627661,-0.23454067401842552,,
gss_adapted,47,wind5,within_10s,986,0.243486443862319,0.02177252492000317,0.22739795252808567,-0.22171391894231582,-0.2056254276080825,,
gss_adapted,47,wind5,ongoing,700,0.243486443862319,-0.1785884603857994,0.18501648296495246,-0.4220749042481184,-0.3636049433507519,-0.04201539106768079,-0.1365730693181186
gss_adapted,47,wind5,new_0_3s,92,0.243486443862319,0.4249756815640823,0.17098343613116807,0.18148923770176328,0.2539922454329142,-0.019110867226972774,0.444086548791055
gss_adapted,47,wind5,new_3_5s,58,0.243486443862319,0.9029883865652413,0.35477113053012976,0.6595019427029223,0.5482172560351115,0.19716856539178695,0.7058198211734543
gss_adapted,47,wind5,new_5_10s,136,0.243486443862319,0.40447457879781723,0.4293797163412552,0.16098813493549824,-0.024905137543437983,0.30294784051954066,0.10152673827827657
gss_adapted,47,wind5,no_entry_10s,1014,0.243486443862319,0.4590780849640186,0.25913067705320075,0.2155916411016996,0.19994740791081783,,
gss_adapted,59,wind5,within_3s,792,-0.254655789270997,-0.5727388119005193,-0.3149325288520031,-0.3180830226295223,-0.2578062830485162,,
gss_adapted,59,wind5,within_5s,850,-0.254655789270997,-0.490389650849735,-0.30078902078629083,-0.235733861578738,-0.1896006300634442,,
gss_adapted,59,wind5,within_10s,986,-0.254655789270997,-0.40517110442534904,-0.2696883145450015,-0.15051531515435201,-0.13548278988034756,,
gss_adapted,59,wind5,ongoing,700,-0.254655789270997,-0.6854731168917247,-0.31925301620517954,-0.4308173276207277,-0.3662201006865452,-0.47407347905315955,-0.2113996378385652
gss_adapted,59,wind5,new_0_3s,92,-0.254655789270997,0.2850222043369127,-0.2820592555126182,0.5396779936079097,0.5670814598495308,-0.4691547427321366,0.7541769470690494
gss_adapted,59,wind5,new_3_5s,58,-0.254655789270997,0.6341023414299406,-0.1076569796131144,0.8887581307009376,0.741759321043055,-0.14320950525958823,0.7773118466895288
gss_adapted,59,wind5,new_5_10s,136,-0.254655789270997,0.12744481072706335,-0.07530890053694314,0.38210059999806034,0.2027537112640065,-0.1189623969836021,0.24640720771066543
gss_adapted,59,wind5,no_entry_10s,1014,-0.254655789270997,-0.10829671556074943,-0.24003836331422349,0.1463590737102476,0.13174164775347405,,
gss_adapted,71,wind5,within_3s,792,0.477025606662035,0.2807467458675606,0.3844507507699327,-0.19627886079447437,-0.10370400490237208,,
gss_adapted,71,wind5,within_5s,850,0.477025606662035,0.3407207859964932,0.39523034312826244,-0.13630482066554178,-0.05450955713176925,,
gss_adapted,71,wind5,within_10s,986,0.477025606662035,0.41914736184822377,0.43203800186560687,-0.05787824481381121,-0.012890640017383104,,
gss_adapted,71,wind5,ongoing,700,0.477025606662035,0.18566430951867785,0.3751838732638841,-0.2913612971433571,-0.18951956374520623,0.36110670697496056,-0.1754423974562827
gss_adapted,71,wind5,new_0_3s,92,0.477025606662035,1.0042000659134076,0.4549596013594314,0.5271744592513726,0.5492404645539761,0.3821368981398657,0.622063167773542
gss_adapted,71,wind5,new_3_5s,58,0.477025606662035,1.1596766443088138,0.5424275353316623,0.6826510376467788,0.6172491089771515,0.5934901999666736,0.5661864443421402
gss_adapted,71,wind5,new_5_10s,136,0.477025606662035,0.90931346092154,0.6620858689740095,0.432287854259505,0.24722759194753052,0.6685704240657454,0.24074303685579457
gss_adapted,71,wind5,no_entry_10s,1014,0.477025606662035,0.5333056356427233,0.5207709501820333,0.05628002898068829,0.01253468546068992,,
gss_adapted,89,wind5,within_3s,792,-0.2767877535074949,-0.4944575355962069,-0.31715183112070705,-0.21766978208871202,-0.17730570447549987,,
gss_adapted,89,wind5,within_5s,850,-0.2767877535074949,-0.45069476541350867,-0.3116439337524451,-0.17390701190601376,-0.13905083166106358,,
gss_adapted,89,wind5,within_10s,986,-0.2767877535074949,-0.41130783011415184,-0.30067709239489904,-0.13452007660665694,-0.1106307377192528,,
gss_adapted,89,wind5,ongoing,700,-0.2767877535074949,-0.5945625098262515,-0.3191455263806387,-0.31777475631875657,-0.2754169834456128,-0.442104338473562,-0.15245817135268946
gss_adapted,89,wind5,new_0_3s,92,-0.2767877535074949,0.2672107465889143,-0.3019824106647048,0.5439985000964092,0.5691931572536191,-0.47292865004225526,0.7401393966311696
gss_adapted,89,wind5,new_3_5s,58,-0.2767877535074949,0.14689340673643966,-0.23643264555135082,0.42368116024393454,0.3833260522877905,-0.1981479873391796,0.3450413940756193
gss_adapted,89,wind5,new_5_10s,136,-0.2767877535074949,-0.16513948449317148,-0.23213433391023658,0.11164826901432343,0.0669948494170651,-0.3020181212610326,0.13687863676786113
gss_adapted,89,wind5,no_entry_10s,1014,-0.2767877535074949,-0.14598223522922696,-0.253558080782662,0.13080551827826795,0.10757584555343505,,
gss_adapted,107,wind5,within_3s,792,1.4372859427779914,1.0856461871904557,1.3344528945910685,-0.3516397555875357,-0.24880670740061284,,
gss_adapted,107,wind5,within_5s,850,1.4372859427779914,1.2119253706230837,1.352043370839915,-0.22536057215490768,-0.1401180002168314,,
gss_adapted,107,wind5,within_10s,986,1.4372859427779914,1.338496631891684,1.3831214917473074,-0.09878931088630738,-0.04462485985562337,,
gss_adapted,107,wind5,ongoing,700,1.4372859427779914,0.9798428550788334,1.3150224425118497,-0.457443087699158,-0.33517958743301635,1.245875769678935,-0.2660329146001017
gss_adapted,107,wind5,new_0_3s,92,1.4372859427779914,1.8906715402136678,1.4822932908459976,0.4533855974356764,0.4083782493676702,1.3773009308028683,0.5133706094107995
gss_adapted,107,wind5,new_3_5s,58,1.4372859427779914,2.9362893926686255,1.5922443568586309,1.4990034498906342,1.3440450358099947,1.7292116500578134,1.2070777426108121
gss_adapted,107,wind5,new_5_10s,136,1.4372859427779914,2.1295670148204353,1.5773597474185124,0.6922810720424439,0.5522072674019229,1.6223432274465328,0.5072237873739025
gss_adapted,107,wind5,no_entry_10s,1014,1.4372859427779914,1.5333473436989964,1.489954728494219,0.09606140092100501,0.04339261520477744,,
cgsm_dual,7,wind5,within_3s,792,-0.24153560952842235,-0.3969329199330373,-0.3475984217116127,-0.15539731040461496,-0.049334498221424605,,
cgsm_dual,7,wind5,within_5s,850,-0.24153560952842235,-0.34173943649320043,-0.3332783690095561,-0.10020382696477809,-0.008461067483644336,,
cgsm_dual,7,wind5,within_10s,986,-0.24153560952842235,-0.32932241490719044,-0.3039906823408951,-0.0877868053787681,-0.02533173256629534,,
cgsm_dual,7,wind5,ongoing,700,-0.24153560952842235,-0.5042035117745399,-0.36158939491692316,-0.2626679022461176,-0.14261411685761677,-0.3967281869702912,-0.1074753248042487
cgsm_dual,7,wind5,new_0_3s,92,-0.24153560952842235,0.4192563658175261,-0.241145364714687,0.6607919753459485,0.6604017305322132,-0.33217115921216606,0.7514275250296922
cgsm_dual,7,wind5,new_3_5s,58,-0.24153560952842235,0.41193709599560707,-0.13773558038836808,0.6534727055240295,0.5496726763839752,-0.10678953381731615,0.5187266298129232
cgsm_dual,7,wind5,new_5_10s,136,-0.24153560952842235,-0.251716029994628,-0.12094264066176373,-0.010180420466205653,-0.13077338933286425,-0.07535757801736992,-0.17635845197725808
cgsm_dual,7,wind5,no_entry_10s,1014,-0.24153560952842235,-0.15617289739482737,-0.1808051343872999,0.08536271213359498,0.024632236992472523,,
cgsm_dual,11,wind5,within_3s,792,-0.3660771563649178,-1.1827385259811023,-0.5326549683355504,-0.8166613696161845,-0.6500835576455519,,
cgsm_dual,11,wind5,within_5s,850,-0.3660771563649178,-1.0891003146417,-0.5173408075508089,-0.7230231582767822,-0.5717595070908911,,
cgsm_dual,11,wind5,within_10s,986,-0.3660771563649178,-0.931381792056754,-0.4703499795538876,-0.5653046356918362,-0.4610318125028664,,
cgsm_dual,11,wind5,ongoing,700,-0.3660771563649178,-1.3863074857635158,-0.559786505555235,-1.020230329398598,-0.8265209802082808,-1.0617557011751402,-0.32455178458837564
cgsm_dual,11,wind5,new_0_3s,92,-0.3660771563649178,0.3661557332329128,-0.3262193590553391,0.7322328895978305,0.6923750922882519,-0.7830050133824489,1.1491607466153617
cgsm_dual,11,wind5,new_3_5s,58,-0.3660771563649178,0.1895456057170342,-0.308223301662617,0.5556227620819519,0.4977689073796512,-0.5713704451871926,0.7609160509042268
cgsm_dual,11,wind5,new_5_10s,136,-0.3660771563649178,0.05435897409915924,-0.1766573045731288,0.420436130464077,0.23101627867228805,-0.514246390392049,0.5686053644912082
cgsm_dual,11,wind5,no_entry_10s,1014,-0.3660771563649178,0.18361748938670996,-0.26468366162692536,0.5496946457516277,0.4483011510136353,,
cgsm_dual,23,wind5,within_3s,792,0.008856417924165725,-0.11935726850472315,-0.02998044820664768,-0.1282136864288889,-0.08937682029807548,,
cgsm_dual,23,wind5,within_5s,850,0.008856417924165725,-0.08295882382813621,-0.02123259448545363,-0.09181524175230193,-0.061726229342682584,,
cgsm_dual,23,wind5,within_10s,986,0.008856417924165725,-0.06739306851889008,-0.004326117594258522,-0.0762494864430558,-0.06306695092463156,,
cgsm_dual,23,wind5,ongoing,700,0.008856417924165725,-0.19364094423396247,-0.034401523312994065,-0.2024973621581282,-0.1592394209209684,-0.10299270186522363,-0.09064824236873884
cgsm_dual,23,wind5,new_0_3s,92,0.008856417924165725,0.44584461204383685,0.003658166732944325,0.4369881941196711,0.4421864453108925,-0.004216008303174484,0.45006062034701133
cgsm_dual,23,wind5,new_3_5s,58,0.008856417924165725,0.4140682138245681,0.09822085632809274,0.40521179590040235,0.31584735749647536,0.041719765308671095,0.372348448515897
cgsm_dual,23,wind5,new_5_10s,136,0.008856417924165725,0.029892902163898245,0.10133936297571096,0.02103648423973252,-0.07144646081181272,0.02656950089720623,0.003323401266692016
cgsm_dual,23,wind5,no_entry_10s,1014,0.008856417924165725,0.08300039586583538,0.02167493865509899,0.07414397794166966,0.06132545721073639,,
cgsm_dual,47,wind5,within_3s,792,-0.20471952809393407,-0.30040154688888127,-0.24173443617695614,-0.0956820187949472,-0.058667110711925124,,
cgsm_dual,47,wind5,within_5s,850,-0.20471952809393407,-0.27752787604051476,-0.23687637272399273,-0.0728083479465807,-0.040651503316522036,,
cgsm_dual,47,wind5,within_10s,986,-0.20471952809393407,-0.26833494524443124,-0.22080679282030338,-0.06361541715049718,-0.04752815242412786,,
cgsm_dual,47,wind5,ongoing,700,-0.20471952809393407,-0.34472769294466293,-0.23789732042559839,-0.14000816485072887,-0.10683037251906455,-0.3002399701277911,-0.044487722816871855
cgsm_dual,47,wind5,new_0_3s,92,-0.20471952809393407,0.03686260788337044,-0.27092988211120045,0.2415821359773045,0.3077924899945709,-0.31820487100813494,0.35506747889150536
cgsm_dual,47,wind5,new_3_5s,58,-0.20471952809393407,0.0348160431302827,-0.17053867867662859,0.23953557122421676,0.20535472180691128,-0.1388252581894406,0.1736413013197233
cgsm_dual,47,wind5,new_5_10s,136,-0.20471952809393407,-0.21087912776890924,-0.12037191842224514,-0.006159599674975175,-0.0905072093466641,-0.12561443980749593,-0.08526468796141332
cgsm_dual,47,wind5,no_entry_10s,1014,-0.20471952809393407,-0.14286074968132043,-0.18907648764008778,0.06185877841261364,0.04621573795876735,,
cgsm_dual,59,wind5,within_3s,792,-0.43301271139085296,-0.5931071575843927,-0.47637386853127944,-0.16009444619353974,-0.11673328905311325,,
cgsm_dual,59,wind5,within_5s,850,-0.43301271139085296,-0.5578717524163863,-0.4773791288104216,-0.12485904102553336,-0.08049262360596471,,
cgsm_dual,59,wind5,within_10s,986,-0.43301271139085296,-0.5026100027029219,-0.4523974935245843,-0.06959729131206893,-0.05021250917833758,,
cgsm_dual,59,wind5,ongoing,700,-0.43301271139085296,-0.6821132150718144,-0.4858390037335024,-0.24910050368096148,-0.19627421133831202,-0.5469208997398872,-0.13519231533192722
cgsm_dual,59,wind5,new_0_3s,92,-0.43301271139085296,0.08411284503729446,-0.40435653547088796,0.5171255564281474,0.48846938050818245,-0.5150920907223585,0.599204935759653
cgsm_dual,59,wind5,new_3_5s,58,-0.43301271139085296,-0.07672621977740321,-0.49110613124284563,0.3562864916134497,0.4143799114654424,-0.4226498835852413,0.3459236638078381
cgsm_dual,59,wind5,new_5_10s,136,-0.43301271139085296,-0.15722406699376948,-0.29626227298810065,0.2757886443970835,0.13903820599433117,-0.3001960827408746,0.14297201574710514
cgsm_dual,59,wind5,no_entry_10s,1014,-0.43301271139085296,-0.36533723877379176,-0.4141632092371457,0.0676754726170612,0.04882597046335396,,
cgsm_dual,71,wind5,within_3s,792,-0.25064762100577354,-0.5225500599528202,-0.36252256197779525,-0.2719024389470467,-0.16002749797502497,,
cgsm_dual,71,wind5,within_5s,850,-0.25064762100577354,-0.4742546001252006,-0.3561354363921491,-0.22360697911942706,-0.11811916373305148,,
cgsm_dual,71,wind5,within_10s,986,-0.25064762100577354,-0.3813995190312364,-0.2980492835912687,-0.1307518980254629,-0.08335023543996772,,
cgsm_dual,71,wind5,ongoing,700,-0.25064762100577354,-0.6206360538942474,-0.385812759360843,-0.36998843288847383,-0.23482329453340434,-0.47479658015319287,-0.1458394737410545
cgsm_dual,71,wind5,new_0_3s,92,-0.25064762100577354,0.22375641568847324,-0.18531453841112758,0.4744040366942468,0.4090709540996008,-0.3435280035301421,0.5672844192186154
cgsm_dual,71,wind5,new_3_5s,58,-0.25064762100577354,0.18522823062436333,-0.2689181352916013,0.43587585163013687,0.45414636591596463,-0.2786078732509423,0.4638361038753056
cgsm_dual,71,wind5,new_5_10s,136,-0.25064762100577354,0.1989447378060397,0.0649891714142337,0.44959235881181325,0.133955566391806,0.029864068498261894,0.1690806693077778
cgsm_dual,71,wind5,no_entry_10s,1014,-0.25064762100577354,-0.12350622904018538,-0.20455488006958192,0.12714139196558816,0.08104865102939654,,
cgsm_dual,89,wind5,within_3s,792,-0.01750153608620167,-0.31035219889247057,-0.07572103720598755,-0.2928506628062689,-0.23463116168648301,,
cgsm_dual,89,wind5,within_5s,850,-0.01750153608620167,-0.23690006028203403,-0.061521792506121824,-0.21939852419583236,-0.1753782677759122,,
cgsm_dual,89,wind5,within_10s,986,-0.01750153608620167,-0.17413992055410304,-0.040874285593135794,-0.15663838446790138,-0.13326563496096724,,
cgsm_dual,89,wind5,ongoing,700,-0.01750153608620167,-0.44506359308958054,-0.07788872696074398,-0.4275620570033789,-0.36717486612883654,-0.2303170953831304,-0.21474649770645016
cgsm_dual,89,wind5,new_0_3s,92,-0.01750153608620167,0.7146258004333662,-0.05922774559371032,0.7321273365195679,0.7738535460270766,-0.26024143843553327,0.9748672388688995
cgsm_dual,89,wind5,new_3_5s,58,-0.01750153608620167,0.7661015566053062,0.13237134201618275,0.7836030926915079,0.6337302145891235,0.17716063212920652,0.5889409244760997
cgsm_dual,89,wind5,new_5_10s,136,-0.01750153608620167,0.21811095274546566,0.08817263261302664,0.23561248883166733,0.129938320132439,0.023433093929564414,0.19467785881590124
cgsm_dual,89,wind5,no_entry_10s,1014,-0.01750153608620167,0.13481152810053476,0.005225812053677105,0.15231306418673643,0.12958571604685765,,
cgsm_dual,107,wind5,within_3s,792,0.7649572503119707,0.5024053008869441,0.7088185342541676,-0.2625519494250266,-0.2064132333672235,,
cgsm_dual,107,wind5,within_5s,850,0.7649572503119707,0.5925695224369274,0.7126226214605724,-0.1723877278750433,-0.12005309902364503,,
cgsm_dual,107,wind5,within_10s,986,0.7649572503119707,0.6883704015800001,0.7373930053531,-0.07658684873197064,-0.04902260377309997,,
cgsm_dual,107,wind5,ongoing,700,0.7649572503119707,0.4010985113893236,0.7077852685721104,-0.3638587389226471,-0.3066867571827868,0.6562224360972295,-0.2551239247079059
cgsm_dual,107,wind5,new_0_3s,92,0.7649572503119707,1.2732178296731866,0.7166803383567795,0.5082605793612159,0.5565374913164072,0.6028140002997775,0.6704038293734091
cgsm_dual,107,wind5,new_3_5s,58,0.7649572503119707,1.8237775132573883,0.7645680881411276,1.0588202629454178,1.0592094251162607,0.7068599479445301,1.1169175653128582
cgsm_dual,107,wind5,new_5_10s,136,0.7649572503119707,1.2871258962242043,0.8922079046813969,0.5221686459122336,0.3949179915428074,0.9038290123636539,0.3832968838605504
cgsm_dual,107,wind5,no_entry_10s,1014,0.7649572503119707,0.839429274818601,0.7917603524120166,0.07447202450663026,0.04766892240658438,,
dualls_adapted,7,wind5,within_3s,792,-0.17252637687325478,-0.27277630044504847,-0.20075922798779644,-0.10024992357179369,-0.07201707245725203,,
dualls_adapted,7,wind5,within_5s,850,-0.17252637687325478,-0.23301327344249276,-0.18974512192070386,-0.060486896569237975,-0.043268151521788895,,
dualls_adapted,7,wind5,within_10s,986,-0.17252637687325478,-0.22758589820977881,-0.1705194077704696,-0.05505952133652403,-0.057066490439309225,,
dualls_adapted,7,wind5,ongoing,700,-0.17252637687325478,-0.33027355028050287,-0.2021598426899752,-0.1577471734072481,-0.12811370759052768,-0.2775669379195965,-0.052706612360906346
dualls_adapted,7,wind5,new_0_3s,92,-0.17252637687325478,0.1647027743899304,-0.19010237699295798,0.3372291512631852,0.3548051513828884,-0.27841843740387995,0.44312121179381037
dualls_adapted,7,wind5,new_3_5s,58,-0.17252637687325478,0.3099577159717165,-0.03934560459075031,0.4824840928449713,0.3493033205624668,-0.0038416957736279503,0.3137994117453445
dualls_adapted,7,wind5,new_5_10s,136,-0.17252637687325478,-0.1936648030053167,-0.050358694331505256,-0.021138426132061905,-0.14330610867381144,-0.03136415069924238,-0.16230065230607432
dualls_adapted,7,wind5,no_entry_10s,1014,-0.17252637687325478,-0.1189872367965164,-0.1744779267108743,0.05353914007673838,0.055490689914357905,,
dualls_adapted,11,wind5,within_3s,792,0.23640481600165367,-0.13567619830972016,0.15795513716133947,-0.37208101431137386,-0.29363133547105963,,
dualls_adapted,11,wind5,within_5s,850,0.23640481600165367,-0.0733168382504407,0.1652801971955427,-0.30972165425209436,-0.23859703544598343,,
dualls_adapted,11,wind5,within_10s,986,0.23640481600165367,-0.021580081531290592,0.18997341571730642,-0.25798489753294424,-0.211553497248597,,
dualls_adapted,11,wind5,ongoing,700,0.23640481600165367,-0.18665112146309443,0.1490007266100916,-0.4230559374647481,-0.33565184807318604,-0.0815984323827135,-0.10505268908038093
dualls_adapted,11,wind5,new_0_3s,92,0.23640481600165367,0.252176477857258,0.22608652179039976,0.01577166185560433,0.02608995606685824,-0.027911384410049155,0.28008786226730714
dualls_adapted,11,wind5,new_3_5s,58,0.23640481600165367,0.7782109749728235,0.2653051549039718,0.5418061589711699,0.5129058200688518,0.14081174700839486,0.6373992279644287
dualls_adapted,11,wind5,new_5_10s,136,0.23640481600165367,0.30177464796339765,0.3443060314783303,0.06536983196174398,-0.04253138351493263,0.22236550233297445,0.0794091456304232
dualls_adapted,11,wind5,no_entry_10s,1014,0.23640481600165367,0.48726587021021683,0.281554086889589,0.2508610542085632,0.20571178332062784,,
dualls_adapted,23,wind5,within_3s,792,0.008971820138394832,0.0024999665905429858,-0.0383579747628585,-0.006471853547851847,0.04085794135340149,,
dualls_adapted,23,wind5,within_5s,850,0.008971820138394832,0.012003784162156722,-0.03292130870006082,0.00303196402376189,0.04492509286221754,,
dualls_adapted,23,wind5,within_10s,986,0.008971820138394832,0.00920843671531271,-0.012625969133104027,0.0002366165769178783,0.021834405848416737,,
dualls_adapted,23,wind5,ongoing,700,0.008971820138394832,0.044853324506964005,-0.03608298041994342,0.03588150436856917,0.08093630492690743,-0.009521336094620723,0.05437466060158473
dualls_adapted,23,wind5,new_0_3s,92,0.008971820138394832,-0.31975384364309517,-0.05566771432851679,-0.32872566378149,-0.26408612931457837,-0.0973558565549538,-0.22239798708814137
dualls_adapted,23,wind5,new_3_5s,58,0.008971820138394832,0.14178005169177876,0.0413173037436593,0.13280823155338392,0.10046274794811946,0.10120441692580895,0.040575634765969815
dualls_adapted,23,wind5,new_5_10s,136,0.008971820138394832,-0.008262484827462365,0.11421990316037571,-0.0172343049658572,-0.12248238798783807,0.13846570947714462,-0.14672819430460698
dualls_adapted,23,wind5,no_entry_10s,1014,0.008971820138394832,0.008741737352555555,0.02997322075150916,-0.00023008278583927684,-0.0212314833989536,,
dualls_adapted,47,wind5,within_3s,792,0.1476627238318324,0.210054449737072,0.09252936511606669,0.06239172590523959,0.1175250846210053,,
dualls_adapted,47,wind5,within_5s,850,0.1476627238318324,0.23056476214352775,0.1073757010044451,0.08290203831169535,0.12318906113908265,,
dualls_adapted,47,wind5,within_10s,986,0.1476627238318324,0.21632500248252742,0.13870120415966083,0.06866227865069502,0.07762379832286659,,
dualls_adapted,47,wind5,ongoing,700,0.1476627238318324,0.2669137351002012,0.09303520435142693,0.11925101126836882,0.1738785307487743,0.17295754112842024,0.09395619397178098
dualls_adapted,47,wind5,new_0_3s,92,0.1476627238318324,-0.22257054759108502,0.08868058832528235,-0.3702332714229174,-0.3112511359163674,0.17583429569339692,-0.39840484328448195
dualls_adapted,47,wind5,new_3_5s,58,0.1476627238318324,0.5106366143144411,0.3101049772733371,0.36297389048260864,0.200531637041104,0.2858165702054409,0.2248200441090002
dualls_adapted,47,wind5,new_5_10s,136,0.1476627238318324,0.12732650460127523,0.3344855988797584,-0.020336219230557173,-0.20715909427848314,0.4372945395747776,-0.30996803497350234
dualls_adapted,47,wind5,no_entry_10s,1014,0.1476627238318324,0.08089644498608757,0.15637678536709984,-0.06676627884574483,-0.07548034038101227,,
dualls_adapted,59,wind5,within_3s,792,0.025246128246188163,0.06163766961356606,-0.0033899865425947953,0.03639154136737789,0.06502765615616085,,
dualls_adapted,59,wind5,within_5s,850,0.025246128246188163,0.08216899517704458,0.0008979932204849024,0.05692286693085642,0.08127100195655967,,
dualls_adapted,59,wind5,within_10s,986,0.025246128246188163,0.07906927210684964,0.010819349735000029,0.053823143860661476,0.06824992237184961,,
dualls_adapted,59,wind5,ongoing,700,0.025246128246188163,0.06377557860953467,-0.009017594726627833,0.03852945036334651,0.0727931733361625,0.04727562180119048,0.016499956808344193
dualls_adapted,59,wind5,new_0_3s,92,0.025246128246188163,0.0453709707311962,0.03942877137939586,0.020124842485008034,0.005942199351800334,0.09021969832101293,-0.04484872758981673
dualls_adapted,59,wind5,new_3_5s,58,0.025246128246188163,0.3625277856300617,0.05945109619219387,0.33728165738387356,0.30307668943786786,0.19439050324793775,0.16813728238212397
dualls_adapted,59,wind5,new_5_10s,136,0.025246128246188163,0.05969600291813121,0.07282782795071949,0.03444987467194305,-0.013131825032588279,0.1859890117838734,-0.12629300886574218
dualls_adapted,59,wind5,no_entry_10s,1014,0.025246128246188163,-0.027090774955599032,0.03927453417521332,-0.052336903201787195,-0.06636530913081236,,
dualls_adapted,71,wind5,within_3s,792,0.07989193333685399,-0.330821957401555,-0.018213338723620624,-0.410713890738409,-0.3126086186779344,,
dualls_adapted,71,wind5,within_5s,850,0.07989193333685399,-0.28936727046966554,-0.01583683561558594,-0.36925920380651955,-0.2735304348540796,,
dualls_adapted,71,wind5,within_10s,986,0.07989193333685399,-0.20002150783432424,0.02583142664052156,-0.2799134411711782,-0.2258529344748458,,
dualls_adapted,71,wind5,ongoing,700,0.07989193333685399,-0.4515592818600791,-0.03196009257574805,-0.5314512151969331,-0.41959918928433104,-0.28110807570385477,-0.17045120615622433
dualls_adapted,71,wind5,new_0_3s,92,0.07989193333685399,0.5878315982611283,0.086381527542566,0.5079396649242743,0.5014500707185623,-0.12079186554339494,0.7086234638045232
dualls_adapted,71,wind5,new_3_5s,58,0.07989193333685399,0.276703626945101,0.016614724066542807,0.196811693608247,0.2600889028785582,-0.20829783970256,0.485001466647661
dualls_adapted,71,wind5,new_5_10s,136,0.07989193333685399,0.3583895086365588,0.2862580657411933,0.27849757529970476,0.0721314428953655,0.16726891618231945,0.19112059245423932
dualls_adapted,71,wind5,no_entry_10s,1014,0.07989193333685399,0.3520760092685914,0.1324596449764829,0.27218407593173743,0.21961636429210848,,
dualls_adapted,89,wind5,within_3s,792,-0.09553916169703007,-0.310347952588339,-0.1412660200844341,-0.21480879089130894,-0.16908193250390494,,
dualls_adapted,89,wind5,within_5s,850,-0.09553916169703007,-0.26036928436335394,-0.13547426512698435,-0.16483012266632385,-0.12489501923636959,,
dualls_adapted,89,wind5,within_10s,986,-0.09553916169703007,-0.2360782884439155,-0.12241010962647703,-0.14053912674688546,-0.11366817881743849,,
dualls_adapted,89,wind5,ongoing,700,-0.09553916169703007,-0.40094805304493225,-0.14752975825719317,-0.30540889134790217,-0.2534182947877391,-0.27171023144768963,-0.12923782159724262
dualls_adapted,89,wind5,new_0_3s,92,-0.09553916169703007,0.3790006378422613,-0.09360714268300653,0.4745397995392914,0.4726077805252678,-0.2647193423422215,0.6437199801844828
dualls_adapted,89,wind5,new_3_5s,58,-0.09553916169703007,0.42209804726058037,-0.056386852604567064,0.5176372089576105,0.4784848998651474,-0.12492229785550829,0.5470203451160887
dualls_adapted,89,wind5,new_5_10s,136,-0.09553916169703007,-0.08425956394742518,-0.040759137748305946,0.011279597749604894,-0.04350042619911923,-0.08070851192069192,-0.0035510520267332535
dualls_adapted,89,wind5,no_entry_10s,1014,-0.09553916169703007,0.04111920020871849,-0.0694102123297375,0.13665836190574857,0.110529412538456,,
dualls_adapted,107,wind5,within_3s,792,-0.09271498200297355,-0.23603460117421968,-0.13855844869306755,-0.14331961917124614,-0.09747615248115213,,
dualls_adapted,107,wind5,within_5s,850,-0.09271498200297355,-0.20723064675050623,-0.1265964833877405,-0.11451566474753268,-0.08063416336276574,,
dualls_adapted,107,wind5,within_10s,986,-0.09271498200297355,-0.15692020520477218,-0.10072740879112302,-0.06420522320179863,-0.05619279641364916,,
dualls_adapted,107,wind5,ongoing,700,-0.09271498200297355,-0.28289505192211695,-0.1399981227058712,-0.19018006991914338,-0.14289692921624575,-0.19695328160274495,-0.085941770319372
dualls_adapted,107,wind5,new_0_3s,92,-0.09271498200297355,0.12051230669021606,-0.12760440729130074,0.21322728869318963,0.2481167139815168,-0.22886362828288745,0.3493759349731035
dualls_adapted,107,wind5,new_3_5s,58,-0.09271498200297355,0.1860923171043396,0.036746215264311786,0.27880729910731317,0.1493461018400278,0.07699125897586144,0.10910105812847816
dualls_adapted,107,wind5,new_5_10s,136,-0.09271498200297355,0.15752005445606568,0.06095430743773628,0.2502350364590392,0.0965657470183294,-0.001956356092339816,0.1594764105484055
dualls_adapted,107,wind5,no_entry_10s,1014,-0.09271498200297355,-0.030282684096688113,-0.08492380565867835,0.06243229790628544,0.05464112156199024,,
finetune,7,speed15,within_3s,566,22.428004644244908,31.80040861955801,23.378891083168938,9.372403975313102,8.421517536389072,,
finetune,7,speed15,within_5s,612,22.428004644244908,31.204139072618453,23.478161144212418,8.776134428373545,7.725977928406035,,
finetune,7,speed15,within_10s,702,22.428004644244908,30.466024865367135,23.586678927702067,8.038020221122228,6.879345937665068,,
finetune,7,speed15,ongoing,504,22.428004644244908,32.616577778662005,23.37062083496638,10.188573134417098,9.245956943695624,30.38650943340527,2.2300683452567363
finetune,7,speed15,new_0_3s,62,22.428004644244908,25.16574319716423,23.44612019758975,2.7377385529193212,1.7196229995744794,29.932014630300326,-4.766271433136097
finetune,7,speed15,new_3_5s,46,22.428004644244908,23.867431168970853,24.699614504008224,1.4394265247259455,-0.8321833350373709,31.303280240815056,-7.435849071844203
finetune,7,speed15,new_5_10s,90,22.428004644244908,25.446848256058164,24.32459985543174,3.0188436118132564,1.1222484006264253,30.851254476615168,-5.404406220557004
finetune,7,speed15,no_entry_10s,1298,22.428004644244908,18.080785695687283,21.801356457043887,-4.347218948557625,-3.720570761356605,,
finetune,11,speed15,within_3s,566,37.21937826481089,44.06198942719205,38.213119338049346,6.842611162381161,5.848870089142707,,
finetune,11,speed15,within_5s,612,37.21937826481089,43.74531472113982,38.348532136629636,6.525936456328928,5.396782584510184,,
finetune,11,speed15,within_10s,702,37.21937826481089,43.475294839919805,38.50054506893297,6.2559165751089125,4.974749770986833,,
finetune,11,speed15,ongoing,504,37.21937826481089,44.56492155689805,38.23406518338763,7.345543292087157,6.3308563735104215,43.349394582704456,1.215526974193594
finetune,11,speed15,new_0_3s,62,37.21937826481089,39.97363792119488,38.04284988562212,2.7542596563839865,1.9307880355727605,43.1028431397203,-3.1292052185254207
finetune,11,speed15,new_3_5s,46,37.21937826481089,39.84883899014929,40.01469831046528,2.6294607253383973,-0.16585932031598816,43.8661611535698,-4.017322163420509
finetune,11,speed15,new_5_10s,90,37.21937826481089,41.6391596476237,39.534233008595685,4.419781382812808,2.1049266390280152,44.23713800237534,-2.597978354751639
finetune,11,speed15,no_entry_10s,1298,37.21937826481089,33.83597808320345,36.52648219663394,-3.383400181607442,-2.6905041134304923,,
finetune,23,speed15,within_3s,566,35.14492683908343,39.63762865713123,35.74768326824793,4.492701818047799,3.889945388883298,,
finetune,23,speed15,within_5s,612,35.14492683908343,39.35815111455185,35.855225882702946,4.21322427546842,3.5029252318489057,,
finetune,23,speed15,within_10s,702,35.14492683908343,39.022388913607664,35.94262109840162,3.8774620745242316,3.079767815206047,,
finetune,23,speed15,ongoing,504,35.14492683908343,40.19110250532154,35.76052691084563,5.046175666238106,4.430575594475911,38.9615838159182,1.229518689403335
finetune,23,speed15,new_0_3s,62,35.14492683908343,35.13842189119708,35.64327688326027,-0.006504947886348589,-0.5048549920631871,38.76758758098618,-3.6291656897890974
finetune,23,speed15,new_3_5s,46,35.14492683908343,35.91936222107514,37.17846761708432,0.774435381991708,-1.2591053960091827,39.594681380268185,-3.6753191591930445
finetune,23,speed15,new_5_10s,90,35.14492683908343,36.73920594718721,36.53690856515252,1.5942791081037768,0.20229738203468628,39.24592222907037,-2.5067162818831648
finetune,23,speed15,no_entry_10s,1298,35.14492683908343,33.04787107920977,34.71350821809625,-2.097055759873662,-1.6656371388864812,,
finetune,47,speed15,within_3s,566,24.672338658005,30.991291466113115,25.44711717899913,6.318952808108115,5.544174287113986,,
finetune,47,speed15,within_5s,612,24.672338658005,30.603813940598293,25.561067206968737,5.9314752825932935,5.042746733629556,,
finetune,47,speed15,within_10s,702,24.672338658005,30.16908543801036,25.65070600242066,5.49674678000536,4.518379435589701,,
finetune,47,speed15,ongoing,504,24.672338658005,31.592156962506355,25.45343710546855,6.919818304501355,6.138719857037806,30.148138430105316,1.4440185324010386
finetune,47,speed15,new_0_3s,62,24.672338658005,26.106836463174513,25.395742292860636,1.4344978051695136,0.7110941703138778,29.588872079997564,-3.482035616823051
finetune,47,speed15,new_3_5s,46,24.672338658005,25.836155691872474,26.963147985898992,1.163817033867474,-1.1269922940265182,30.75218903555284,-4.916033343680365
finetune,47,speed15,new_5_10s,90,24.672338658005,27.2129316204124,26.26024981149378,2.540592962407402,0.9526818089186229,30.388060490165664,-3.1751288697532623
finetune,47,speed15,no_entry_10s,1298,24.672338658005,21.699521832455105,24.143206242149994,-2.972816825549895,-2.443684409694889,,
finetune,59,speed15,within_3s,566,23.501644673034548,32.17012317836706,24.532789425179743,8.668478505332509,7.637333753187313,,
finetune,59,speed15,within_5s,612,23.501644673034548,31.66866039993619,24.64162211216897,8.167015726901642,7.027038287767219,,
finetune,59,speed15,within_10s,702,23.501644673034548,31.124737193123398,24.794178744610907,7.62309252008885,6.330558448512491,,
finetune,59,speed15,ongoing,504,23.501644673034548,32.90196352972398,24.543236677394525,9.400318856689431,8.358726852329454,30.89759274083509,2.004370788888888
finetune,59,speed15,new_0_3s,62,23.501644673034548,26.220969354433397,24.447863374917695,2.7193246813988488,1.7731059795157016,31.212483519747988,-4.991514165314591
finetune,59,speed15,new_3_5s,46,23.501644673034548,25.498487952286784,25.980737347731974,1.9968432792522357,-0.48224939544519074,31.660071676841362,-6.161583724554578
finetune,59,speed15,new_5_10s,90,23.501644673034548,27.42605938679642,25.831563845216063,3.9244147137618732,1.5944955415803577,32.062683253696235,-4.636623866899814
finetune,59,speed15,no_entry_10s,1298,23.501644673034548,19.378831923340886,22.802600822305276,-4.1228127496936615,-3.42376889896439,,
finetune,71,speed15,within_3s,566,22.579532338380815,30.929659456962412,23.453231682740995,8.350127118581597,7.476427774221417,,
finetune,71,speed15,within_5s,612,22.579532338380815,30.323189045479094,23.535209301713554,7.743656707098278,6.78797974376554,,
finetune,71,speed15,within_10s,702,22.579532338380815,29.65003224052595,23.621871366264752,7.070499902145134,6.0281608742611965,,
finetune,71,speed15,ongoing,504,22.579532338380815,31.825267959563504,23.550928649765286,9.245735621182689,8.274339309798219,29.770113483045566,2.055154476517938
finetune,71,speed15,new_0_3s,62,22.579532338380815,23.649229048721253,22.65904988628551,1.0696967103404376,0.9901791624357443,28.712301213372875,-5.063072164651622
finetune,71,speed15,new_3_5s,46,22.579532338380815,22.860966156358305,24.543890439506363,0.28143381797749,-1.6829242831480578,29.89046287627621,-7.029496719917905
finetune,71,speed15,new_5_10s,90,22.579532338380815,25.072565966844557,24.21117340521294,2.493033628463742,0.861392561631618,29.50068299840469,-4.428117031560134
finetune,71,speed15,no_entry_10s,1298,22.579532338380815,18.755579386681365,22.015801985858072,-3.82395295169945,-3.260222599176707,,
finetune,89,speed15,within_3s,566,32.44348193377257,40.4498217038468,33.62896778631264,8.006339770074234,6.8208539175341585,,
finetune,89,speed15,within_5s,612,32.44348193377257,40.09725649976263,33.77813097691321,7.653774565990062,6.3191255228494185,,
finetune,89,speed15,within_10s,702,32.44348193377257,39.80095575686194,33.89156196534801,7.3574738230893715,5.909393791513928,,
finetune,89,speed15,ongoing,504,32.44348193377257,40.95168393046137,33.68320619709575,8.508201996688804,7.268477733365621,39.702239935191635,1.2494439952697363
finetune,89,speed15,new_0_3s,62,32.44348193377257,36.37016747459288,33.18806199543067,3.9266855408203156,3.1821054791622103,39.563588001134306,-3.1934205265414235
finetune,89,speed15,new_3_5s,46,32.44348193377257,35.75917159733565,35.61348675691148,3.3156896635630844,0.14568484042417396,40.76736528898738,-5.0081936916517265
finetune,89,speed15,new_5_10s,90,32.44348193377257,37.786110705137254,34.66289268670468,5.342628771364687,3.123218018432574,40.023341717963866,-2.237231012826612
finetune,89,speed15,no_entry_10s,1298,32.44348193377257,28.464324288311285,31.660313842735604,-3.9791576454612816,-3.195989554424319,,
finetune,107,speed15,within_3s,566,19.5765567458719,27.71614104635724,20.357673102804622,8.139584300485339,7.358467943552618,,
finetune,107,speed15,within_5s,612,19.5765567458719,27.283273111761005,20.46931738666758,7.706716365889104,6.813955725093425,,
finetune,107,speed15,within_10s,702,19.5765567458719,26.721222756595015,20.544580794305823,7.144666010723114,6.176641962289192,,
finetune,107,speed15,ongoing,504,19.5765567458719,28.375754575525956,20.334707016394766,8.799197829654055,8.04104755913119,26.697109574530582,1.678645000995374
finetune,107,speed15,new_0_3s,62,19.5765567458719,22.35412138988895,20.54436516007174,2.7775646440170476,1.8097562298172072,26.361414095468223,-4.007292705579275
finetune,107,speed15,new_3_5s,46,19.5765567458719,21.957115481729094,21.843027488111858,2.3805587358571927,0.1140879936172361,26.99477729176951,-5.037661810040415
finetune,107,speed15,new_5_10s,90,19.5765567458719,22.89928034146627,21.056371966245912,3.3227235955943684,1.8429083752203574,26.964308002509515,-4.065027661043246
finetune,107,speed15,no_entry_10s,1298,19.5765567458719,15.712492385681127,19.053018315979287,-3.864064360190774,-3.34052593029816,,
reservoir,7,speed15,within_3s,566,0.37287837186455725,0.6326571542888143,0.2720836022778148,0.25977878242425706,0.3605735520109995,,
reservoir,7,speed15,within_5s,612,0.37287837186455725,0.5974445744277606,0.2572898491550109,0.2245662025632033,0.34015472527274965,,
reservoir,7,speed15,within_10s,702,0.37287837186455725,0.607325003230334,0.2595022569854398,0.23444663136577676,0.3478227462448942,,
reservoir,7,speed15,ongoing,504,0.37287837186455725,0.6757700973086886,0.27210506622166136,0.3028917254441314,0.4036650310870273,0.612062216682462,0.06370788062622668
reservoir,7,speed15,new_0_3s,62,0.37287837186455725,0.28219064974015756,0.2719091211859013,-0.09068772212439968,0.010281528554256236,0.6672157793581914,-0.38502512961803387
reservoir,7,speed15,new_3_5s,46,0.37287837186455725,0.16417674396349036,0.07526236507877247,-0.2087016279010669,0.08891437888471788,0.2964235781292466,-0.13224683416575622
reservoir,7,speed15,new_5_10s,90,0.37287837186455725,0.6745119190878338,0.27454663023235526,0.30163354722327657,0.39996528885547855,0.6984436905064487,-0.02393177141861491
reservoir,7,speed15,no_entry_10s,1298,0.37287837186455725,0.24608211976996922,0.4341958084170539,-0.12679625209458803,-0.1881136886470847,,
reservoir,11,speed15,within_3s,566,0.7676972570642829,2.1001692028854424,0.7963682749674357,1.3324719458211596,1.3038009279180067,,
reservoir,11,speed15,within_5s,612,0.7676972570642829,1.94932706507982,0.7849230252479753,1.1816298080155372,1.1644040398318447,,
reservoir,11,speed15,within_10s,702,0.7676972570642829,1.727698722031721,0.7771642074070471,0.9600014649674381,0.950534514624674,,
reservoir,11,speed15,ongoing,504,0.7676972570642829,2.3582135464936966,0.7888274314823671,1.5905162894294138,1.5693861150113295,1.7567046510674882,0.6015088954262084
reservoir,11,speed15,new_0_3s,62,0.7676972570642829,0.002518409682858375,0.8576680349105728,-0.7651788473814246,-0.8551496252277144,1.8075280952963004,-1.805009685613442
reservoir,11,speed15,new_3_5s,46,0.7676972570642829,0.09331293468889983,0.6440966917433087,-0.6743843223753831,-0.550783757054409,1.5146042468626815,-1.4212913121737816
reservoir,11,speed15,new_5_10s,90,0.7676972570642829,0.2206259893046485,0.7244042460887362,-0.5470712677596344,-0.5037782567840877,1.6191869051577763,-1.3985609158531278
reservoir,11,speed15,no_entry_10s,1298,0.7676972570642829,0.2484976974285806,0.7625772269097214,-0.5191995596357023,-0.5140795294811408,,
reservoir,23,speed15,within_3s,566,-0.08458380506932736,0.0937727073687968,-0.15085292858566746,0.17835651243812417,0.24462563595446424,,
reservoir,23,speed15,within_5s,612,-0.08458380506932736,0.025425431580325356,-0.1595727910937792,0.11000923664965272,0.18499822267410454,,
reservoir,23,speed15,within_10s,702,-0.08458380506932736,-0.02206846893343151,-0.15622413765950596,0.06251533613589585,0.13415566872607446,,
reservoir,23,speed15,ongoing,504,-0.08458380506932736,0.1750546453727616,-0.14509882475536945,0.259638450442089,0.32015347012813106,-0.0026377049114605752,0.17769235028422217
reservoir,23,speed15,new_0_3s,62,-0.08458380506932736,-0.5669707886634334,-0.1976282242384124,-0.48238698359410603,-0.369342564425021,-0.07103246125204818,-0.4959383274113852
reservoir,23,speed15,new_3_5s,46,-0.08458380506932736,-0.8155432226865188,-0.26686501238924143,-0.7309594176171914,-0.5486782102972774,-0.2126285175453555,-0.6029147051411633
reservoir,23,speed15,new_5_10s,90,-0.08458380506932736,-0.3450269924269782,-0.13345329430644765,-0.2604431873576508,-0.21157369812053056,0.0002473609868948524,-0.3452743534138731
reservoir,23,speed15,no_entry_10s,1298,-0.08458380506932736,-0.11839410242479645,-0.04583841718157282,-0.03381029735546909,-0.07255568524322363,,
reservoir,47,speed15,within_3s,566,-0.24557410391420126,-0.2900068341843231,-0.44319882502122787,-0.044432730270121845,0.15319199083690477,,
reservoir,47,speed15,within_5s,612,-0.24557410391420126,-0.2738782211018154,-0.4277806311767631,-0.028304117187614164,0.1539024100749477,,
reservoir,47,speed15,within_10s,702,-0.24557410391420126,-0.3102142082108052,-0.4383380749333906,-0.06464010429660394,0.1281238667225854,,
reservoir,47,speed15,ongoing,504,-0.24557410391420126,-0.30415978956790196,-0.4802267626551296,-0.0585856856537007,0.17606697308722763,-0.3449732545718257,0.04081346500392374
reservoir,47,speed15,new_0_3s,62,-0.24557410391420126,-0.17495700332426256,-0.1421975255456386,0.0706171005899387,-0.03275947777862395,0.01466740794165887,-0.18962441126592144
reservoir,47,speed15,new_3_5s,46,-0.24557410391420126,-0.0754261557822642,-0.2380698112644365,0.17014794813193707,0.1626436554821723,-0.09250790888100155,0.017081753098737343
reservoir,47,speed15,new_5_10s,90,-0.24557410391420126,-0.5572989205519359,-0.5101286924784574,-0.3117248166377346,-0.04717022807347848,-0.4506429927071321,-0.10665592784480377
reservoir,47,speed15,no_entry_10s,1298,-0.24557410391420126,-0.21061466384007493,-0.14132117043541012,0.034959440074126324,-0.06929349340466481,,
reservoir,59,speed15,within_3s,566,-0.3616160516887903,-0.5726042016814117,-0.5427928509681673,-0.2109881499926214,-0.029811350713244367,,
reservoir,59,speed15,within_5s,612,-0.3616160516887903,-0.5850051403581317,-0.5352614145394705,-0.22338908866934137,-0.049743725818661155,,
reservoir,59,speed15,within_10s,702,-0.3616160516887903,-0.6415524209114561,-0.5638829158376708,-0.27993636922266585,-0.07766950507378534,,
reservoir,59,speed15,ongoing,504,-0.3616160516887903,-0.597896344220591,-0.5672471829428472,-0.23628029253180072,-0.030649161277743864,-0.6293033315876015,0.03140698736701053
reservoir,59,speed15,new_0_3s,62,-0.3616160516887903,-0.3670035591048579,-0.34400279749657664,-0.005387507416067583,-0.02300076160828124,-0.4240686159991634,0.05706505689430552
reservoir,59,speed15,new_3_5s,46,-0.3616160516887903,-0.7375906032064686,-0.4425920010907226,-0.37597455151767833,-0.294998602115746,-0.506558397454701,-0.23103220575176764
reservoir,59,speed15,new_5_10s,90,-0.3616160516887903,-1.026073928674062,-0.758509124665432,-0.6644578769852718,-0.26756480400863014,-0.9289664431647403,-0.0971074855093218
reservoir,59,speed15,no_entry_10s,1298,-0.3616160516887903,-0.2102174914466398,-0.2522236490443265,0.1513985602421505,0.042006157597686694,,
reservoir,71,speed15,within_3s,566,0.5956544291079044,0.3958116621832123,0.4185325967129684,-0.19984276692469216,-0.0227209345297561,,
reservoir,71,speed15,within_5s,612,0.5956544291079044,0.2950617806876407,0.4235142219966664,-0.30059264842026373,-0.12845244130902567,,
reservoir,71,speed15,within_10s,702,0.5956544291079044,0.36497315463007685,0.43738951080390936,-0.2306812744778276,-0.07241635617383252,,
reservoir,71,speed15,ongoing,504,0.5956544291079044,0.4220211636570711,0.4066748991878061,-0.17363326545083335,0.015346264469265014,0.2696269596355641,0.152394204021507
reservoir,71,speed15,new_0_3s,62,0.5956544291079044,0.1827537792344247,0.5149242024013857,-0.41290064987347974,-0.332170423166961,0.6448655330195653,-0.4621117537851406
reservoir,71,speed15,new_3_5s,46,0.5956544291079044,-0.9445998046709143,0.48480987222651434,-1.5402542337788188,-1.4294096768974287,0.4569593812749856,-1.4015591859458998
reservoir,71,speed15,new_5_10s,90,0.5956544291079044,0.8403704974386427,0.5317414746931622,0.24471606833073822,0.30862902274548043,0.6590819145347474,0.18128858290389527
reservoir,71,speed15,no_entry_10s,1298,0.5956544291079044,0.7204142555204122,0.6812491692075997,0.12475982641250771,0.03916508631281246,,
reservoir,89,speed15,within_3s,566,0.49423115810751916,0.8561575017843145,0.36153375453365744,0.3619263436767953,0.49462374725065705,,
reservoir,89,speed15,within_5s,612,0.49423115810751916,0.8789607882499695,0.3704909078952121,0.3847296301424503,0.5084698803547574,,
reservoir,89,speed15,within_10s,702,0.49423115810751916,0.8895639186231499,0.36839162078987064,0.3953327605156307,0.5211722978332792,,
reservoir,89,speed15,ongoing,504,0.49423115810751916,0.8348082447099308,0.342312951414577,0.3405770866024116,0.49249529329535374,0.8644228332213652,-0.029614588511434392
reservoir,89,speed15,new_0_3s,62,0.49423115810751916,1.0297063012276926,0.517780283114568,0.5354751431201734,0.5119260181131245,0.8953498980957563,0.1343564031319363
reservoir,89,speed15,new_3_5s,46,0.49423115810751916,1.159540356501289,0.4807028383873854,0.6653091983937698,0.6788375181139035,0.93980103192157,0.2197393245797189
reservoir,89,speed15,new_5_10s,90,0.49423115810751916,0.9616652051607768,0.35411646847354816,0.46743404705325764,0.6075487366872286,1.0006913531061559,-0.039026147945379064
reservoir,89,speed15,no_entry_10s,1298,0.49423115810751916,0.28042253107980514,0.5622892129588203,-0.21380862702771403,-0.28186668187901515,,
reservoir,107,speed15,within_3s,566,-0.06604674559831619,-0.21389618405394334,-0.19989228872612955,-0.14784943845562715,-0.014003895327813792,,
reservoir,107,speed15,within_5s,612,-0.06604674559831619,-0.25360164421251397,-0.21306979693226266,-0.18755489861419777,-0.040531847280251304,,
reservoir,107,speed15,within_10s,702,-0.06604674559831619,-0.22428897180278756,-0.21705745036633084,-0.15824222620447137,-0.007231521436456723,,
reservoir,107,speed15,ongoing,504,-0.06604674559831619,-0.15068248748069718,-0.20410690124471687,-0.08463574188238099,0.053424413764019685,-0.23812786693805843,0.08744537945736125
reservoir,107,speed15,new_0_3s,62,-0.06604674559831619,-0.7277623626493639,-0.16563156760729092,-0.6617156170510476,-0.562130795042073,-0.10002691512406013,-0.6277354475253037
reservoir,107,speed15,new_3_5s,46,-0.06604674559831619,-0.7421514365984045,-0.3752104413816405,-0.6761046910000883,-0.36694099521676404,-0.26599770891368707,-0.4761537276847175
reservoir,107,speed15,new_5_10s,90,-0.06604674559831619,-0.024962799416648015,-0.24417349371799418,0.04108394618166818,0.21921069430134615,-0.21107611023393433,0.18611331081728633
reservoir,107,speed15,no_entry_10s,1298,-0.06604674559831619,0.019535721886690664,0.015624683328606996,0.08558246748500686,0.003911038558083668,,
gss_adapted,7,speed15,within_3s,566,-0.027103331692516802,-0.2636377374401362,-0.05102315042839007,-0.2365344057476194,-0.21261458701174613,,
gss_adapted,7,speed15,within_5s,612,-0.027103331692516802,-0.25574877575721616,-0.0407424498326125,-0.22864544406469936,-0.21500632592460367,,
gss_adapted,7,speed15,within_10s,702,-0.027103331692516802,-0.1449654692428404,-0.03255044728354593,-0.1178621375503236,-0.11241502195929447,,
gss_adapted,7,speed15,ongoing,504,-0.027103331692516802,-0.3443038088698236,-0.06621096183206093,-0.3172004771773068,-0.27809284703776266,-0.20255826446460645,-0.14174554440521714
gss_adapted,7,speed15,new_0_3s,62,-0.027103331692516802,0.39209935934312884,0.07243905840145039,0.41920269103564567,0.31966030094167847,-0.02605541122823175,0.4181547705713606
gss_adapted,7,speed15,new_3_5s,46,-0.027103331692516802,-0.15868024722389554,0.08575486619369425,-0.13157691553137874,-0.24443511341758978,0.09379783958954356,-0.2524780868134391
gss_adapted,7,speed15,new_5_10s,90,-0.027103331692516802,0.6083610150549147,0.02315517005010659,0.6354643467474315,0.5852058450048081,-0.02639621381423305,0.6347572288691478
gss_adapted,7,speed15,no_entry_10s,1298,-0.027103331692516802,0.0366402896944841,-0.024157357004610445,0.0637436213870009,0.06079764669909454,,
gss_adapted,11,speed15,within_3s,566,-0.2149073474854231,-0.11798274243257072,-0.2870798811356476,0.09692460505285237,0.16909713870307685,,
gss_adapted,11,speed15,within_5s,612,-0.2149073474854231,-0.11044147299006095,-0.2876084167816355,0.10446587449536214,0.17716694379157455,,
gss_adapted,11,speed15,within_10s,702,-0.2149073474854231,-0.14072728539124513,-0.28754857332391376,0.07418006209417796,0.14682128793266863,,
gss_adapted,11,speed15,ongoing,504,-0.2149073474854231,-0.11454410472559551,-0.29319412161609615,0.10036324275982758,0.17865001689050064,-0.14920250108697114,0.03465839636137563
gss_adapted,11,speed15,new_0_3s,62,-0.2149073474854231,-0.14593553927636915,-0.23737702303651712,0.06897180820905394,0.09144148376014796,-0.0006259691516632415,-0.1453095701247059
gss_adapted,11,speed15,new_3_5s,46,-0.2149073474854231,-0.0176510707191799,-0.2941117032083575,0.1972562767662432,0.2764606324891776,-0.12495227640889711,0.10730120568971721
gss_adapted,11,speed15,new_5_10s,90,-0.2149073474854231,-0.34667080971929765,-0.2871416378114058,-0.13176346223387456,-0.059529171907891865,-0.19784309994009155,-0.1488277097792061
gss_adapted,11,speed15,no_entry_10s,1298,-0.2149073474854231,-0.2550263024855101,-0.17562064445104678,-0.040118955000087025,-0.07940565803446334,,
gss_adapted,23,speed15,within_3s,566,-0.031104460403323174,-0.2654949297121473,-0.1017748726385697,-0.2343904693088241,-0.16372005707357756,,
gss_adapted,23,speed15,within_5s,612,-0.031104460403323174,-0.2643609215426289,-0.106429011918677,-0.23325646113930573,-0.15793190962395193,,
gss_adapted,23,speed15,within_10s,702,-0.031104460403323174,-0.26916890224160633,-0.10512042618415021,-0.23806444183828315,-0.16404847605745612,,
gss_adapted,23,speed15,ongoing,504,-0.031104460403323174,-0.26961135272941894,-0.10750246476670891,-0.23850689232609576,-0.16210888796271003,-0.29372299007286035,0.024111637343441406
gss_adapted,23,speed15,new_0_3s,62,-0.031104460403323174,-0.23203239421690663,-0.05521509146789008,-0.20092793381358345,-0.17681730274901655,-0.13735042152242188,-0.09468197269448475
gss_adapted,23,speed15,new_3_5s,46,-0.031104460403323174,-0.2504076905872511,-0.1636951604521707,-0.21930323018392792,-0.0867125301350804,-0.19791249563995233,-0.05249519494729876
gss_adapted,23,speed15,new_5_10s,90,-0.031104460403323174,-0.30186317099465265,-0.09622204318936818,-0.2707587105913295,-0.20564112780528448,-0.25889423825620056,-0.04296893273845209
gss_adapted,23,speed15,no_entry_10s,1298,-0.031104460403323174,0.09764841954311347,0.008925746051330577,0.12875287994643664,0.0887226734917829,,
gss_adapted,47,speed15,within_3s,566,-0.4662157116159797,-0.8062650889368866,-0.5504330380705166,-0.34004937732090695,-0.25583205086637006,,
gss_adapted,47,speed15,within_5s,612,-0.4662157116159797,-0.7834593744741546,-0.5520417677103776,-0.3172436628581749,-0.23141760676377698,,
gss_adapted,47,speed15,within_10s,702,-0.4662157116159797,-0.6826363531952231,-0.556426238424678,-0.2164206415792434,-0.1262101147705451,,
gss_adapted,47,speed15,ongoing,504,-0.4662157116159797,-0.911318761488748,-0.5721639571466233,-0.44510304987276833,-0.33915480434212475,-0.7377467680004796,-0.17357199348826846
gss_adapted,47,speed15,new_0_3s,62,-0.4662157116159797,0.047719604065341335,-0.37378169590345484,0.513935315681321,0.42150129996879615,-0.3432322761323968,0.39095188019773813
gss_adapted,47,speed15,new_3_5s,46,-0.4662157116159797,-0.502849931302278,-0.5718361367573657,-0.036634219686298264,0.06898620545508771,-0.6281450782555273,0.1252951469532494
gss_adapted,47,speed15,new_5_10s,90,-0.4662157116159797,0.002960191501511468,-0.5862406392819204,0.46917590311749113,0.5892008307834319,-0.6356808238982441,0.6386410153997556
gss_adapted,47,speed15,no_entry_10s,1298,-0.4662157116159797,-0.3491684925184228,-0.417426967533001,0.11704721909755689,0.06825847501457821,,
gss_adapted,59,speed15,within_3s,566,-0.1859538216367364,-0.5119046248732523,-0.28827111143003054,-0.3259508032365159,-0.22363351344322174,,
gss_adapted,59,speed15,within_5s,612,-0.1859538216367364,-0.4891327559168822,-0.2885881365657448,-0.3031789342801458,-0.20054461935113743,,
gss_adapted,59,speed15,within_10s,702,-0.1859538216367364,-0.47976122775308766,-0.2807367882115674,-0.29380740611635126,-0.19902443954152027,,
gss_adapted,59,speed15,ongoing,504,-0.1859538216367364,-0.592296116645374,-0.290146529566573,-0.40634229500863756,-0.30214958707880096,-0.505308687037696,-0.08698742960767791
gss_adapted,59,speed15,new_0_3s,62,-0.1859538216367364,0.14160040501625307,-0.27302577690071766,0.3275542266529895,0.41462618191697076,-0.4678353911553149,0.609435796171568
gss_adapted,59,speed15,new_3_5s,46,-0.1859538216367364,-0.20893975962763248,-0.29248892410518473,-0.02298593799089607,0.08354916447755226,-0.45552467847120753,0.24658491884357506
gss_adapted,59,speed15,new_5_10s,90,-0.1859538216367364,-0.41603483623928494,-0.22734761940316142,-0.23008101460254854,-0.18868721683612352,-0.3572986017151517,-0.058736234524133235
gss_adapted,59,speed15,no_entry_10s,1298,-0.1859538216367364,-0.027053360085366136,-0.13469215558470918,0.15890046155137028,0.10763879549934305,,
gss_adapted,71,speed15,within_3s,566,0.8847416393011809,0.7618690126776274,0.8378578779365774,-0.12287262662355347,-0.07598886525894999,,
gss_adapted,71,speed15,within_5s,612,0.8847416393011809,0.7733165148426505,0.8553981374142958,-0.11142512445853037,-0.08208162257164531,,
gss_adapted,71,speed15,within_10s,702,0.8847416393011809,0.9375933900348141,0.8752061052071529,0.05285175073363324,0.062387284827661205,,
gss_adapted,71,speed15,ongoing,504,0.8847416393011809,0.6334213415781657,0.8154859977762208,-0.25132029772301523,-0.18206465619805512,0.8130637196531554,-0.17964237807498973
gss_adapted,71,speed15,new_0_3s,62,0.8847416393011809,1.806024274518413,1.0197196134336715,0.9212826352172321,0.7863046610847415,1.3382114964450396,0.4678127780733734
gss_adapted,71,speed15,new_3_5s,46,0.8847416393011809,0.9141705632209778,1.0712195909879623,0.0294289239197969,-0.15704902776698448,1.295200381742132,-0.38102981852115425
gss_adapted,71,speed15,new_5_10s,90,0.8847416393011809,2.054676141341527,1.0099002861985804,1.1699345020403462,1.0447758551429467,1.1762012751057642,0.8784748662357629
gss_adapted,71,speed15,no_entry_10s,1298,0.8847416393011809,0.8561577186424669,0.8898987617464872,-0.028583920658713957,-0.03374104310402026,,
gss_adapted,89,speed15,within_3s,566,-0.2875877467021346,-0.5305667204960075,-0.3696721885324113,-0.2429789737938729,-0.1608945319635962,,
gss_adapted,89,speed15,within_5s,612,-0.2875877467021346,-0.5128874961116345,-0.3689294338477491,-0.22529974940949993,-0.1439580622638854,,
gss_adapted,89,speed15,within_10s,702,-0.2875877467021346,-0.459473713829137,-0.37001116824300595,-0.17188596712700238,-0.08946254558613104,,
gss_adapted,89,speed15,ongoing,504,-0.2875877467021346,-0.5628510428858655,-0.3778159357989996,-0.2752632961837309,-0.18503510708686594,-0.4834826920599583,-0.07936835082590721
gss_adapted,89,speed15,new_0_3s,62,-0.2875877467021346,-0.2681264223590974,-0.3034714043007892,0.019461324343037212,0.03534498194169183,-0.2935938395143055,0.025467417155208116
gss_adapted,89,speed15,new_3_5s,46,-0.2875877467021346,-0.2953561699908713,-0.35979032185821125,-0.00776842328873667,0.06443415186733997,-0.4628631840633106,0.16750701407243934
gss_adapted,89,speed15,new_5_10s,90,-0.2875877467021346,-0.09625999430815378,-0.3773669621307518,0.1913277523939808,0.28110696782259803,-0.437563842144843,0.3413038478366892
gss_adapted,89,speed15,no_entry_10s,1298,-0.2875877467021346,-0.19462630685378665,-0.24301051871932122,0.09296143984834795,0.04838421186553457,,
gss_adapted,107,speed15,within_3s,566,0.0978128436356783,-0.09263950270393291,0.04112895651414127,-0.19045234633961122,-0.13376845921807418,,
gss_adapted,107,speed15,within_5s,612,0.0978128436356783,-0.06328661730086882,0.03453306217336594,-0.16109946093654712,-0.09781967947423476,,
gss_adapted,107,speed15,within_10s,702,0.0978128436356783,0.025674523621203215,0.04258997508379855,-0.07213832001447508,-0.01691545146259533,,
gss_adapted,107,speed15,ongoing,504,0.0978128436356783,-0.15388834559255177,0.032550197244856874,-0.25170118922823004,-0.18643854283740863,0.00672112135755442,-0.1606094669501062
gss_adapted,107,speed15,new_0_3s,62,0.0978128436356783,0.4052543169067752,0.11086596734832453,0.30744147327109694,0.29438834955845067,0.08536597967566652,0.3198883372311087
gss_adapted,107,speed15,new_3_5s,46,0.0978128436356783,0.29788149439770245,-0.04662511601965256,0.20006865076202415,0.34450661041735503,-0.14133184706885502,0.43921334146655744
gss_adapted,107,speed15,new_5_10s,90,0.0978128436356783,0.630610281891293,0.09737698287473984,0.5327974382556147,0.5332332990165531,0.17605160714614704,0.45455867474514594
gss_adapted,107,speed15,no_entry_10s,1298,0.0978128436356783,0.13682755908264402,0.1276791408031818,0.03901471544696572,0.009148418279462223,,
cgsm_dual,7,speed15,within_3s,566,-0.29670133208483457,-0.41419863032157345,-0.35019489215483374,-0.11749729823673888,-0.06400373816673971,,
cgsm_dual,7,speed15,within_5s,612,-0.29670133208483457,-0.4093398079763051,-0.34595619997826277,-0.11263847589147052,-0.06338360799804232,,
cgsm_dual,7,speed15,within_10s,702,-0.29670133208483457,-0.33954945945332193,-0.3498264753387308,-0.042848127368487365,0.010277015885408858,,
cgsm_dual,7,speed15,ongoing,504,-0.29670133208483457,-0.44637604530841585,-0.3672584953968428,-0.14967471322358128,-0.07911754991157305,-0.36171163831804265,-0.0846644069903732
cgsm_dual,7,speed15,new_0_3s,62,-0.29670133208483457,-0.152627385912403,-0.21148431096172782,0.14407394617243158,0.058856925049324826,-0.14736569955214954,-0.005261686360253454
cgsm_dual,7,speed15,new_3_5s,46,-0.29670133208483457,-0.34955516781495966,-0.29380185711001955,-0.05285383573012509,-0.05575331070494011,-0.3012888515712122,-0.04826631624374744
cgsm_dual,7,speed15,new_5_10s,90,-0.29670133208483457,0.13502491050296359,-0.3761443477899135,0.4317262425877981,0.5111692582928771,-0.36738993643810636,0.50241484694107
cgsm_dual,7,speed15,no_entry_10s,1298,-0.29670133208483457,-0.2735276915511842,-0.2679695519891219,0.02317364053365034,-0.005558139562062303,,
cgsm_dual,11,speed15,within_3s,566,-0.04594222415238619,-0.2075567179139006,-0.08491462871525512,-0.1616144937615144,-0.12264208919864547,,
cgsm_dual,11,speed15,within_5s,612,-0.04594222415238619,-0.1736469353530921,-0.08478133147689483,-0.12770471120070592,-0.08886560387619728,,
cgsm_dual,11,speed15,within_10s,702,-0.04594222415238619,-0.1238203943412528,-0.08266394471032072,-0.07787817018886661,-0.04115644963093208,,
cgsm_dual,11,speed15,ongoing,504,-0.04594222415238619,-0.2590333015199692,-0.08363424227696137,-0.21309107736758298,-0.1753990592430078,-0.13564536313617906,-0.12338793838379011
cgsm_dual,11,speed15,new_0_3s,62,-0.04594222415238619,0.21089809075478586,-0.09532293137493328,0.2568403149071721,0.30622102212971913,-0.12025802179299773,0.3311561125477836
cgsm_dual,11,speed15,new_3_5s,46,-0.04594222415238619,0.2435908239820729,-0.08314119589185306,0.2895330481344591,0.32673201987392597,-0.1530850990158073,0.39667592299788024
cgsm_dual,11,speed15,new_5_10s,90,-0.04594222415238619,0.2150000845392545,-0.06826571469761676,0.2609423086916407,0.2832657992368713,-0.04509713223369141,0.26009721677294595
cgsm_dual,11,speed15,no_entry_10s,1298,-0.04594222415238619,-0.003823213772891299,-0.026081940768973237,0.04211901037949489,0.02225872699608194,,
cgsm_dual,23,speed15,within_3s,566,0.1395519702322781,-0.22376113219101101,0.018824069638557588,-0.3633131024232891,-0.2425852018295686,,
cgsm_dual,23,speed15,within_5s,612,0.1395519702322781,-0.2166762976767191,0.009270341878366842,-0.3562282679089972,-0.22594663955508593,,
cgsm_dual,23,speed15,within_10s,702,0.1395519702322781,-0.20501251484763588,0.0036763002357592485,-0.344564485079914,-0.20868881508339512,,
cgsm_dual,23,speed15,ongoing,504,0.1395519702322781,-0.260838447582154,0.01583654122490602,-0.40039041781443213,-0.27667498880706004,-0.2144468081016418,-0.046391639480512226
cgsm_dual,23,speed15,new_0_3s,62,0.1395519702322781,0.07764156066602276,0.0431097844850152,-0.06191040956625535,0.03453177618100756,-0.12809746493361426,0.20573902559963703
cgsm_dual,23,speed15,new_3_5s,46,0.1395519702322781,-0.12950202952260556,-0.10828204751876283,-0.26905399975488364,-0.02121998200384273,-0.29707598565766313,0.16757395613505757
cgsm_dual,23,speed15,new_5_10s,90,0.1395519702322781,-0.12569879160987008,-0.03436318293397228,-0.2652507618421482,-0.0913356086758978,-0.1581117330408482,0.032412941430978115
cgsm_dual,23,speed15,no_entry_10s,1298,0.1395519702322781,0.3259034868163302,0.2130378872874062,0.18635151658405208,0.112865599528924,,
cgsm_dual,47,speed15,within_3s,566,-0.2778612527772784,-0.40491826963930166,-0.3234157512733924,-0.12705701686202325,-0.08150251836590927,,
cgsm_dual,47,speed15,within_5s,612,-0.2778612527772784,-0.4070262718044855,-0.32071869779052053,-0.12916501902720706,-0.08630757401396494,,
cgsm_dual,47,speed15,within_10s,702,-0.2778612527772784,-0.34164777364146676,-0.31974425143405805,-0.06378652086418835,-0.02190352220740871,,
cgsm_dual,47,speed15,ongoing,504,-0.2778612527772784,-0.4236467895763261,-0.3211562617251347,-0.1457855367990477,-0.10249052785119145,-0.3535368199763699,-0.07010996959995625
cgsm_dual,47,speed15,new_0_3s,62,-0.2778612527772784,-0.2526735269254254,-0.3417832146979372,0.025187725851853027,0.08910968777251183,-0.3694015590949949,0.1167280321695695
cgsm_dual,47,speed15,new_3_5s,46,-0.2778612527772784,-0.43296386366305145,-0.28753321363170536,-0.15510261088577304,-0.1454306500313461,-0.31842167566860596,-0.11454218799444549
cgsm_dual,47,speed15,new_5_10s,90,-0.2778612527772784,0.10292601386706034,-0.3131180162101142,0.38078726664433876,0.41604403007717455,-0.26782095648415183,0.3707469703512122
cgsm_dual,47,speed15,no_entry_10s,1298,-0.2778612527772784,-0.24336345798015963,-0.25520958478262556,0.034497794797118786,0.01184612680246594,,
cgsm_dual,59,speed15,within_3s,566,-0.19089645694941282,-0.4911826751836618,-0.28710271016056654,-0.300286218234249,-0.20407996502309528,,
cgsm_dual,59,speed15,within_5s,612,-0.19089645694941282,-0.4616280793900194,-0.2904882642835751,-0.27073162244060656,-0.17113981510644427,,
cgsm_dual,59,speed15,within_10s,702,-0.19089645694941282,-0.4290905063945344,-0.28528388530961163,-0.23819404944512157,-0.14380662108492276,,
cgsm_dual,59,speed15,ongoing,504,-0.19089645694941282,-0.5066016986966133,-0.2913264155756914,-0.3157052417472005,-0.21527528312092192,-0.42992215641925663,-0.07667954227735668
cgsm_dual,59,speed15,new_0_3s,62,-0.19089645694941282,-0.36584093565902404,-0.2527680725924551,-0.17494447870961122,-0.11307286306656894,-0.3752469079423896,0.009405972283365538
cgsm_dual,59,speed15,new_3_5s,46,-0.19089645694941282,-0.09797805288563603,-0.33214529979711316,0.09291840406377679,0.2341672469114771,-0.44073608011039517,0.3427580272247591
cgsm_dual,59,speed15,new_5_10s,90,-0.19089645694941282,-0.20783501002523636,-0.24989410828666084,-0.016938553075823537,0.04205909826142448,-0.45557334084612583,0.24773833082088947
cgsm_dual,59,speed15,no_entry_10s,1298,-0.19089645694941282,-0.06207348105536403,-0.1398487106405842,0.12882297589404879,0.07777522958522018,,
cgsm_dual,71,speed15,within_3s,566,0.38661739899218084,0.33190322322474775,0.3758751244019136,-0.05471417576743309,-0.04397190117716587,,
cgsm_dual,71,speed15,within_5s,612,0.38661739899218084,0.3503190620857127,0.3847043130650819,-0.036298336906468165,-0.03438525097936923,,
cgsm_dual,71,speed15,within_10s,702,0.38661739899218084,0.45911426804004574,0.40164877122310716,0.0724968690478649,0.05746549681693858,,
cgsm_dual,71,speed15,ongoing,504,0.38661739899218084,0.2598666593668953,0.3667358760113898,-0.12675073962528555,-0.1068692166444945,0.42332836458919,-0.1634617052222947
cgsm_dual,71,speed15,new_0_3s,62,0.38661739899218084,0.9174907745853547,0.45016836938294585,0.5308733755931738,0.4673224052024088,0.5166360575527374,0.4008547170326172
cgsm_dual,71,speed15,new_3_5s,46,0.38661739899218084,0.5769139489401942,0.49334172139885035,0.19029654994801337,0.08357222754134386,0.5842220596092487,-0.007308110669054457
cgsm_dual,71,speed15,new_5_10s,90,0.38661739899218084,1.1989216685295105,0.5168710866976804,0.8123042695373297,0.6820505818318301,0.5559452233429456,0.6429764451865649
cgsm_dual,71,speed15,no_entry_10s,1298,0.38661739899218084,0.34740876873671,0.3784879511446382,-0.03920863025547083,-0.031079182407928174,,
cgsm_dual,89,speed15,within_3s,566,0.07521120022982358,-0.08277076101029299,0.010337467225277147,-0.15798196124011657,-0.09310822823557013,,
cgsm_dual,89,speed15,within_5s,612,0.07521120022982358,-0.0692019553891584,0.005209312366048049,-0.144413155618982,-0.07441126775520644,,
cgsm_dual,89,speed15,within_10s,702,0.07521120022982358,0.05213162305093559,-0.005054286624511258,-0.02307957717888799,0.05718590967544685,,
cgsm_dual,89,speed15,ongoing,504,0.07521120022982358,-0.15823993627868949,-0.0055729008710295016,-0.23345113650851307,-0.15266703540766,0.05722230041803964,-0.21546223669672912
cgsm_dual,89,speed15,new_0_3s,62,0.07521120022982358,0.5307205992360269,0.13967336271783487,0.4555093990062033,0.391047236518192,0.16301538462496593,0.367705214611061
cgsm_dual,89,speed15,new_3_5s,46,0.07521120022982358,0.09775334855784541,-0.05788928872794508,0.02254214832802183,0.1556426372857905,-0.028116053655677545,0.12586940221352297
cgsm_dual,89,speed15,new_5_10s,90,0.07521120022982358,0.8771999564435747,-0.0748467597603145,0.8019887562137511,0.9520467162038893,-0.011747282305798887,0.8889472387493736
cgsm_dual,89,speed15,no_entry_10s,1298,0.07521120022982358,0.08769337525261202,0.11862134797384749,0.012482175022788436,-0.030927972721235472,,
cgsm_dual,107,speed15,within_3s,566,-0.18484364940226078,-0.46679106965503087,-0.27032581038826914,-0.2819474202527701,-0.19646525926676173,,
cgsm_dual,107,speed15,within_5s,612,-0.18484364940226078,-0.4409687931046766,-0.2748823950519993,-0.25612514370241585,-0.16608639805267733,,
cgsm_dual,107,speed15,within_10s,702,-0.18484364940226078,-0.3514029619700549,-0.2595004993478298,-0.1665593125677941,-0.09190246262222507,,
cgsm_dual,107,speed15,ongoing,504,-0.18484364940226078,-0.5196641371363685,-0.2737355271776406,-0.3348204877341077,-0.2459286099587279,-0.38348328077540467,-0.13618085636096383
cgsm_dual,107,speed15,new_0_3s,62,-0.18484364940226078,-0.03698419851641501,-0.24260811261660473,0.14785945088584576,0.2056239141001897,-0.34557299176732875,0.30858879325091376
cgsm_dual,107,speed15,new_3_5s,46,-0.18484364940226078,-0.12324252076770949,-0.33094819765354944,0.06160112863455129,0.20770567688583996,-0.43441930348244084,0.31117678271473137
cgsm_dual,107,speed15,new_5_10s,90,-0.18484364940226078,0.2576446897453732,-0.15490360855947752,0.44248833914763397,0.41254829830485074,-0.13333880380453234,0.3909834935499055
cgsm_dual,107,speed15,no_entry_10s,1298,-0.18484364940226078,-0.0947630350551179,-0.14446683225142143,0.09008061434714287,0.04970379719630352,,
dualls_adapted,7,speed15,within_3s,566,0.09887406124919652,-0.025348557310685672,0.03668237388056129,-0.1242226185598822,-0.06203093119124696,,
dualls_adapted,7,speed15,within_5s,612,0.09887406124919652,-0.064747052766334,0.03280988699429107,-0.16362111401553053,-0.09755693976062507,,
dualls_adapted,7,speed15,within_10s,702,0.09887406124919652,0.007468025208028973,0.04210035700746962,-0.09140603604116755,-0.03463233179944065,,
dualls_adapted,7,speed15,ongoing,504,0.09887406124919652,-0.06643140732887245,0.0282955401398493,-0.165305468578069,-0.09472694746872176,-0.01842356616101332,-0.04800784116785914
dualls_adapted,7,speed15,new_0_3s,62,0.09887406124919652,0.30861525574038107,0.10485921590183295,0.20974119449118456,0.20375603983854812,0.07989961207653534,0.22871564366384572
dualls_adapted,7,speed15,new_3_5s,46,0.09887406124919652,-0.5495198446771373,-0.014838538606338271,-0.6483939059263338,-0.534681306070799,-0.1569855521740924,-0.39253429250304495
dualls_adapted,7,speed15,new_5_10s,90,0.09887406124919652,0.4985305554336972,0.10527555309708395,0.39965649418450067,0.39325500233661326,0.18661767213833447,0.3119128832953627
dualls_adapted,7,speed15,no_entry_10s,1298,0.09887406124919652,0.14830937504033645,0.1295791000609779,0.049435313791139926,0.018730274979358558,,
dualls_adapted,11,speed15,within_3s,566,-0.0438649984896183,-0.2775944264427933,-0.12944717020103233,-0.233729427953175,-0.14814725624176098,,
dualls_adapted,11,speed15,within_5s,612,-0.0438649984896183,-0.276855766140168,-0.13229179336515556,-0.23299076765054968,-0.14456397277501243,,
dualls_adapted,11,speed15,within_10s,702,-0.0438649984896183,-0.19758935565622443,-0.13178715926227016,-0.15372435716660612,-0.06580219639395427,,
dualls_adapted,11,speed15,ongoing,504,-0.0438649984896183,-0.2794725310116533,-0.1365843958113864,-0.235607532522035,-0.1428881352002669,-0.21192821338884707,-0.06754431762280624
dualls_adapted,11,speed15,new_0_3s,62,-0.0438649984896183,-0.26232725381851196,-0.07142843298137941,-0.21846225532889366,-0.19089882083713255,-0.16777841527330034,-0.09454883854521162
dualls_adapted,11,speed15,new_3_5s,46,-0.0438649984896183,-0.26776703285134357,-0.16729302621067202,-0.22390203436172526,-0.10047400664067155,-0.2802715319800326,0.012504499128689006
dualls_adapted,11,speed15,new_5_10s,90,-0.0438649984896183,0.34142223563459184,-0.12835564736264918,0.3852872341242101,0.469777882997241,-0.09556839894071675,0.4369906345753086
dualls_adapted,11,speed15,no_entry_10s,1298,-0.0438649984896183,0.03927406062514095,0.003686123900521589,0.08313905911475925,0.035587936724619365,,
dualls_adapted,23,speed15,within_3s,566,-0.03291334642469883,-0.1796559336539292,-0.13240551883100593,-0.1467425872292304,-0.047250414822923276,,
dualls_adapted,23,speed15,within_5s,612,-0.03291334642469883,-0.1656952849984948,-0.13550048019079852,-0.132781938573796,-0.03019480480769629,,
dualls_adapted,23,speed15,within_10s,702,-0.03291334642469883,-0.1505855599529723,-0.1306019773059984,-0.11767221352827346,-0.01998358264697389,,
dualls_adapted,23,speed15,ongoing,504,-0.03291334642469883,-0.19910897610206452,-0.12643963174777098,-0.16619562967736567,-0.07266934435429354,-0.14957076813965445,-0.04953820796241007
dualls_adapted,23,speed15,new_0_3s,62,-0.03291334642469883,-0.02152152407553888,-0.1809024073785931,0.011391822349159947,0.15938088330305422,-0.2193130272562518,0.19779150318071292
dualls_adapted,23,speed15,new_3_5s,46,-0.03291334642469883,0.006081391935763152,-0.17358196126998585,0.03899473836046198,0.179663353205749,-0.16709743197212704,0.1731788239078902
dualls_adapted,23,speed15,new_5_10s,90,-0.03291334642469883,-0.04783942964341906,-0.09729215768935767,-0.01492608321872023,0.049452728045938615,-0.10048340426661408,0.05264397462319502
dualls_adapted,23,speed15,no_entry_10s,1298,-0.03291334642469883,0.03072755796424413,0.01991979600879295,0.06364090438894296,0.010807761955451183,,
dualls_adapted,47,speed15,within_3s,566,-0.05806691084802151,-0.31698949361226586,-0.2049142072183951,-0.25892258276424435,-0.11207528639387077,,
dualls_adapted,47,speed15,within_5s,612,-0.05806691084802151,-0.2939777905547541,-0.20275041010385073,-0.23591087970673258,-0.09122738045090337,,
dualls_adapted,47,speed15,within_10s,702,-0.05806691084802151,-0.2514893748396822,-0.18743007039176443,-0.1934224639916607,-0.06405930444791777,,
dualls_adapted,47,speed15,ongoing,504,-0.05806691084802151,-0.3403923888173368,-0.2101033546446964,-0.2823254779693153,-0.1302890341726404,-0.2830166541163904,-0.057375734700946424
dualls_adapted,47,speed15,new_0_3s,62,-0.05806691084802151,-0.1267466035581404,-0.16273146039813932,-0.0686796927101189,0.03598485683999891,-0.2885368994638235,0.16179029590568308
dualls_adapted,47,speed15,new_3_5s,46,-0.05806691084802151,-0.01083379206450089,-0.17612629778141353,0.047233118783520614,0.16529250571691265,-0.26906260893219025,0.25822881686768934
dualls_adapted,47,speed15,new_5_10s,90,-0.05806691084802151,0.03743185202280681,-0.08325176034957762,0.09549876287082831,0.12068361237238442,-0.04043310761287014,0.07786495963567694
dualls_adapted,47,speed15,no_entry_10s,1298,-0.05806691084802151,0.04654215673452533,0.011896831832800952,0.10460906758254684,0.03464532490172438,,
dualls_adapted,59,speed15,within_3s,566,-0.026097309857606887,-0.22849942964926204,-0.08505326639827922,-0.20240211979165515,-0.1434461632509828,,
dualls_adapted,59,speed15,within_5s,612,-0.026097309857606887,-0.1704128496105375,-0.080012533254072,-0.1443155397529306,-0.09040031635646549,,
dualls_adapted,59,speed15,within_10s,702,-0.026097309857606887,-0.1457441717046618,-0.07102117481552603,-0.11964686184705492,-0.07472299688913578,,
dualls_adapted,59,speed15,ongoing,504,-0.026097309857606887,-0.26303521017470055,-0.09044761630128831,-0.23693790031709366,-0.17258759387341224,-0.18871101716137034,-0.07432419301333021
dualls_adapted,59,speed15,new_0_3s,62,-0.026097309857606887,0.052243044299464074,-0.04120242202543123,0.07834035415707097,0.09344546632489531,-0.05340255825427382,0.1056456025537379
dualls_adapted,59,speed15,new_3_5s,46,-0.026097309857606887,0.544304635213769,-0.017989599349261445,0.570401945071376,0.5622942345630305,-0.08604638473199526,0.6303510199457643
dualls_adapted,59,speed15,new_5_10s,90,-0.026097309857606887,0.022002838055292764,-0.009879937433413423,0.048100147912899655,0.03188277548870619,0.0007448491343866505,0.021257988920906114
dualls_adapted,59,speed15,no_entry_10s,1298,-0.026097309857606887,0.03861154762824254,-0.0018010439096413833,0.06470885748584942,0.04041259153788392,,
dualls_adapted,71,speed15,within_3s,566,0.007093824937939644,-0.3612067668366348,-0.13371967152627037,-0.3683005917745744,-0.2274870953103644,,
dualls_adapted,71,speed15,within_5s,612,0.007093824937939644,-0.3100796114482911,-0.11998783691080865,-0.31717343638623074,-0.19009177453748244,,
dualls_adapted,71,speed15,within_10s,702,0.007093824937939644,-0.2028127381859342,-0.10764201556811709,-0.20990656312387385,-0.09517072261781712,,
dualls_adapted,71,speed15,ongoing,504,0.007093824937939644,-0.4708900263030378,-0.15995887894636243,-0.4779838512409774,-0.3109311473566754,-0.30950351043792784,-0.16138651586510994
dualls_adapted,71,speed15,new_0_3s,62,0.007093824937939644,0.5304119875354152,0.0795796920177039,0.5233181625974755,0.4508322955177113,0.1889921311072667,0.3414198564281485
dualls_adapted,71,speed15,new_3_5s,46,0.007093824937939644,0.31900669180828595,0.048973432488132865,0.3119128668703463,0.2700332593201531,0.06490180544612946,0.2541048863621565
dualls_adapted,71,speed15,new_5_10s,90,0.007093824937939644,0.5266019999980927,-0.02369043043781401,0.519508175060153,0.5502924304359067,-0.012086312499807237,0.5386883124978998
dualls_adapted,71,speed15,no_entry_10s,1298,0.007093824937939644,0.1206180216351349,0.06914664468774845,0.11352419669719525,0.051471376947386446,,
dualls_adapted,89,speed15,within_3s,566,0.028438866086304186,0.06715279038297835,-0.039105457701566294,0.03871392429667416,0.10625824808454465,,
dualls_adapted,89,speed15,within_5s,612,0.028438866086304186,0.06309183204875272,-0.04327166445113767,0.03465296596244854,0.1063634964998904,,
dualls_adapted,89,speed15,within_10s,702,0.028438866086304186,0.049726247745022135,-0.049190757958253756,0.02128738165871795,0.09891700570327588,,
dualls_adapted,89,speed15,ongoing,504,0.028438866086304186,0.04682522799287524,-0.04700668509135258,0.01838636190657105,0.09383191308422781,0.050419319640904445,-0.0035940916480292073
dualls_adapted,89,speed15,new_0_3s,62,0.028438866086304186,0.23239620077994563,0.02512387462830929,0.20395733469364144,0.20727232615163635,0.06824442170427387,0.16415177907567174
dualls_adapted,89,speed15,new_3_5s,46,0.028438866086304186,0.013124388197193975,-0.09453412141325494,-0.01531447788911021,0.10765850961044891,0.030321726089878015,-0.017197337892684038
dualls_adapted,89,speed15,new_5_10s,90,0.028438866086304186,-0.0411597255203459,-0.0894405938066431,-0.06959859160665008,0.0482808682862972,0.04300594746878154,-0.08416567298912744
dualls_adapted,89,speed15,no_entry_10s,1298,0.028438866086304186,0.016925967839447487,0.07042345474522538,-0.011512898246856699,-0.053497486905777894,,
dualls_adapted,107,speed15,within_3s,566,-0.11404636270925403,-0.5542154593307643,-0.29317856736092474,-0.44016909662151027,-0.2610368919698396,,
dualls_adapted,107,speed15,within_5s,612,-0.11404636270925403,-0.5696228005332884,-0.2938810426197433,-0.45557643782403434,-0.2757417579135451,,
dualls_adapted,107,speed15,within_10s,702,-0.11404636270925403,-0.4328038713488823,-0.2771496875364687,-0.31875750863962826,-0.15565418381241364,,
dualls_adapted,107,speed15,ongoing,504,-0.11404636270925403,-0.6376865076876822,-0.30677415029059074,-0.5236401449784281,-0.33091235739709146,-0.4924246052571893,-0.14526190243049292
dualls_adapted,107,speed15,new_0_3s,62,-0.11404636270925403,0.12432338537708405,-0.18265963515847797,0.2383697480863381,0.30698302053556203,-0.31309037413377905,0.4374137595108631
dualls_adapted,107,speed15,new_3_5s,46,-0.11404636270925403,-0.7592000857643459,-0.3025245425434678,-0.6451537230550919,-0.45667554322087817,-0.3350299796334767,-0.42417010613086925
dualls_adapted,107,speed15,new_5_10s,90,-0.11404636270925403,0.4975648471050792,-0.16337647297020083,0.6116112098143333,0.6609413200752801,-0.231370381976197,0.7289352290812762
dualls_adapted,107,speed15,no_entry_10s,1298,-0.11404636270925403,0.05834791392019056,-0.025834857294227354,0.1723942766294446,0.08418277121441792,,
finetune,7,alt180,within_3s,656,-0.07587662908434868,0.4879129637123608,-0.06583866663842652,0.5637895927967095,0.5537516303507873,,
finetune,7,alt180,within_5s,700,-0.07587662908434868,0.4612263719524656,-0.06758231093133689,0.5371030010368143,0.5288086828838025,,
finetune,7,alt180,within_10s,802,-0.07587662908434868,0.3698904320337529,-0.055935245774731406,0.44576706111810155,0.4258256778084843,,
finetune,7,alt180,ongoing,566,-0.07587662908434868,0.5985842140740304,-0.06612062529348482,0.6744608431583791,0.6647048393675152,0.3889697353189019,0.2096144787551285
finetune,7,alt180,new_0_3s,90,-0.07587662908434868,-0.20808623300658333,-0.06406545998550425,-0.13220960392223463,-0.14402077302107907,0.22575335753511522,-0.4338395905416985
finetune,7,alt180,new_3_5s,44,-0.07587662908434868,0.06335354935039174,-0.09357846220745492,0.13923017843474042,0.15693201155784664,0.302653126665618,-0.23929957731522628
finetune,7,alt180,new_5_10s,102,-0.07587662908434868,-0.2569248419181973,0.023995593535306246,-0.18104821283384864,-0.28092043545350354,0.420203103422782,-0.6771279453409793
finetune,7,alt180,no_entry_10s,1198,-0.07587662908434868,-0.37429497884788576,-0.08922636983085376,-0.2984183497635371,-0.285068609017032,,
finetune,11,alt180,within_3s,656,0.8819394177645445,1.3959432033503927,0.9117732766259662,0.5140037855858481,0.4841699267244265,,
finetune,11,alt180,within_5s,700,0.8819394177645445,1.3826115952219282,0.9235203516081963,0.5006721774573837,0.4590912436137319,,
finetune,11,alt180,within_10s,802,0.8819394177645445,1.392449714373472,0.9452857176479287,0.5105102966089274,0.4471639967255433,,
finetune,11,alt180,ongoing,566,0.8819394177645445,1.436021928020585,0.8755881699050746,0.5540825102560405,0.5604337581155104,1.3205395886384308,0.11548233938215424
finetune,11,alt180,new_0_3s,90,0.8819394177645445,1.143892557091183,1.1393373922262402,0.26195313932663855,0.0045551648649428955,1.5601795594650636,-0.4162870023738805
finetune,11,alt180,new_3_5s,44,0.8819394177645445,1.1838494376702742,1.0986585604341723,0.30191001990572963,0.08519087723610186,1.5853686958892161,-0.40151925821894197
finetune,11,alt180,new_5_10s,102,0.8819394177645445,1.4599662183546553,1.0946558767441283,0.5780268005901108,0.365310341610527,1.560263537129331,-0.10029731877467563
finetune,11,alt180,no_entry_10s,1198,0.8819394177645445,0.5401787684487181,0.8395322954719954,-0.3417606493158264,-0.2993535270232772,,
finetune,23,alt180,within_3s,656,0.8881157340556383,1.602284243512081,0.9114338449796197,0.7141685094564427,0.6908503985324613,,
finetune,23,alt180,within_5s,700,0.8881157340556383,1.57120048978499,0.9216272898555536,0.6830847557293518,0.6495731999294364,,
finetune,23,alt180,within_10s,802,0.8881157340556383,1.5862551095554063,0.9660918799517788,0.698139375499768,0.6201632296036275,,
finetune,23,alt180,ongoing,566,0.8881157340556383,1.6747803723327683,0.8719326858752965,0.7866646382771301,0.8028476864574718,1.5090817535486418,0.1656986187841265
finetune,23,alt180,new_0_3s,90,0.8881157340556383,1.146364144484202,1.1598522455690297,0.25824841042856383,-0.013488101084827564,1.6708818711588138,-0.5245177266746117
finetune,23,alt180,new_3_5s,44,0.8881157340556383,1.1077699796719984,1.0736022861876573,0.21965424561636016,0.03416769348434112,1.7517129090349803,-0.6439429293629819
finetune,23,alt180,new_5_10s,102,0.8881157340556383,1.6895711275876737,1.2712410276709698,0.8014553935320354,0.4183300999167039,1.8684469505203172,-0.17887582293264348
finetune,23,alt180,no_entry_10s,1198,0.8881157340556383,0.4207469701567954,0.8359146747829301,-0.46736876389884285,-0.4151677046261347,,
finetune,47,alt180,within_3s,656,0.41771840342879296,0.7748951585736217,0.4518936505988297,0.3571767551448287,0.323001507974792,,
finetune,47,alt180,within_5s,700,0.41771840342879296,0.7835444049324308,0.4595068695742962,0.36582600150363787,0.3240375353581346,,
finetune,47,alt180,within_10s,802,0.41771840342879296,0.8128701746463776,0.4804752451224816,0.3951517712175846,0.332394929523896,,
finetune,47,alt180,ongoing,566,0.41771840342879296,0.8305978914031713,0.44488426110498847,0.41287948797437835,0.38571363029818284,0.7852858570495705,0.04531203435360076
finetune,47,alt180,new_0_3s,90,0.41771840342879296,0.4245868610011207,0.4959749223045438,0.006868457572327735,-0.07138806130342312,0.8705567371107326,-0.44596987610961186
finetune,47,alt180,new_3_5s,44,0.41771840342879296,0.91249680519104,0.5730130433903422,0.4947784017622471,0.33948376180069784,0.8602101940994333,0.052286611091606705
finetune,47,alt180,new_5_10s,102,0.41771840342879296,1.0141254569969924,0.6243758616296347,0.5964070535681995,0.38974959536735776,0.8946150009411461,0.11951045605584631
finetune,47,alt180,no_entry_10s,1198,0.41771840342879296,0.15318441301434985,0.37570589338009647,-0.26453399041444314,-0.22252148036574662,,
finetune,59,alt180,within_3s,656,0.18931706403940915,0.7759444332886033,0.19504980049583287,0.5866273692491941,0.5808946327927704,,
finetune,59,alt180,within_5s,700,0.18931706403940915,0.7959453449078968,0.21513991147688927,0.6066282808684876,0.5808054334310075,,
finetune,59,alt180,within_10s,802,0.18931706403940915,0.7760649763437876,0.2448418464319094,0.5867479123043784,0.5312231299118781,,
finetune,59,alt180,ongoing,566,0.18931706403940915,0.8443361611332573,0.14634174100398545,0.6550190970938481,0.6979944201292718,0.6799633344349622,0.16437282669829512
finetune,59,alt180,new_0_3s,90,0.18931706403940915,0.34583645595444573,0.5013693746334509,0.15651939191503658,-0.15553291867900515,0.9959422180954017,-0.6501057621409561
finetune,59,alt180,new_3_5s,44,0.18931706403940915,1.0941407545046373,0.5146652024671869,0.9048236904652281,0.5794755520374504,0.9762547889763321,0.11788596552830521
finetune,59,alt180,new_5_10s,102,0.18931706403940915,0.6396310744332332,0.4486786549467525,0.450314010393824,0.19095241948648067,1.0289691509214136,-0.3893380764881804
finetune,59,alt180,no_entry_10s,1198,0.18931706403940915,-0.20348078710258705,0.15214604944943833,-0.39279785114199617,-0.35562683655202537,,
finetune,71,alt180,within_3s,656,0.3754388282895088,1.1527764618215037,0.4298343902724424,0.7773376335319949,0.7229420715490613,,
finetune,71,alt180,within_5s,700,0.3754388282895088,1.1212334181581225,0.44650364166635637,0.7457945898686137,0.6747297764917661,,
finetune,71,alt180,within_10s,802,0.3754388282895088,1.072925229359446,0.4671698651898389,0.6974864010699372,0.6057553641696072,,
finetune,71,alt180,ongoing,566,0.3754388282895088,1.3054493959506073,0.39186038563157516,0.9300105676610985,0.9135890103190321,1.0052825037272264,0.3001668922233809
finetune,71,alt180,new_0_3s,90,0.3754388282895088,0.19263334274291993,0.6686486861250062,-0.18280548554658888,-0.47601534338208623,1.2297417307959488,-1.037108388053029
finetune,71,alt180,new_3_5s,44,0.3754388282895088,0.650955312631347,0.6950270260847115,0.2755164843418382,-0.04407171345336447,1.262564363840277,-0.61160905120893
finetune,71,alt180,new_5_10s,102,0.3754388282895088,0.7413984434861763,0.6089968893705996,0.36595961519666753,0.13240155411557675,1.2281034221182143,-0.486704978632038
finetune,71,alt180,no_entry_10s,1198,0.3754388282895088,-0.09149280247684313,0.31402956986374536,-0.4669316307663519,-0.4055223723405885,,
finetune,89,alt180,within_3s,656,0.24970713942497968,0.957766953855753,0.29517978122774435,0.7080598144307733,0.6625871726280086,,
finetune,89,alt180,within_5s,700,0.24970713942497968,0.9135359982933317,0.29688447771480847,0.663828858868352,0.6166515205785232,,
finetune,89,alt180,within_10s,802,0.24970713942497968,0.8529146760330533,0.29555357203913835,0.6032075366080736,0.5573611039939149,,
finetune,89,alt180,ongoing,566,0.24970713942497968,1.0083426199195242,0.2847851740536468,0.7586354804945445,0.7235574458658774,0.8902472689076693,0.11809535101185498
finetune,89,alt180,new_0_3s,90,0.24970713942497968,0.6397022094991472,0.3605503107892912,0.38999507007416756,0.27915189870985607,0.7991492442742553,-0.15944703477510802
finetune,89,alt180,new_3_5s,44,0.24970713942497968,0.254092660817233,0.3222999526128515,0.004385521392253289,-0.06820729179561852,0.7456250623962203,-0.4915324015789873
finetune,89,alt180,new_5_10s,102,0.24970713942497968,0.4368859938546723,0.28641990563748126,0.18717885442969262,0.15046608821719104,0.7394772671240316,-0.3025912732693593
finetune,89,alt180,no_entry_10s,1198,0.24970713942497968,-0.15410959209394773,0.21901528720748784,-0.4038167315189274,-0.37312487930143556,,
finetune,107,alt180,within_3s,656,-0.25787741562724115,-0.04394254579049785,-0.27181582119545655,0.2139348698367433,0.22787327540495872,,
finetune,107,alt180,within_5s,700,-0.25787741562724115,-0.03269476566995893,-0.26482216944812614,0.2251826499572822,0.2321274037781672,,
finetune,107,alt180,within_10s,802,-0.25787741562724115,-0.006937445770772615,-0.23854291526079663,0.25093996985646855,0.231605469490024,,
finetune,107,alt180,ongoing,566,-0.25787741562724115,-0.05084660228065383,-0.30080676013224644,0.20703081334658732,0.24996015785159262,-0.08221934831532438,0.031372746034670544
finetune,107,alt180,new_0_3s,90,-0.25787741562724115,-0.0005237016412946913,-0.08949502743742231,0.2573537139859465,0.08897132579612763,0.12062211012793346,-0.12114581176922815
finetune,107,alt180,new_3_5s,44,-0.25787741562724115,0.1349994106726213,-0.1605531797606555,0.3928768262998624,0.2955525904332768,0.13378283827596424,0.0012165723966570674
finetune,107,alt180,new_5_10s,102,-0.25787741562724115,0.16982847510599622,-0.05819509240657409,0.4277058907332374,0.2280235675125703,0.23754789061428952,-0.0677194155082933
finetune,107,alt180,no_entry_10s,1198,-0.25787741562724115,-0.42586894803532777,-0.2708208791446773,-0.16799153240808662,-0.15504806889065048,,
reservoir,7,alt180,within_3s,656,-0.1121730255484581,-0.06607786834058238,-0.18663496631162632,0.046095157207875714,0.12055709797104394,,
reservoir,7,alt180,within_5s,700,-0.1121730255484581,-0.03919157551867621,-0.1731363910976012,0.07298145002978187,0.133944815578925,,
reservoir,7,alt180,within_10s,802,-0.1121730255484581,-0.02268470474460773,-0.14452004366935203,0.08948832080385036,0.1218353389247443,,
reservoir,7,alt180,ongoing,566,-0.1121730255484581,-0.0922149080164441,-0.20963161959952997,0.019958117532014,0.11741671158308588,-0.09358078362504549,0.001365875608601394
reservoir,7,alt180,new_0_3s,90,-0.1121730255484581,0.09829507006539238,-0.04201156896769902,0.2104680956138505,0.1403066390330914,0.18011121391448404,-0.08181614384909165
reservoir,7,alt180,new_3_5s,44,-0.1121730255484581,0.3616586083715612,0.02811509391150111,0.4738316339200193,0.3335435144600601,0.20592195189358842,0.1557366564779728
reservoir,7,alt180,new_5_10s,102,-0.1121730255484581,0.09059774174409754,0.05186665436765209,0.20277076729255564,0.038731087376445456,0.09316681559783213,-0.002569073853734588
reservoir,7,alt180,no_entry_10s,1198,-0.1121730255484581,-0.17208089974268848,-0.09051834396836048,-0.05990787419423038,-0.081562555774328,,
reservoir,11,alt180,within_3s,656,-0.4081854830831289,0.11858178652459528,-0.40234156697900636,0.5267672696077241,0.5209233535036016,,
reservoir,11,alt180,within_5s,700,-0.4081854830831289,0.11440976615462985,-0.3880565141305626,0.5225952492377588,0.5024662802851925,,
reservoir,11,alt180,within_10s,802,-0.4081854830831289,0.11143731197662782,-0.3807164237315524,0.5196227950597567,0.4921537357081802,,
reservoir,11,alt180,ongoing,566,-0.4081854830831289,0.22061795843995502,-0.4152374102239168,0.6288034415230839,0.6358553686638718,0.09303576115786656,0.12758219728208847
reservoir,11,alt180,new_0_3s,90,-0.4081854830831289,-0.523112361298667,-0.3212410416832361,-0.1149268782155381,-0.20187131961543092,0.19327629464342455,-0.7163886559420916
reservoir,11,alt180,new_3_5s,44,-0.4081854830831289,0.05220873518423601,-0.175079362571948,0.46039421826736493,0.22728809775618403,0.3129029592745456,-0.26069422409030957
reservoir,11,alt180,new_5_10s,102,-0.4081854830831289,0.09103811663739822,-0.33034325432658074,0.4992235997205271,0.421381370963979,0.0544302614109294,0.03660785522646882
reservoir,11,alt180,no_entry_10s,1198,-0.4081854830831289,-0.7560464861197941,-0.4265746196440341,-0.3478610030366652,-0.32947186647576,,
reservoir,23,alt180,within_3s,656,-0.4905531207770109,-0.4767548562731685,-0.5091245361221235,0.013798264503842417,0.032369679848955,,
reservoir,23,alt180,within_5s,700,-0.4905531207770109,-0.46479710349014824,-0.5104810311951226,0.025756017286862665,0.045683927704974314,,
reservoir,23,alt180,within_10s,802,-0.4905531207770109,-0.4285769586328259,-0.49445144099743854,0.061976162144185,0.06587448236461263,,
reservoir,23,alt180,ongoing,566,-0.4905531207770109,-0.5195690428199701,-0.5345136729526988,-0.029015922042959164,0.014944630132728731,-0.45932879548045197,-0.060240247339518105
reservoir,23,alt180,new_0_3s,90,-0.4905531207770109,-0.20750119421217178,-0.34945507560983835,0.28305192656483913,0.14195388139766657,-0.35156306208267196,0.14406186787050018
reservoir,23,alt180,new_3_5s,44,-0.4905531207770109,-0.2865178801796653,-0.5307051395562024,0.20403524059734562,0.24418725937653707,-0.49663935443909485,0.21012147425942956
reservoir,23,alt180,new_5_10s,102,-0.4905531207770109,-0.1800073370629666,-0.384444449444705,0.3105457837140443,0.20443711238173842,-0.29652760194931294,0.11652026488634634
reservoir,23,alt180,no_entry_10s,1198,-0.4905531207770109,-0.5320430056181097,-0.4879433938848717,-0.04148988484109878,-0.04409961173323801,,
reservoir,47,alt180,within_3s,656,-0.08971360263973474,0.2538541551088778,-0.1071895470770396,0.3435677577486126,0.3610437021859174,,
reservoir,47,alt180,within_5s,700,-0.08971360263973474,0.2489729172204222,-0.09878705038081831,0.33868651986015696,0.3477599676012405,,
reservoir,47,alt180,within_10s,802,-0.08971360263973474,0.19555469204734388,-0.07581685294595439,0.2852682946870786,0.2713715449932983,,
reservoir,47,alt180,ongoing,566,-0.08971360263973474,0.24813623281439287,-0.11860642238589206,0.3378498354541276,0.36674265520028493,0.15135006198796677,0.0967861708264261
reservoir,47,alt180,new_0_3s,90,-0.08971360263973474,0.2898135330941942,-0.0353900868013675,0.37952713573392893,0.32520361989556174,0.2889129414395959,0.0009005916545983261
reservoir,47,alt180,new_3_5s,44,-0.08971360263973474,0.17619809779253873,0.026486536726480783,0.26591170043227347,0.14971156106605793,0.24883561079596755,-0.07263751300342883
reservoir,47,alt180,new_5_10s,102,-0.08971360263973474,-0.17104097090515435,0.08182175690115095,-0.08132736826541961,-0.2528627278063053,0.33548819933523916,-0.5065291702403936
reservoir,47,alt180,no_entry_10s,1198,-0.08971360263973474,-0.2806862005855086,-0.09901676896228222,-0.19097259794577384,-0.18166943162322635,,
reservoir,59,alt180,within_3s,656,-0.554489860728383,-0.427816809041471,-0.5933945192427988,0.126673051686912,0.16557771020132783,,
reservoir,59,alt180,within_5s,700,-0.554489860728383,-0.42702794236796243,-0.5865864968067799,0.1274619183604206,0.15955855443881745,,
reservoir,59,alt180,within_10s,802,-0.554489860728383,-0.44650789968985277,-0.5644878935393871,0.10798196103853025,0.11797999384953434,,
reservoir,59,alt180,ongoing,566,-0.554489860728383,-0.41562250793612043,-0.6119963153220574,0.1388673527922626,0.19637380738593702,-0.4957396851471619,0.08011717721104145
reservoir,59,alt180,new_0_3s,90,-0.554489860728383,-0.5045054137706757,-0.4764098905665714,0.04998444695770732,-0.0280955232041043,-0.28300597670645855,-0.22149943706421715
reservoir,59,alt180,new_3_5s,44,-0.554489860728383,-0.41526665741747076,-0.485085071397044,0.13922320331091226,0.06981841397957322,-0.3226471519352156,-0.09261950548225517
reservoir,59,alt180,new_5_10s,102,-0.554489860728383,-0.5801938813106686,-0.4128308122925739,-0.025704020582285603,-0.16736306901809472,-0.3710162859729171,-0.20917759533775154
reservoir,59,alt180,no_entry_10s,1198,-0.554489860728383,-0.626778285396915,-0.5477966868432199,-0.07228842466853203,-0.07898159855369513,,
reservoir,71,alt180,within_3s,656,0.4816930934935808,0.9092033330987139,0.5465730178584343,0.4275102396051331,0.36263031524027967,,
reservoir,71,alt180,within_5s,700,0.4816930934935808,0.9493010532855988,0.5629302791668914,0.46760795979201797,0.38637077411870735,,
reservoir,71,alt180,within_10s,802,0.4816930934935808,0.9691442622805474,0.5558928288109557,0.4874511687869666,0.4132514334695917,,
reservoir,71,alt180,ongoing,566,0.4816930934935808,0.8856473548252254,0.5199433554043563,0.4039542613316446,0.36570399942086906,0.9409150504763811,-0.055267695651155746
reservoir,71,alt180,new_0_3s,90,0.4816930934935808,1.057344263129764,0.7140440061807481,0.5756511696361832,0.3433002569490159,0.9351491896283523,0.12219507350141179
reservoir,71,alt180,new_3_5s,44,0.4816930934935808,1.5471216087991542,0.8068021750384339,1.0654285153055734,0.7403194337607203,1.2024126139206763,0.34470899487847784
reservoir,71,alt180,new_5_10s,102,0.4816930934935808,1.105323147539999,0.5075966008780655,0.6236300540464181,0.5977265466619335,1.0551588009833897,0.050164346556609285
reservoir,71,alt180,no_entry_10s,1198,0.4816930934935808,0.15536935612534442,0.4320201488153381,-0.3263237373682364,-0.2766507926899937,,
reservoir,89,alt180,within_3s,656,-0.22068218871951104,0.5608098099871379,-0.2505425278800945,0.781491998706649,0.8113523378672325,,
reservoir,89,alt180,within_5s,700,-0.22068218871951104,0.5405049061775208,-0.24099263118114883,0.7611870948970318,0.7814975373586697,,
reservoir,89,alt180,within_10s,802,-0.22068218871951104,0.5077537199356906,-0.22280898853336834,0.7284359086552017,0.7305627084690589,,
reservoir,89,alt180,ongoing,566,-0.22068218871951104,0.5636546296913295,-0.2847455040141534,0.7843368184108406,0.848400133705483,0.4359073215772056,0.12774730811412394
reservoir,89,alt180,new_0_3s,90,-0.22068218871951104,0.5429190549585554,-0.03544381130368048,0.7636012436780665,0.5783628662622359,0.6767174122348133,-0.13379835727625788
reservoir,89,alt180,new_3_5s,44,-0.22068218871951104,0.23777724937959152,-0.09861235312413928,0.45845943809910256,0.3363896025037308,0.578476827672409,-0.3406995782928175
reservoir,89,alt180,new_5_10s,102,-0.22068218871951104,0.2829906770996019,-0.09801928408781596,0.503672865819113,0.38100996118741787,0.7268371750686886,-0.4438464979690867
reservoir,89,alt180,no_entry_10s,1198,-0.22068218871951104,-0.7083329389210734,-0.21925840453694545,-0.48765075020156234,-0.48907453438412796,,
reservoir,107,alt180,within_3s,656,-0.792463840290904,-0.49394301661267515,-0.8030241340363399,0.29852082367822885,0.30908111742366473,,
reservoir,107,alt180,within_5s,700,-0.792463840290904,-0.453057764342853,-0.787987926456874,0.339406075948051,0.334930162114021,,
reservoir,107,alt180,within_10s,802,-0.792463840290904,-0.37052318580132765,-0.7683524052586405,0.42194065448957635,0.3978292194573128,,
reservoir,107,alt180,ongoing,566,-0.792463840290904,-0.5189731416980286,-0.8404614379950913,0.27349069859287545,0.32148829629706277,-0.4646240977916555,-0.054349043906373073
reservoir,107,alt180,new_0_3s,90,-0.792463840290904,-0.3365313410758972,-0.5675850891401911,0.4559324992150068,0.2310537480642939,-0.1580269529212419,-0.17850438815465533
reservoir,107,alt180,new_3_5s,44,-0.792463840290904,0.1565041785890406,-0.5638117407266567,0.9489680188799445,0.7203159193156974,-0.02713952983017863,0.18364370841921923
reservoir,107,alt180,new_5_10s,102,-0.792463840290904,0.1958905885032579,-0.6335988284080183,0.9883544287941619,0.8294894169112762,-0.18397833908968844,0.3798689275929463
reservoir,107,alt180,no_entry_10s,1198,-0.792463840290904,-1.0749316240143099,-0.8086052183342055,-0.28246778372340586,-0.26632640568010435,,
gss_adapted,7,alt180,within_3s,656,-0.8715386215746402,-0.5885035749070529,-0.8946549524828631,0.2830350466675874,0.30615137757581024,,
gss_adapted,7,alt180,within_5s,700,-0.8715386215746402,-0.5641337989909309,-0.8922594344393823,0.3074048225837094,0.3281256354484514,,
gss_adapted,7,alt180,within_10s,802,-0.8715386215746402,-0.5126762462970325,-0.8745544706124316,0.3588623752776078,0.3618782243153992,,
gss_adapted,7,alt180,ongoing,566,-0.8715386215746402,-0.6272149855804107,-0.9057242867123456,0.24432363599422957,0.27850930113193495,-0.5439715619350026,-0.08324342364540804
gss_adapted,7,alt180,new_0_3s,90,-0.8715386215746402,-0.34505181445015803,-0.8250411394396745,0.5264868071244821,0.47998932498951646,-0.5001413400549661,0.1550895256048081
gss_adapted,7,alt180,new_3_5s,44,-0.8715386215746402,-0.20080259442329407,-0.85654443815476,0.6707360271513462,0.6557418437314659,-0.4014231143930269,0.20062051996973285
gss_adapted,7,alt180,new_5_10s,102,-0.8715386215746402,-0.15953617878988677,-0.7530498168980624,0.7120024427847534,0.5935136381081756,-0.3980696846741992,0.2385335058843124
gss_adapted,7,alt180,no_entry_10s,1198,-0.8715386215746402,-1.1117787091978801,-0.8695196642054343,-0.2402400876232399,-0.24225904499244588,,
gss_adapted,11,alt180,within_3s,656,-0.703338936522603,-0.18752004524193158,-0.6784078817638718,0.5158188912806715,0.49088783652194024,,
gss_adapted,11,alt180,within_5s,700,-0.703338936522603,-0.17098895081451962,-0.6828675658080442,0.5323499857080835,0.5118786149935246,,
gss_adapted,11,alt180,within_10s,802,-0.703338936522603,-0.16135542254495502,-0.6803298225005919,0.541983513977648,0.5189743999556369,,
gss_adapted,11,alt180,ongoing,566,-0.703338936522603,-0.21822945757805248,-0.6857686276084065,0.4851094789445506,0.46753917003035406,-0.1558683551378918,-0.06236110244016069
gss_adapted,11,alt180,new_0_3s,90,-0.703338936522603,0.005608036783006456,-0.6321169690082418,0.7089469733056095,0.6377250057912482,-0.12953197798009977,0.13514001476310622
gss_adapted,11,alt180,new_3_5s,44,-0.703338936522603,0.07547463883053172,-0.7493574006484303,0.7788135753531348,0.824832039478962,-0.22205981932314067,0.2975344581536724
gss_adapted,11,alt180,new_5_10s,102,-0.703338936522603,-0.09524297363617841,-0.662913937057291,0.6080959628864246,0.5676709634211126,-0.19369656671156849,0.09845359307539008
gss_adapted,11,alt180,no_entry_10s,1198,-0.703338936522603,-1.0661693023073056,-0.7187423667777392,-0.3628303657847025,-0.3474269355295664,,
gss_adapted,23,alt180,within_3s,656,-0.7595686216540635,-0.5063218255868045,-0.7904647239599315,0.253246796067259,0.284142898373127,,
gss_adapted,23,alt180,within_5s,700,-0.7595686216540635,-0.47328445140804565,-0.7840073015481354,0.2862841702460178,0.3107228501400897,,
gss_adapted,23,alt180,within_10s,802,-0.7595686216540635,-0.4606164608735991,-0.7732524157512022,0.2989521607804644,0.3126359548776031,,
gss_adapted,23,alt180,ongoing,566,-0.7595686216540635,-0.5664739172260669,-0.7851183942949949,0.1930947044279966,0.21864447706892798,-0.4846314758866576,-0.08184244133940927
gss_adapted,23,alt180,new_0_3s,90,-0.7595686216540635,-0.12803200483322144,-0.8240871971860888,0.6315366168208421,0.6960551923528674,-0.4703706316105311,0.34233862677730964
gss_adapted,23,alt180,new_3_5s,44,-0.7595686216540635,0.019272763620723377,-0.6877330037722685,0.7788413852747869,0.7070057673929919,-0.29576009223671257,0.31503285585743596
gss_adapted,23,alt180,new_5_10s,102,-0.7595686216540635,-0.3736792709313187,-0.6994443759683273,0.3858893507227448,0.3257651050370086,-0.3898645624060305,0.016185291474711816
gss_adapted,23,alt180,no_entry_10s,1198,-0.7595686216540635,-0.9597018711915697,-0.7504080182601526,-0.20013324953750622,-0.2092938529314171,,
gss_adapted,47,alt180,within_3s,656,-0.6020531762689352,-0.28996936399943946,-0.6355658128969748,0.3120838122694957,0.3455964488975353,,
gss_adapted,47,alt180,within_5s,700,-0.6020531762689352,-0.24883255145379476,-0.6277465674524785,0.3532206248151404,0.3789140159986837,,
gss_adapted,47,alt180,within_10s,802,-0.6020531762689352,-0.20906441545397267,-0.6139988927978605,0.3929887608149625,0.40493447734388777,,
gss_adapted,47,alt180,ongoing,566,-0.6020531762689352,-0.4109515854726832,-0.645712848830291,0.191101590796252,0.23476126335760783,-0.24546176189699567,-0.1654898235756875
gss_adapted,47,alt180,new_0_3s,90,-0.6020531762689352,0.4708743843767378,-0.5717522313607848,1.072927560645673,1.0426266157375226,-0.11102426646844023,0.581898650845178
gss_adapted,47,alt180,new_3_5s,44,-0.6020531762689352,0.36447992649945343,-0.5111687262799873,0.9665331027683886,0.8756486527794407,-0.19889239537604117,0.5633723218754946
gss_adapted,47,alt180,new_5_10s,102,-0.6020531762689352,0.06385416493696325,-0.5196521059524417,0.6659073412058985,0.583506270889405,-0.09798877040863847,0.16184293534560173
gss_adapted,47,alt180,no_entry_10s,1198,-0.6020531762689352,-0.8651391413554126,-0.5940561273071673,-0.2630859650864774,-0.2710830140482453,,
gss_adapted,59,alt180,within_3s,656,-1.1004515765830873,-0.6778941784372053,-1.1256418868307716,0.422557398145882,0.44774770839356626,,
gss_adapted,59,alt180,within_5s,700,-1.1004515765830873,-0.6580124518062387,-1.1263247576646749,0.44243912477684866,0.4683123058584362,,
gss_adapted,59,alt180,within_10s,802,-1.1004515765830873,-0.6492152420845709,-1.108945580493156,0.4512363344985164,0.4597303384085851,,
gss_adapted,59,alt180,ongoing,566,-1.1004515765830873,-0.7282402883201522,-1.152725167252589,0.37221128826293515,0.4244848789324367,-0.6862438417269662,-0.04199644659318602
gss_adapted,59,alt180,new_0_3s,90,-1.1004515765830873,-0.3612730873955621,-0.9553181455113414,0.7391784891875253,0.5940450581157793,-0.5707336947649755,0.2094606073694134
gss_adapted,59,alt180,new_3_5s,44,-1.1004515765830873,-0.3615939820354635,-1.1365057410065111,0.7388575945476239,0.7749117589710477,-0.6072649177044359,0.2456709356689724
gss_adapted,59,alt180,new_5_10s,102,-1.1004515765830873,-0.5888422341907725,-0.989676717551358,0.5116093423923148,0.40083448336058547,-0.5310874590835301,-0.05775477510724247
gss_adapted,59,alt180,no_entry_10s,1198,-1.1004515765830873,-1.402531326389273,-1.0947652734646611,-0.30207974980618557,-0.3077660529246118,,
gss_adapted,71,alt180,within_3s,656,0.03800741468369961,0.8020715920663462,0.18773733463282474,0.7640641773826465,0.6143342574335214,,
gss_adapted,71,alt180,within_5s,700,0.03800741468369961,0.8616640509877886,0.17448251728353834,0.823656636304089,0.6871815337042503,,
gss_adapted,71,alt180,within_10s,802,0.03800741468369961,0.920040599128552,0.16830921287908243,0.8820331844448523,0.7517313862494696,,
gss_adapted,71,alt180,ongoing,566,0.03800741468369961,0.7189081774583553,0.18025150257334782,0.6809007627746557,0.5386566748850075,0.871736518874976,-0.15282834141662072
gss_adapted,71,alt180,new_0_3s,90,0.03800741468369961,1.3250770661565991,0.23481490069575778,1.2870696514728996,1.0902621654608413,1.1258208068552589,0.19925625930134028
gss_adapted,71,alt180,new_3_5s,44,0.03800741468369961,1.7501334385438398,-0.023134759560367642,1.7121260238601403,1.7732681981042075,0.9699124042976233,0.7802210342462166
gss_adapted,71,alt180,new_5_10s,102,0.03800741468369961,1.3206639687220256,0.12594339833869822,1.2826565540383261,1.1947205703833275,0.984996788350918,0.33566718037110765
gss_adapted,71,alt180,no_entry_10s,1198,0.03800741468369961,-0.5524688907626873,-0.04922300447547983,-0.590476305446387,-0.5032458862872076,,
gss_adapted,89,alt180,within_3s,656,-0.894784321680665,-0.366081341101629,-0.8687752300750536,0.528702980579036,0.5026938889734247,,
gss_adapted,89,alt180,within_5s,700,-0.894784321680665,-0.34251141914299554,-0.8754728844795635,0.5522729025376695,0.532961465336568,,
gss_adapted,89,alt180,within_10s,802,-0.894784321680665,-0.3033192343916976,-0.8636609928248639,0.5914650872889674,0.5603417584331662,,
gss_adapted,89,alt180,ongoing,566,-0.894784321680665,-0.42057010878943724,-0.8826349397336999,0.4742142128912278,0.46206483094426265,-0.3197911658592645,-0.10077894293017275
gss_adapted,89,alt180,new_0_3s,90,-0.894784321680665,-0.023407535420523748,-0.7816130559995658,0.8713767862601413,0.758205520579042,-0.24822524487714095,0.22481770945661722
gss_adapted,89,alt180,new_3_5s,44,-0.894784321680665,0.008894690058448097,-0.9753288228740767,0.9036790117391131,0.9842235129325249,-0.3087008518240029,0.31759554188245104
gss_adapted,89,alt180,new_5_10s,102,-0.894784321680665,-0.03435326060828041,-0.782598991273004,0.8604310610723847,0.7482457306647237,-0.258207025358814,0.2238537647505336
gss_adapted,89,alt180,no_entry_10s,1198,-0.894784321680665,-1.2907400812847984,-0.9156198056058338,-0.39595575960413343,-0.37512027567896467,,
gss_adapted,107,alt180,within_3s,656,-0.6821311909854412,-0.050255469659843094,-0.6263656097618363,0.6318757213255981,0.5761101401019932,,
gss_adapted,107,alt180,within_5s,700,-0.6821311909854412,-0.015460903687136514,-0.6267229926065908,0.6666702872983047,0.6112620889194543,,
gss_adapted,107,alt180,within_10s,802,-0.6821311909854412,0.02327006085406515,-0.60853852038767,0.7054012518395063,0.6318085812417351,,
gss_adapted,107,alt180,ongoing,566,-0.6821311909854412,-0.09584352079212877,-0.6450013279550391,0.5862876701933124,0.5491578071629103,-0.039187408565348525,-0.05665611222678024
gss_adapted,107,alt180,new_0_3s,90,-0.6821311909854412,0.23644271857208676,-0.5091676486801389,0.9185739095575279,0.7456103672522256,0.03533938777470655,0.20110333079738021
gss_adapted,107,alt180,new_3_5s,44,-0.6821311909854412,0.5032944435423071,-0.6320512459283821,1.1854256345277483,1.1353456894706893,0.22434851383539314,0.278945929706914
gss_adapted,107,alt180,new_5_10s,102,-0.6821311909854412,0.28907079790152757,-0.48374312280684123,0.9712019888869687,0.7728139207083689,0.2724586523967316,0.01661214550479595
gss_adapted,107,alt180,no_entry_10s,1198,-0.6821311909854412,-1.154361411332089,-0.7313977367445501,-0.47223022034664786,-0.4229636745875389,,
cgsm_dual,7,alt180,within_3s,656,-0.6879329282790423,-0.39812343999198296,-0.7107748343209613,0.2898094882870593,0.31265139432897837,,
cgsm_dual,7,alt180,within_5s,700,-0.6879329282790423,-0.3849004521114486,-0.7035850620359716,0.3030324761675937,0.318684609924523,,
cgsm_dual,7,alt180,within_10s,802,-0.6879329282790423,-0.3513727754057197,-0.6919670039213714,0.3365601528733226,0.34059422851565174,,
cgsm_dual,7,alt180,ongoing,566,-0.6879329282790423,-0.471638187555458,-0.731621685765219,0.2162947407235843,0.259983498209761,-0.4158949094168605,-0.055743278138597474
cgsm_dual,7,alt180,new_0_3s,90,-0.6879329282790423,0.06420263912942674,-0.5796713019048514,0.752135567408469,0.6438739410342781,-0.17994274622935408,0.24414538535878083
cgsm_dual,7,alt180,new_3_5s,44,-0.6879329282790423,-0.1877577237107537,-0.596392093423395,0.5001752045682886,0.40863436971264133,-0.08686876465757275,-0.10088895905318095
cgsm_dual,7,alt180,new_5_10s,102,-0.6879329282790423,-0.12128087644483529,-0.6122352325466657,0.566652051834207,0.49095435610183036,-0.2586997484300886,0.1374188719852533
cgsm_dual,7,alt180,no_entry_10s,1198,-0.6879329282790423,-0.913242813591567,-0.6852323200443611,-0.22530988531252472,-0.22801049354720593,,
cgsm_dual,11,alt180,within_3s,656,-1.137765091329813,-0.8002894853309888,-1.1740738994691822,0.3374756059988242,0.3737844141381934,,
cgsm_dual,11,alt180,within_5s,700,-1.137765091329813,-0.7796611409527915,-1.1614804302365849,0.3581039503770215,0.3818192892837934,,
cgsm_dual,11,alt180,within_10s,802,-1.137765091329813,-0.7318194914339784,-1.1415967800570432,0.40594559989583456,0.40977728862306484,,
cgsm_dual,11,alt180,ongoing,566,-1.137765091329813,-0.8600064093780181,-1.2006039543060114,0.2777586819517949,0.3405975449279933,-0.7934926209851351,-0.06651378839288302
cgsm_dual,11,alt180,new_0_3s,90,-1.137765091329813,-0.4247363852130042,-1.0072293323842374,0.7130287061168088,0.5824929471712332,-0.5653195305476455,0.14058314533464128
cgsm_dual,11,alt180,new_3_5s,44,-1.137765091329813,-0.47211127931421454,-0.9737232525869459,0.6656538120155984,0.5016119732727313,-0.5079008005903947,0.035789521276180125
cgsm_dual,11,alt180,new_5_10s,102,-1.137765091329813,-0.4034944457166335,-1.0051403572562698,0.7342706456131795,0.6016459115396363,-0.6330981929137135,0.22960374719708
cgsm_dual,11,alt180,no_entry_10s,1198,-1.137765091329813,-1.4095250004420496,-1.1351999708296137,-0.2717599091122367,-0.274325029612436,,
cgsm_dual,23,alt180,within_3s,656,-0.48809442161768674,-0.3225627233524148,-0.5104971314426177,0.16553169826527192,0.18793440809020284,,
cgsm_dual,23,alt180,within_5s,700,-0.48809442161768674,-0.2835640442371368,-0.5004186729859045,0.2045303773805499,0.21685462874876765,,
cgsm_dual,23,alt180,within_10s,802,-0.48809442161768674,-0.27722918177186107,-0.4964856085725348,0.21086523984582567,0.21925642680067375,,
cgsm_dual,23,alt180,ongoing,566,-0.48809442161768674,-0.4076132248336772,-0.5275513233853325,0.08048119678400956,0.11993809855165533,-0.33580332965658877,-0.07180989517708841
cgsm_dual,23,alt180,new_0_3s,90,-0.48809442161768674,0.21231043040752412,-0.40324521322510015,0.7004048520252109,0.6155556436326243,-0.062181893273210796,0.2744923236807349
cgsm_dual,23,alt180,new_3_5s,44,-0.48809442161768674,0.2978708080270074,-0.3501580196312704,0.7859652296446942,0.6480288276582777,0.023468469390414793,0.2744023386365926
cgsm_dual,23,alt180,new_5_10s,102,-0.48809442161768674,-0.233754635441537,-0.4694939900494102,0.2543397861761497,0.23573935460787324,-0.2716604064116923,0.03790577097015532
cgsm_dual,23,alt180,no_entry_10s,1198,-0.48809442161768674,-0.6292579628166451,-0.48247694921552636,-0.1411635411989584,-0.14678101360111878,,
cgsm_dual,47,alt180,within_3s,656,-0.7821212495416403,-0.25198875481217375,-0.7779561455872744,0.5301324947294666,0.5259673907751007,,
cgsm_dual,47,alt180,within_5s,700,-0.7821212495416403,-0.1948060524889401,-0.7680420555601711,0.5873151970527002,0.573236003071231,,
cgsm_dual,47,alt180,within_10s,802,-0.7821212495416403,-0.15530736573467827,-0.7497571193178452,0.626813883806962,0.5944497535831669,,
cgsm_dual,47,alt180,ongoing,566,-0.7821212495416403,-0.33883235706246784,-0.7877386533831762,0.44328889247917247,0.44890629632070833,-0.21296362291905352,-0.12586873414341432
cgsm_dual,47,alt180,new_0_3s,90,-0.7821212495416403,0.294161010450787,-0.7164350410041572,1.0762822599924273,1.0105960514549444,-0.07171970285549878,0.3658807133062858
cgsm_dual,47,alt180,new_3_5s,44,-0.7821212495416403,0.6577360548756339,-0.6202319860651752,1.4398573044172742,1.277968040940809,0.06968030291624601,0.5880557519593879
cgsm_dual,47,alt180,new_5_10s,102,-0.7821212495416403,0.11576205316711874,-0.6242722627528652,0.897883302708759,0.7400343159199839,-0.006178988415172763,0.1219410415822915
cgsm_dual,47,alt180,no_entry_10s,1198,-0.7821212495416403,-1.2017412285175866,-0.8037873868033124,-0.4196199789759463,-0.39795384171427417,,
cgsm_dual,59,alt180,within_3s,656,-0.6288561129122973,-0.17901485272478768,-0.5853328337240542,0.4498412601875096,0.4063179809992665,,
cgsm_dual,59,alt180,within_5s,700,-0.6288561129122973,-0.14497383956398283,-0.5911077324484494,0.48388227334831446,0.4461338928844666,,
cgsm_dual,59,alt180,within_10s,802,-0.6288561129122973,-0.14076074946699593,-0.5950116844184616,0.48809536344530136,0.45425093495146573,,
cgsm_dual,59,alt180,ongoing,566,-0.6288561129122973,-0.17519782467781445,-0.5971019416159464,0.45365828823448284,0.421904116938132,-0.1385542234082528,-0.03664360126956165
cgsm_dual,59,alt180,new_0_3s,90,-0.6288561129122973,-0.20301971799797483,-0.5113182218705989,0.42583639491432246,0.30829850387262414,-0.1087030283069348,-0.09431668969104003
cgsm_dual,59,alt180,new_3_5s,44,-0.6288561129122973,0.3625467202880166,-0.6772062225212507,0.9914028332003139,1.0397529428092673,-0.19315986726682358,0.5557065875548401
cgsm_dual,59,alt180,new_5_10s,102,-0.6288561129122973,-0.11184738605630164,-0.6218035116636436,0.5170087268559956,0.5099561256073419,-0.15868748937348315,0.04684010331718151
cgsm_dual,59,alt180,no_entry_10s,1198,-0.6288561129122973,-0.9556111058030582,-0.651513234491643,-0.32675499289076093,-0.3040978713114152,,
cgsm_dual,71,alt180,within_3s,656,-0.7085806712061167,-0.08129411204377325,-0.5935451985685147,0.6272865591623434,0.5122510865247415,,
cgsm_dual,71,alt180,within_5s,700,-0.7085806712061167,-0.032684772482940126,-0.6006242593189763,0.6758958987231766,0.5679394868360362,,
cgsm_dual,71,alt180,within_10s,802,-0.7085806712061167,0.01321708357096313,-0.5946644285466319,0.7217977547770799,0.6078815121175951,,
cgsm_dual,71,alt180,ongoing,566,-0.7085806712061167,-0.1608999228835527,-0.5845151219557251,0.547680748322564,0.4236151990721724,-0.0010022254288775704,-0.15989769745467514
cgsm_dual,71,alt180,new_0_3s,90,-0.7085806712061167,0.4193379872375064,-0.6503343470445023,1.1279186584436232,1.0696723342820087,-0.03062041848930481,0.44995840572681123
cgsm_dual,71,alt180,new_3_5s,44,-0.7085806712061167,0.6920362900603901,-0.7061666195985841,1.4006169612665067,1.3982029096589743,0.07511389279468328,0.6169223972657069
cgsm_dual,71,alt180,new_5_10s,102,-0.7085806712061167,0.3282298211957894,-0.5537636291285826,1.0368104924019061,0.881993450324372,0.10409987252675004,0.22412994866903937
cgsm_dual,71,alt180,no_entry_10s,1198,-0.7085806712061167,-1.1917875153891033,-0.7848417952569573,-0.48320684418298665,-0.406945720132146,,
cgsm_dual,89,alt180,within_3s,656,-0.5010776424407959,0.22541047410085435,-0.4902866419055048,0.7264881165416502,0.7156971160063592,,
cgsm_dual,89,alt180,within_5s,700,-0.5010776424407959,0.2175080033285277,-0.4968269142041089,0.7185856457693236,0.7143349175326366,,
cgsm_dual,89,alt180,within_10s,802,-0.5010776424407959,0.2466878814070005,-0.4713868495309076,0.7477655238477964,0.7180747309379081,,
cgsm_dual,89,alt180,ongoing,566,-0.5010776424407959,0.1875308962150513,-0.5214004034609417,0.6886085386558471,0.7089312996759931,0.20596284474606302,-0.01843194853101171
cgsm_dual,89,alt180,new_0_3s,90,-0.5010776424407959,0.4636309305826823,-0.2946156525679799,0.9647085730234781,0.7582465831506622,0.3825967268652859,0.08103420371739639
cgsm_dual,89,alt180,new_3_5s,44,-0.5010776424407959,0.09968934817747636,-0.5943364284742038,0.6007669906182722,0.6940257766516801,0.26563301355053315,-0.16594366537305677
cgsm_dual,89,alt180,new_5_10s,102,-0.5010776424407959,0.44694194665142134,-0.2967981704010947,0.9480195890922172,0.743740117052516,0.34457992890238714,0.1023620177490342
cgsm_dual,89,alt180,no_entry_10s,1198,-0.5010776424407959,-1.0016685857846461,-0.5209541164923239,-0.5005909433438502,-0.4807144692923222,,
cgsm_dual,107,alt180,within_3s,656,-0.7515427569299936,-0.2618823113237939,-0.6668341462621385,0.4896604456061997,0.40495183493834463,,
cgsm_dual,107,alt180,within_5s,700,-0.7515427569299936,-0.21894040073667254,-0.6711072603354661,0.5326023561933211,0.45216685959879355,,
cgsm_dual,107,alt180,within_10s,802,-0.7515427569299936,-0.15248869883449298,-0.6588564039399069,0.5990540580955006,0.5063677051054138,,
cgsm_dual,107,alt180,ongoing,566,-0.7515427569299936,-0.3696614756601017,-0.6970845215739138,0.3818812812698919,0.32742304591381205,-0.20444850709812817,-0.16521296856197354
cgsm_dual,107,alt180,new_0_3s,90,-0.7515427569299936,0.41592887772454157,-0.47659289707919966,1.167471634654535,0.8925217748037413,0.00030253157227268327,0.4156263461522689
cgsm_dual,107,alt180,new_3_5s,44,-0.7515427569299936,0.42128444801677356,-0.7348155065196199,1.1728272049467672,1.1560999545363935,-0.11569191567875513,0.5369763636955287
cgsm_dual,107,alt180,new_5_10s,102,-0.7515427569299936,0.30355239265105305,-0.5747818992645012,1.0550951495810468,0.8783342919155542,-0.014851617640804891,0.31840401029185794
cgsm_dual,107,alt180,no_entry_10s,1198,-0.7515427569299936,-1.1525789460723905,-0.8135915508348764,-0.4010361891423969,-0.3389873952375141,,
dualls_adapted,7,alt180,within_3s,656,-0.6110491356998682,-0.2899254208839521,-0.6047076331520419,0.32112371481591606,0.3147822122680898,,
dualls_adapted,7,alt180,within_5s,700,-0.6110491356998682,-0.25300275027751923,-0.6037031081771568,0.35804638542234896,0.35070035789963755,,
dualls_adapted,7,alt180,within_10s,802,-0.6110491356998682,-0.22228913633454767,-0.6014041136012426,0.3887599993653205,0.3791149772666949,,
dualls_adapted,7,alt180,ongoing,566,-0.6110491356998682,-0.33794417703530816,-0.605736859364871,0.27310495866456,0.2677926823295628,-0.22774692644550038,-0.11019725058980778
dualls_adapted,7,alt180,new_0_3s,90,-0.6110491356998682,0.012059201134575738,-0.5982349438580284,0.6231083368344439,0.6102941449926041,-0.1934600405797146,0.20551924171429034
dualls_adapted,7,alt180,new_3_5s,44,-0.6110491356998682,0.2974807024002075,-0.5887265540061446,0.9085298381000757,0.8862072564063521,-0.15404069807526236,0.45152140047546985
dualls_adapted,7,alt180,new_5_10s,102,-0.6110491356998682,-0.01150943280435076,-0.5856266998449676,0.5995397028955174,0.5741172670406168,-0.24688169220262884,0.23537225939827808
dualls_adapted,7,alt180,no_entry_10s,1198,-0.6110491356998682,-0.8713041603167189,-0.6175059868877629,-0.2602550246168507,-0.25379817342895594,,
dualls_adapted,11,alt180,within_3s,656,-0.5795217272564769,-0.2301898977560241,-0.5784289382920912,0.3493318295004528,0.3482390405360671,,
dualls_adapted,11,alt180,within_5s,700,-0.5795217272564769,-0.20346174929823194,-0.5773878224624756,0.376059977958245,0.37392607316424364,,
dualls_adapted,11,alt180,within_10s,802,-0.5795217272564769,-0.1665839946775365,-0.567563334096579,0.4129377325789404,0.4009793394190425,,
dualls_adapted,11,alt180,ongoing,566,-0.5795217272564769,-0.33809027033644096,-0.5758825358167634,0.24143145692003593,0.23779226548032245,-0.19181034244230002,-0.14627992789414093
dualls_adapted,11,alt180,new_0_3s,90,-0.5795217272564769,0.4483835564719306,-0.5944429805258185,1.0279052837284075,1.0428265369977492,-0.06210387947112836,0.510487435943059
dualls_adapted,11,alt180,new_3_5s,44,-0.5795217272564769,0.1950306458906694,-0.5618657319118445,0.7745523731471463,0.756896377802514,-0.11689826164707183,0.3119289075377412
dualls_adapted,11,alt180,new_5_10s,102,-0.5795217272564769,0.08649863507233414,-0.5001403747227787,0.666020362328811,0.5866390097951129,-0.1402238945506836,0.22672252962301775
dualls_adapted,11,alt180,no_entry_10s,1198,-0.5795217272564769,-0.8559625131732633,-0.5875272625772098,-0.27644078591678645,-0.26843525059605355,,
dualls_adapted,23,alt180,within_3s,656,-0.4987741121649742,0.01826859392770907,-0.4857698112693024,0.5170427060926832,0.5040384051970115,,
dualls_adapted,23,alt180,within_5s,700,-0.4987741121649742,0.04357432791164943,-0.48825560228584114,0.5423484400766236,0.5318299301974906,,
dualls_adapted,23,alt180,within_10s,802,-0.4987741121649742,0.029277769333109296,-0.4874709846190157,0.5280518814980835,0.516748753952125,,
dualls_adapted,23,alt180,ongoing,566,-0.4987741121649742,0.01617720617843601,-0.47888790550272536,0.5149513183434102,0.49506511168116135,0.03836276475577505,-0.02218555857733904
dualls_adapted,23,alt180,new_0_3s,90,-0.4987741121649742,0.03142109910647074,-0.5290493519791094,0.530195211271445,0.5604704510855801,-0.037694220090028326,0.06911531919649908
dualls_adapted,23,alt180,new_3_5s,44,-0.4987741121649742,0.4208598163994876,-0.5253164865324149,0.9196339285644618,0.9461763029319026,0.11954869548950307,0.3013111209099845
dualls_adapted,23,alt180,new_5_10s,102,-0.4987741121649742,-0.06883586797059751,-0.48208635357217655,0.42993824419437665,0.41325048560157907,-0.0009825160789274133,-0.0678533518916701
dualls_adapted,23,alt180,no_entry_10s,1198,-0.4987741121649742,-0.8522779593782154,-0.5063409805221182,-0.3535038472132412,-0.3459369788560972,,
dualls_adapted,47,alt180,within_3s,656,-0.7465961945801973,-0.2417844539826236,-0.7133676925558677,0.5048117405975737,0.47158323857324413,,
dualls_adapted,47,alt180,within_5s,700,-0.7465961945801973,-0.23574899524450302,-0.7214414175135413,0.5108471993356943,0.4856924222690383,,
dualls_adapted,47,alt180,within_10s,802,-0.7465961945801973,-0.24005511607463817,-0.7109900951246404,0.5065410785055592,0.47093497905000226,,
dualls_adapted,47,alt180,ongoing,566,-0.7465961945801973,-0.3242130501215534,-0.7189991097318187,0.42238314445864394,0.3947860596102653,-0.2508505881500832,-0.07336246197147017
dualls_adapted,47,alt180,new_0_3s,90,-0.7465961945801973,0.2765998284022013,-0.6779523356493312,1.0231960229823986,0.9545521640515325,-0.1271420682310738,0.4037418966332751
dualls_adapted,47,alt180,new_3_5s,44,-0.7465961945801973,-0.14576579223979602,-0.8418133168824941,0.6008304023404013,0.696047524642698,-0.3098138311226626,0.16404803888286656
dualls_adapted,47,alt180,new_5_10s,102,-0.7465961945801973,-0.26960692569321276,-0.6392653336321836,0.47698926888698456,0.36965840793897087,-0.24968799498743974,-0.019918930705773025
dualls_adapted,47,alt180,no_entry_10s,1198,-0.7465961945801973,-1.0856996544812478,-0.7704326651673064,-0.3391034599010505,-0.3152669893139415,,
dualls_adapted,59,alt180,within_3s,656,-0.4745952173769474,-0.05894155972977964,-0.447276384181835,0.4156536576471677,0.38833482445205536,,
dualls_adapted,59,alt180,within_5s,700,-0.4745952173769474,-0.03219221174716949,-0.4434479064919263,0.44240300562977786,0.41125569474475676,,
dualls_adapted,59,alt180,within_10s,802,-0.4745952173769474,-0.03558312947316063,-0.4394265015620238,0.43901208790378676,0.4038433720888632,,
dualls_adapted,59,alt180,ongoing,566,-0.4745952173769474,-0.08982916823966765,-0.4638926613887288,0.38476604913727974,0.3740634931490612,-0.05649671207991444,-0.03333245615975321
dualls_adapted,59,alt180,new_0_3s,90,-0.4745952173769474,0.13530717823240493,-0.34277846308070314,0.6099023956093523,0.47808564131310805,0.09760355899192825,0.037703619240476674
dualls_adapted,59,alt180,new_3_5s,44,-0.4745952173769474,0.36661624908447266,-0.3863687845696511,0.8412114664614201,0.7529850336541237,-0.03335091215118511,0.3999671612356578
dualls_adapted,59,alt180,new_5_10s,102,-0.4745952173769474,-0.058854133475060556,-0.41182862459210456,0.4157410839018868,0.352974491117044,-0.03801383308690826,-0.020840300388152294
dualls_adapted,59,alt180,no_entry_10s,1198,-0.4745952173769474,-0.7684914565245576,-0.4981388818874389,-0.29389623914761026,-0.27035257463711876,,
dualls_adapted,71,alt180,within_3s,656,-0.6550958896577358,-0.2821166005621596,-0.571448639640096,0.3729792890955762,0.28933203907793636,,
dualls_adapted,71,alt180,within_5s,700,-0.6550958896577358,-0.23998769785676682,-0.5804372253134915,0.415108191800969,0.3404495274567247,,
dualls_adapted,71,alt180,within_10s,802,-0.6550958896577358,-0.19940111442397063,-0.5831907678258902,0.45569477523376517,0.38378965340191956,,
dualls_adapted,71,alt180,ongoing,566,-0.6550958896577358,-0.3490713031258263,-0.5798467586752972,0.3060245865319095,0.23077545554947093,-0.22880637201577683,-0.12026493111004946
dualls_adapted,71,alt180,new_0_3s,90,-0.6550958896577358,0.1389540844493442,-0.5186338021520517,0.79404997410708,0.6575878866013959,-0.032904283549169654,0.17185836799851387
dualls_adapted,71,alt180,new_3_5s,44,-0.6550958896577358,0.38811594247817993,-0.7144488662622979,1.0432118321359156,1.1025648087404778,-0.15736980601530887,0.5454857484934887
dualls_adapted,71,alt180,new_5_10s,102,-0.6550958896577358,0.0791342620756112,-0.6020876282050973,0.7342301517333469,0.6812218902807086,-0.20127088453917583,0.280405146614787
dualls_adapted,71,alt180,no_entry_10s,1198,-0.6550958896577358,-0.9601603385204067,-0.7032327074449981,-0.3050644488626709,-0.2569276310754086,,
dualls_adapted,89,alt180,within_3s,656,-0.6112885250747204,-0.04713358257601901,-0.5737700695502316,0.5641549424987015,0.5266364869742126,,
dualls_adapted,89,alt180,within_5s,700,-0.6112885250747204,-0.043442213875906806,-0.5679352274126781,0.5678463111988136,0.5244930135367712,,
dualls_adapted,89,alt180,within_10s,802,-0.6112885250747204,-0.038819502119411556,-0.560494029330288,0.5724690229553089,0.5216745272108765,,
dualls_adapted,89,alt180,ongoing,566,-0.6112885250747204,-0.06379312677012737,-0.5850121441970707,0.547495398304593,0.5212190174269433,-0.05995524509790388,-0.0038378816722234935
dualls_adapted,89,alt180,new_0_3s,90,-0.6112885250747204,0.05763643980026245,-0.5030699112156655,0.6689249648749829,0.5607063510159279,0.06765225361728668,-0.010015813817024224
dualls_adapted,89,alt180,new_3_5s,44,-0.6112885250747204,0.011592737653038719,-0.48094303554369894,0.6228812627277591,0.49253577319673764,-0.044731884681868415,0.056324622334907135
dualls_adapted,89,alt180,new_5_10s,102,-0.6112885250747204,-0.007095009672875498,-0.5094269836668265,0.604193515401845,0.502331973993951,-0.012932077195177031,0.005837067522301533
dualls_adapted,89,alt180,no_entry_10s,1198,-0.6112885250747204,-0.9945273868528153,-0.6452928536114771,-0.38323886177809485,-0.34923453324133813,,
dualls_adapted,107,alt180,within_3s,656,-0.7951935828924179,-0.2758967935493806,-0.7198949691032639,0.5192967893430374,0.44399817555388327,,
dualls_adapted,107,alt180,within_5s,700,-0.7951935828924179,-0.24212892166205816,-0.728482313700706,0.5530646612303598,0.4863533920386479,,
dualls_adapted,107,alt180,within_10s,802,-0.7951935828924179,-0.20968062685166214,-0.7242942440478194,0.5855129560407558,0.5146136171961573,,
dualls_adapted,107,alt180,ongoing,566,-0.7951935828924179,-0.33853679779561585,-0.7057850100634292,0.4566567850968021,0.36724821226781335,-0.20570549027253474,-0.13283130752308112
dualls_adapted,107,alt180,new_0_3s,90,-0.7951935828924179,0.11803923315472073,-0.8086309337315589,0.9132328160471387,0.9266701668862797,-0.267677575812133,0.3857168089668537
dualls_adapted,107,alt180,new_3_5s,44,-0.7951935828924179,0.26131935011256824,-0.8565118149716624,1.0565129330049863,1.1178311650842305,-0.3391293373403955,0.6004486874529638
dualls_adapted,107,alt180,new_5_10s,102,-0.7951935828924179,0.013003749298114403,-0.695552589567225,0.8081973321905324,0.7085563388653394,-0.12472433896773581,0.1377280882658502
dualls_adapted,107,alt180,no_entry_10s,1198,-0.7951935828924179,-1.1871646936976652,-0.8426570801823746,-0.39197111080524727,-0.3445076135152906,,
finetune,7,speed10,within_3s,542,36.80446161842346,47.00876206203581,37.43038706741462,10.204300443612347,9.578374994621186,,
finetune,7,speed10,within_5s,576,36.80446161842346,46.2673168612851,37.369797429438286,9.462855242861643,8.897519431846817,,
finetune,7,speed10,within_10s,674,36.80446161842346,45.188538678675805,37.286556572332884,8.384077060252345,7.9019821063429205,,
finetune,7,speed10,ongoing,500,36.80446161842346,48.17919189506769,37.5611213358136,11.374730276644229,10.618070559254086,45.58690644946541,2.592285445602279
finetune,7,speed10,new_0_3s,42,36.80446161842346,33.07507357356094,35.874026729331476,-3.7293880448625174,-2.7989531557705334,43.97683855985708,-10.901764986296136
finetune,7,speed10,new_3_5s,34,36.80446161842346,34.44780807284748,36.40392731816882,-2.3566535455759805,-1.9561192453213394,43.082615616992896,-8.634807544145417
finetune,7,speed10,new_5_10s,98,36.80446161842346,38.84796487068643,36.79730418771334,2.0435032522629726,2.0506606829730956,44.40597647145951,-5.558011600773078
finetune,7,speed10,no_entry_10s,1326,36.80446161842346,32.542871921130796,36.55941486206226,-4.2615896972926635,-4.0165429409314655,,
finetune,11,speed10,within_3s,542,56.52694030407071,63.72421874331372,56.9425990572544,7.197278439243007,6.781619686059322,,
finetune,11,speed10,within_5s,576,56.52694030407071,63.16934607881639,56.93863235300076,6.642405774745676,6.230713725815626,,
finetune,11,speed10,within_10s,674,56.52694030407071,62.796663152181075,56.847607306756174,6.269722848110362,5.949055845424901,,
finetune,11,speed10,ongoing,500,56.52694030407071,64.62857308232785,57.049416269561874,8.101632778257134,7.579156812765973,62.96846562815915,1.6601074541686955
finetune,11,speed10,new_0_3s,42,56.52694030407071,52.958095659812294,55.670965577403315,-3.5688446442584194,-2.7128699175910214,62.352683409694336,-9.394587749882042
finetune,11,speed10,new_3_5s,34,56.52694030407071,54.32402301535887,56.87539842048665,-2.202917288711845,-2.5513754051277786,62.400434611715035,-8.076411596356166
finetune,11,speed10,new_5_10s,98,56.52694030407071,60.606200236447,56.31260295331882,4.079259932376289,4.293597283128179,62.24786398454079,-1.6416637480937908
finetune,11,speed10,no_entry_10s,1326,56.52694030407071,53.340067604503304,56.36394666922154,-3.1868726995674095,-3.023879064718237,,
finetune,23,speed10,within_3s,542,59.95617464125901,66.4960198921746,60.373184725439025,6.53984525091559,6.122835166735577,,
finetune,23,speed10,within_5s,576,59.95617464125901,65.84016261583504,60.303581965420385,5.88398797457603,5.536580650414656,,
finetune,23,speed10,within_10s,674,59.95617464125901,65.146624710444,60.272451304156526,5.19045006918499,4.8741734062874755,,
finetune,23,speed10,ongoing,500,59.95617464125901,67.39131075242162,60.54035370221676,7.435136111162606,6.850957050204855,65.32360785732507,2.067702895096545
finetune,23,speed10,new_0_3s,42,59.95617464125901,55.837795365424384,58.38307785903719,-4.118379275834627,-2.5452824936128096,63.37333895315213,-7.535543587727744
finetune,23,speed10,new_3_5s,34,59.95617464125901,55.385026034186865,59.194032085123496,-4.571148607072146,-3.809006050936631,63.82260780152747,-8.437581767340603
finetune,23,speed10,new_5_10s,98,59.95617464125901,61.070320286921095,60.08947925427913,1.1141456456620844,0.980841032641969,65.46298188665705,-4.392661599735952
finetune,23,speed10,no_entry_10s,1326,59.95617464125901,57.31789157441838,59.795412596920464,-2.6382830668406285,-2.4775210225020814,,
finetune,47,speed10,within_3s,542,44.15324833258987,51.911736502363674,44.443772760519906,7.7584881697738055,7.467963741843768,,
finetune,47,speed10,within_5s,576,44.15324833258987,51.311738269558795,44.416988609728996,7.158489936968927,6.894749659829799,,
finetune,47,speed10,within_10s,674,44.15324833258987,50.69297714451831,44.386913360441355,6.539728811928441,6.3060637840769544,,
finetune,47,speed10,ongoing,500,44.15324833258987,52.90750098305941,44.59252057007593,8.754252650469539,8.314980412983473,50.973766899109236,1.9337340839501707
finetune,47,speed10,new_0_3s,42,44.15324833258987,40.05739744646208,42.672965503900414,-4.095850886127785,-2.615568057438331,49.31955219815944,-9.26215475169736
finetune,47,speed10,new_3_5s,34,44.15324833258987,41.74706055837519,43.990017735356275,-2.406187774214679,-2.2429571769810863,49.75425508385802,-8.00719452548283
finetune,47,speed10,new_5_10s,98,44.15324833258987,47.056177062647684,44.21014454830172,2.902928730057816,2.846032514345964,50.17466612935562,-3.1184890667079372
finetune,47,speed10,no_entry_10s,1326,44.15324833258987,40.829132782635284,44.03447742099718,-3.324115549954584,-3.2053446383618933,,
finetune,59,speed10,within_3s,542,37.46532494353503,46.501049590561664,37.79934383396306,9.035724647026633,8.701705756598606,,
finetune,59,speed10,within_5s,576,37.46532494353503,45.79864316459538,37.762546399830775,8.333318221060352,8.036096764764608,,
finetune,59,speed10,within_10s,674,37.46532494353503,44.96123440077291,37.72863090814657,7.495909457237879,7.232603492626339,,
finetune,59,speed10,ongoing,500,37.46532494353503,47.56088864827156,37.91144106487209,10.095563704736527,9.649447583399464,45.297809301920374,2.2630793463511836
finetune,59,speed10,new_0_3s,42,37.46532494353503,33.88391795115812,36.464852989807866,-3.5814069923769125,-2.5809350386497485,42.90636605408462,-9.022448102926504
finetune,59,speed10,new_3_5s,34,37.46532494353503,34.601458374191736,37.175952008662954,-2.863866569343294,-2.5744936344712173,43.47225068480552,-8.870792310613787
finetune,59,speed10,new_5_10s,98,37.46532494353503,40.03932166646938,37.52929087539049,2.5739967229343463,2.51003079107889,44.64125956740623,-4.6019379009368535
finetune,59,speed10,no_entry_10s,1326,37.46532494353503,33.65518695395861,37.331487673438374,-3.8101379895764182,-3.6763007194797623,,
finetune,71,speed10,within_3s,542,37.83010888519883,48.196045834749825,38.43537278510361,10.365936949550992,9.760673049646215,,
finetune,71,speed10,within_5s,576,37.83010888519883,47.35033183762183,38.378175797047156,9.520222952422998,8.972156040574674,,
finetune,71,speed10,within_10s,674,37.83010888519883,46.211902358853855,38.259197216668596,8.381793473655023,7.952705142185259,,
finetune,71,speed10,ongoing,500,37.83010888519883,49.42586134982109,38.62204135186995,11.595752464622258,10.803819997951138,46.63045880276909,2.7954025470519994
finetune,71,speed10,new_0_3s,42,37.83010888519883,33.55538494104431,36.21312794264727,-4.274723944154523,-2.6577430016029595,43.96685317639534,-10.41146823535103
finetune,71,speed10,new_3_5s,34,37.83010888519883,33.86865576575784,37.46638851685305,-3.961453119440989,-3.597732751095208,44.76791830768978,-10.89926254193194
finetune,71,speed10,new_5_10s,98,37.83010888519883,39.5207250142584,37.55989454015781,1.6906161290595705,1.9608304741005895,45.539548291968345,-6.0188232777099415
finetune,71,speed10,no_entry_10s,1326,37.83010888519883,33.569679924985046,37.612005163169705,-4.260428960213787,-4.0423252381846595,,
finetune,89,speed10,within_3s,542,56.037688390046355,63.40621697308833,56.55844016851022,7.368528583041972,6.84777680457811,,
finetune,89,speed10,within_5s,576,56.037688390046355,62.89535234351125,56.50872781264641,6.857663953464893,6.386624530864836,,
finetune,89,speed10,within_10s,674,56.037688390046355,62.61451385035359,56.43502137389416,6.576825460307234,6.17949247645943,,
finetune,89,speed10,ongoing,500,56.037688390046355,64.17657284677028,56.724004942621875,8.138884456723929,7.45256790414841,62.858642495328944,1.3179303514413405
finetune,89,speed10,new_0_3s,42,56.037688390046355,54.23531371496973,54.587430952894856,-1.8023746750766279,-0.3521172379251283,61.60842501986634,-7.373111304896611
finetune,89,speed10,new_3_5s,34,56.037688390046355,54.751569130841425,55.71625437505302,-1.2861192592049306,-0.9646852442115943,61.17227617012427,-6.420707039282846
finetune,89,speed10,new_5_10s,98,56.037688390046355,60.96387127832491,56.00180801959522,4.926182888278554,4.9620632587296924,62.300508641380056,-1.3366373630551465
finetune,89,speed10,no_entry_10s,1326,56.037688390046355,52.69471677598371,55.835725772313765,-3.342971614062648,-3.141008996330058,,
finetune,107,speed10,within_3s,542,38.00790807839856,45.843021153358954,38.5517042945905,7.835113074960397,7.291316858768454,,
finetune,107,speed10,within_5s,576,38.00790807839856,45.238133090289516,38.531085839156525,7.230225011890958,6.707047251132991,,
finetune,107,speed10,within_10s,674,38.00790807839856,44.5978728206469,38.443231525260266,6.589964742248341,6.154641295386632,,
finetune,107,speed10,ongoing,500,38.00790807839856,46.79387962394953,38.70799334780302,8.785971545550971,8.08588627614651,45.0359534784598,1.7579261454897264
finetune,107,speed10,new_0_3s,42,38.00790807839856,34.523277455852146,36.69112032777484,-3.484630622546412,-2.1678428719226943,42.6906445238724,-8.167367068020255
finetune,107,speed10,new_3_5s,34,38.00790807839856,35.595505731947284,38.20240340253251,-2.412402346451273,-2.6068976705852265,43.41818742608933,-7.822681694142048
finetune,107,speed10,new_5_10s,98,38.00790807839856,40.834710419482114,37.926863312971996,2.8268023410835568,2.9078471065101184,43.589429585677884,-2.7547191661957697
finetune,107,speed10,no_entry_10s,1326,38.00790807839856,34.65825782479721,37.78663507448845,-3.3496502536013466,-3.1283772496912405,,
reservoir,7,speed10,within_3s,542,0.2245069096237421,0.4652117709062196,0.26479641747162125,0.24070486128247753,0.20041535343459838,,
reservoir,7,speed10,within_5s,576,0.2245069096237421,0.4508238778863516,0.25964474714634167,0.2263169682626095,0.19117913074000992,,
reservoir,7,speed10,within_10s,674,0.2245069096237421,0.4082676070114979,0.25924953638765036,0.1837606973877558,0.14901807062384753,,
reservoir,7,speed10,ongoing,500,0.2245069096237421,0.5147838053107262,0.2691997581953892,0.2902768956869841,0.245584047115337,0.4006754293987863,0.1141083759119399
reservoir,7,speed10,new_0_3s,42,0.2245069096237421,-0.12493149581409636,0.21237569456962008,-0.34943840543783844,-0.3373071903837164,0.3725685532540505,-0.4975000490681469
reservoir,7,speed10,new_3_5s,34,0.2245069096237421,0.22146393621669097,0.17752106137276766,-0.0030429734070511194,0.04394287484392331,0.4536417421212353,-0.23217780590454434
reservoir,7,speed10,new_5_10s,98,0.2245069096237421,0.1581409537062353,0.25692666498962735,-0.0663659559175068,-0.09878571128339206,0.4465607546690232,-0.28841980096278785
reservoir,7,speed10,no_entry_10s,1326,0.2245069096237421,0.13110215092136848,0.20684738440588846,-0.09340475870237361,-0.07574523348451997,,
reservoir,11,speed10,within_3s,542,0.4596084547117352,1.0495783720729095,0.4761067222097996,0.5899699173611743,0.5734716498631098,,
reservoir,11,speed10,within_5s,576,0.4596084547117352,0.9897345553876625,0.47584146600760785,0.5301261006759272,0.5138930893800546,,
reservoir,11,speed10,within_10s,674,0.4596084547117352,0.8923993654084842,0.46996125681074175,0.43279091069674896,0.42243810859774245,,
reservoir,11,speed10,ongoing,500,0.4596084547117352,1.1100500668287276,0.4752090298863786,0.6504416121169925,0.6348410369423491,0.9088469527054758,0.20120311412325187
reservoir,11,speed10,new_0_3s,42,0.4596084547117352,0.32967724402745563,0.4867935355838603,-0.1299312106842796,-0.15711629155640466,0.8474947607781939,-0.5178175167507382
reservoir,11,speed10,new_3_5s,34,0.4596084547117352,0.03575371293460622,0.47161297007854847,-0.423854741777129,-0.43585925714394225,0.8074531688271991,-0.7716994558925929
reservoir,11,speed10,new_5_10s,98,0.4596084547117352,0.3203068202247425,0.43540002724548854,-0.13930163448699273,-0.11509320702074605,0.8571990636711372,-0.5368922434463947
reservoir,11,speed10,no_entry_10s,1326,0.4596084547117352,0.23962272785682664,0.45434617068856004,-0.21998572685490858,-0.2147234428317334,,
reservoir,23,speed10,within_3s,542,0.09397550882399082,0.2668366636187388,0.09885998431610124,0.172861154794748,0.16797667930263757,,
reservoir,23,speed10,within_5s,576,0.09397550882399082,0.22910067185552585,0.09497718859409573,0.13512516303153504,0.13412348326143012,,
reservoir,23,speed10,within_10s,674,0.09397550882399082,0.22451076375801415,0.093285301577528,0.13053525493402335,0.13122546218048614,,
reservoir,23,speed10,ongoing,500,0.09397550882399082,0.3211240629553795,0.09280912470028221,0.22714855413138868,0.22831493825509727,0.23570422312052786,0.08541983983485163
reservoir,23,speed10,new_0_3s,42,0.09397550882399082,-0.37944189991269794,0.170894027361566,-0.47341740873668875,-0.550335927274264,0.39156606685740913,-0.7710079667701071
reservoir,23,speed10,new_3_5s,34,0.09397550882399082,-0.3724554321345161,0.03308085679036015,-0.4664309409585069,-0.40553628892487625,0.022325632543770756,-0.39478106467828683
reservoir,23,speed10,new_5_10s,98,0.09397550882399082,0.19753334473590461,0.0833411493168853,0.1035578359119138,0.11419219541901932,0.1659520091646756,0.031581335571229024
reservoir,23,speed10,no_entry_10s,1326,0.09397550882399082,0.027625009709713506,0.09432633814836179,-0.06635049911427732,-0.06670132843864829,,
reservoir,47,speed10,within_3s,542,0.3288700862005353,1.2800976288164674,0.3747658565084174,0.951227542615932,0.90533177230805,,
reservoir,47,speed10,within_5s,576,0.3288700862005353,1.186821738206264,0.36597543680846706,0.8579516520057286,0.8208463013977969,,
reservoir,47,speed10,within_10s,674,0.3288700862005353,1.0114725165798686,0.363333095870358,0.6826024303793332,0.6481394207095106,,
reservoir,47,speed10,ongoing,500,0.3288700862005353,1.3891587867140769,0.37549852751512264,1.0602887005135415,1.0136602591989543,1.047473225664649,0.3416855610494278
reservoir,47,speed10,new_0_3s,42,0.3288700862005353,-0.018249489012218657,0.36604358261907005,-0.347119575212754,-0.38429307163128873,0.9302458576141756,-0.9484953466263942
reservoir,47,speed10,new_3_5s,34,0.3288700862005353,-0.3001056944622713,0.22584580512102242,-0.6289757806628067,-0.5259514995832937,0.81808303617721,-1.1181887306394813
reservoir,47,speed10,new_5_10s,98,0.3288700862005353,-0.01915147991812959,0.34780260219330905,-0.3480215661186649,-0.36695408211143865,0.9297011642110855,-0.9488526441292151
reservoir,47,speed10,no_entry_10s,1326,0.3288700862005353,-0.01809374341912579,0.31135268912854397,-0.3469638296196611,-0.32944643254766975,,
reservoir,59,speed10,within_3s,542,0.7186870691031217,1.1581198415028213,0.6948478933927494,0.4394327723996996,0.4632719481100719,,
reservoir,59,speed10,within_5s,576,0.7186870691031217,1.1360955980554637,0.6948145023790748,0.41740852895234193,0.44128109567638885,,
reservoir,59,speed10,within_10s,674,0.7186870691031217,1.031934411770689,0.7048710945144927,0.31324734266756726,0.3270633172561963,,
reservoir,59,speed10,ongoing,500,0.7186870691031217,1.1502123402655124,0.7010323222985747,0.4315252711623907,0.44918001796693774,1.0338681565640104,0.11634418370150201
reservoir,59,speed10,new_0_3s,42,0.7186870691031217,1.2522567609945934,0.6212237397519695,0.5335696918914716,0.6310330212426238,0.7927796929445472,0.4594770680500462
reservoir,59,speed10,new_3_5s,34,0.7186870691031217,0.7850032466299394,0.6942822103375592,0.06631617752681762,0.09072103629238015,1.2074626166902034,-0.422459370060264
reservoir,59,speed10,new_5_10s,98,0.7186870691031217,0.4197217250356869,0.763979227881847,-0.29896534406743486,-0.34425750284616013,1.0636657059214403,-0.6439439808857534
reservoir,59,speed10,no_entry_10s,1326,0.7186870691031217,0.5594648149870279,0.725709668554657,-0.1592222541160938,-0.16624485356762908,,
reservoir,71,speed10,within_3s,542,0.689593016423285,0.7345150924146835,0.6962124120011095,0.044922075991398525,0.038302680413573986,,
reservoir,71,speed10,within_5s,576,0.689593016423285,0.6868257316139837,0.6942890977047051,-0.002767284809301218,-0.007463366090721402,,
reservoir,71,speed10,within_10s,674,0.689593016423285,0.7029777876258958,0.6911389231991557,0.013384771202610835,0.011838864426740092,,
reservoir,71,speed10,ongoing,500,0.689593016423285,0.7915435103178025,0.6925392954956778,0.10195049389451749,0.09900421482212463,0.695898040320954,0.09564546999684842
reservoir,71,speed10,new_0_3s,42,0.689593016423285,0.05560535547279176,0.7399399894467257,-0.6339876609504932,-0.6843346339739339,0.7138717747813255,-0.6582664193085337
reservoir,71,speed10,new_3_5s,34,0.689593016423285,-0.07339878467952504,0.6636292050973202,-0.7629918011028101,-0.7370279897768452,0.4835346294427878,-0.5569334141223128
reservoir,71,speed10,new_5_10s,98,0.689593016423285,0.7979123209203992,0.6726236118196001,0.10831930449711424,0.12528870910079914,0.810563436301084,-0.012651115380684752
reservoir,71,speed10,no_entry_10s,1326,0.689593016423285,0.6827895957667544,0.6888072387709947,-0.006803420656530612,-0.006017643004240347,,
reservoir,89,speed10,within_3s,542,0.28943682224303485,0.5839453598010144,0.2955028051086013,0.2945085375579795,0.2884425546924131,,
reservoir,89,speed10,within_5s,576,0.28943682224303485,0.5391320943211516,0.2871783566561638,0.24969527207811676,0.2519537376649878,,
reservoir,89,speed10,within_10s,674,0.28943682224303485,0.5045143743473981,0.2841514270276953,0.21507755210436325,0.2203629473197028,,
reservoir,89,speed10,ongoing,500,0.28943682224303485,0.6342474002838134,0.3002862280961734,0.3448105780407786,0.33396117218764004,0.5441864912817909,0.09006090900202257
reservoir,89,speed10,new_0_3s,42,0.28943682224303485,-0.014888455470403036,0.23855729335178968,-0.30432527771343787,-0.25344574882219273,0.4663035528629327,-0.4811920083333357
reservoir,89,speed10,new_3_5s,34,0.28943682224303485,-0.17524407891666188,0.15447685485554316,-0.46468090115969674,-0.329720933772205,0.195383134291868,-0.37062721320852987
reservoir,89,speed10,new_5_10s,98,0.28943682224303485,0.30104695899145945,0.26636049370118703,0.011610136748424593,0.03468646529027242,0.4257312947253488,-0.12468433573388937
reservoir,89,speed10,no_entry_10s,1326,0.28943682224303485,0.1801138432699271,0.2921233655123702,-0.10932297897310775,-0.11200952224244312,,
reservoir,107,speed10,within_3s,542,0.2712359906435013,0.9717631929475004,0.3062172363641024,0.700527202303999,0.6655459565833979,,
reservoir,107,speed10,within_5s,576,0.2712359906435013,0.9249004665762186,0.30575381132070123,0.6536644759327173,0.6191466552555174,,
reservoir,107,speed10,within_10s,674,0.2712359906435013,0.7938082229666611,0.29414269234150736,0.5225722323231599,0.49966553062515373,,
reservoir,107,speed10,ongoing,500,0.2712359906435013,1.0519547626972199,0.3058337715019073,0.7807187720537185,0.7461209911953126,0.8023316901375903,0.24962307255962957
reservoir,107,speed10,new_0_3s,42,0.2712359906435013,0.017101648307981946,0.31078229424737647,-0.25413434233551935,-0.2936806459393945,0.8934185063080703,-0.8763168580000883
reservoir,107,speed10,new_3_5s,34,0.2712359906435013,0.17785347559872797,0.29836627092295087,-0.09338251504477332,-0.1205127953242229,0.8455145141320394,-0.6676610385333114
reservoir,107,speed10,new_5_10s,98,0.2712359906435013,0.023306872771710764,0.22589774813726596,-0.24792911787179053,-0.2025908753655552,0.6896921067888389,-0.6663852340171281
reservoir,107,speed10,no_entry_10s,1326,0.2712359906435013,0.0056148107145346845,0.25959261436563097,-0.2656211799289666,-0.2539778036510963,,
gss_adapted,7,speed10,within_3s,542,0.16722028732299804,0.1784365148561907,0.17046200333673,0.011216227533192652,0.007974511519460686,,
gss_adapted,7,speed10,within_5s,576,0.16722028732299804,0.14408280752185318,0.16460433427037086,-0.02313747980114486,-0.020521526748517677,,
gss_adapted,7,speed10,within_10s,674,0.16722028732299804,0.15790925835997133,0.1573327681019488,-0.009311028963026713,0.0005764902580225328,,
gss_adapted,7,speed10,ongoing,500,0.16722028732299804,0.2252219420671463,0.16930994658789375,0.05800165474414826,0.055911995479252546,0.17310361033202315,0.05211833173512315
gss_adapted,7,speed10,new_0_3s,42,0.16722028732299804,-0.37853285670280457,0.18417696463240046,-0.5457531440258026,-0.5627098213352051,0.07065673322024218,-0.44918958992304675
gss_adapted,7,speed10,new_3_5s,34,0.16722028732299804,-0.4035557035137625,0.0712261979772331,-0.5707759908367606,-0.47478190149099564,0.030704979598944006,-0.43426068311270655
gss_adapted,7,speed10,new_5_10s,98,0.16722028732299804,0.23917492859217584,0.11459376694877395,0.0719546412691778,0.1245811616434019,0.16191309047953892,0.07726183811263693
gss_adapted,7,speed10,no_entry_10s,1326,0.16722028732299804,0.17195304261793018,0.1722460700944816,0.004732755294932139,-0.0002930274765514107,,
gss_adapted,11,speed10,within_3s,542,0.2275677957162261,0.40328336383363855,0.22293971478658772,0.17571556811741246,0.18034364904705083,,
gss_adapted,11,speed10,within_5s,576,0.2275677957162261,0.41547648060239023,0.2283339679647847,0.18790868488616413,0.18714251263760553,,
gss_adapted,11,speed10,within_10s,674,0.2275677957162261,0.3655004318283998,0.22253435039834896,0.1379326361121737,0.14296608143005085,,
gss_adapted,11,speed10,ongoing,500,0.2275677957162261,0.4009051097035408,0.2195036551257055,0.17333731398731472,0.18140145457783532,0.36244669204226987,0.03845841766127095
gss_adapted,11,speed10,new_0_3s,42,0.2275677957162261,0.4315959130014692,0.2638451869399483,0.20402811728524312,0.16775072606152092,0.45449321323703384,-0.022897300235564633
gss_adapted,11,speed10,new_3_5s,34,0.2275677957162261,0.6098491067395491,0.31432470980545385,0.38228131102332297,0.2955243969340952,0.6550007292417964,-0.04515162250224736
gss_adapted,11,speed10,new_5_10s,98,0.2275677957162261,0.07176365536086414,0.18844680225276803,-0.15580414035536194,-0.11668314689190389,0.24250209470438805,-0.1707384393435239
gss_adapted,11,speed10,no_entry_10s,1326,0.2275677957162261,0.1574572401056642,0.23012627395472468,-0.0701105556105619,-0.07266903384906048,,
gss_adapted,23,speed10,within_3s,542,0.044675609722733496,-0.037285891076295576,0.04130031420542639,-0.08196150079902907,-0.07858620528172197,,
gss_adapted,23,speed10,within_5s,576,0.044675609722733496,-0.010864142018059889,0.03911781593524427,-0.05553975174079338,-0.04998195795330416,,
gss_adapted,23,speed10,within_10s,674,0.044675609722733496,0.013335554200039419,0.03673354842728717,-0.031340055522694074,-0.02339799422724775,,
gss_adapted,23,speed10,ongoing,500,0.044675609722733496,-0.07777568745613098,0.042576110343783474,-0.12245129717886447,-0.12035179779991445,0.020649160002716792,-0.09842484745884778
gss_adapted,23,speed10,new_0_3s,42,0.044675609722733496,0.4447354943979354,0.02611226493927089,0.4000598846752019,0.41862322945866454,-0.023123620873098095,0.4678591152710335
gss_adapted,23,speed10,new_3_5s,34,0.044675609722733496,0.4103296223808737,0.004326225863517198,0.36565401265814024,0.4060033965173565,-0.019886684697428554,0.4302163070783023
gss_adapted,23,speed10,new_5_10s,98,0.044675609722733496,0.15557050340029657,0.022719894502967766,0.11089489367756308,0.1328506088973288,0.0031726825086822396,0.15239782089161433
gss_adapted,23,speed10,no_entry_10s,1326,0.044675609722733496,0.06060562286171978,0.0487125247401776,0.01593001313898628,0.011893098121542177,,
gss_adapted,47,speed10,within_3s,542,0.13808560222387314,-0.2282677898217831,0.12966944491263419,-0.36635339204565626,-0.3579372347344173,,
gss_adapted,47,speed10,within_5s,576,0.13808560222387314,-0.1880767884043356,0.1291385671379961,-0.32616239062820873,-0.3172153555423317,,
gss_adapted,47,speed10,within_10s,674,0.13808560222387314,-0.12641634453828682,0.13081738074167537,-0.26450194676216,-0.2572337252799622,,
gss_adapted,47,speed10,ongoing,500,0.13808560222387314,-0.2791925435066223,0.12327364320131727,-0.4172781457304955,-0.4024661867079396,-0.14173269365135566,-0.13745984985526666
gss_adapted,47,speed10,new_0_3s,42,0.13808560222387314,0.377979277854874,0.20580994147593062,0.23989367563100086,0.17216933637894338,-0.012933073661778205,0.3909123515166522
gss_adapted,47,speed10,new_3_5s,34,0.13808560222387314,0.4526150577208575,0.12067575084817717,0.3145294554969844,0.33193930687268036,-0.03944666833776903,0.4920617260586266
gss_adapted,47,speed10,new_5_10s,98,0.13808560222387314,0.23599606022542838,0.14068469335105566,0.09791045800155523,0.09531136687437272,-0.1270805466923332,0.36307660691776156
gss_adapted,47,speed10,no_entry_10s,1326,0.13808560222387314,0.2725307848164039,0.14178000741165694,0.13444518259253077,0.13075077740474697,,
gss_adapted,59,speed10,within_3s,542,0.04654437537491322,0.10133171092540136,0.046149695581572586,0.05478733555048814,0.05518201534382877,,
gss_adapted,59,speed10,within_5s,576,0.04654437537491322,0.10085079974184434,0.044031581717805954,0.05430642436693112,0.05681921802403839,,
gss_adapted,59,speed10,within_10s,674,0.04654437537491322,0.10487573604909178,0.037487882104254806,0.058331360674178566,0.06738785394483698,,
gss_adapted,59,speed10,ongoing,500,0.04654437537491322,0.1406254096031189,0.04502181797376559,0.09408103422820568,0.09560359162935331,0.12290048706020622,0.017724922542912677
gss_adapted,59,speed10,new_0_3s,42,0.04654437537491322,-0.3664504161902836,0.05957680996022748,-0.41299479156519686,-0.4260272261505111,0.09138336473998161,-0.4578337809302652
gss_adapted,59,speed10,new_3_5s,34,0.04654437537491322,0.09318450969808242,0.010266354830702236,0.046640134323169206,0.08291815486738019,-0.023613375389189655,0.11679788508727208
gss_adapted,59,speed10,new_5_10s,98,0.04654437537491322,0.12853250454883186,-0.0009730462366171908,0.08198812917391865,0.12950555078544906,0.06327302052181605,0.06525948402701581
gss_adapted,59,speed10,no_entry_10s,1326,0.04654437537491322,0.016894799888943116,0.05114775129076825,-0.029649575485970102,-0.03425295140182513,,
gss_adapted,71,speed10,within_3s,542,0.5467951041162014,0.6040179652481501,0.5509652876736756,0.05722286113194874,0.053052677574474516,,
gss_adapted,71,speed10,within_5s,576,0.5467951041162014,0.5824476810586121,0.5531123721456008,0.03565257694241075,0.029335308913011282,,
gss_adapted,71,speed10,within_10s,674,0.5467951041162014,0.5714124553458273,0.5390327642777796,0.02461735122962594,0.03237969106804772,,
gss_adapted,71,speed10,ongoing,500,0.5467951041162014,0.6501725943088531,0.5453330799738045,0.10337749019265174,0.10483951433504857,0.5942806587467958,0.05589193556205729
gss_adapted,71,speed10,new_0_3s,42,0.5467951041162014,0.05455809547787621,0.6180153793388117,-0.49223700863832515,-0.5634572838609355,0.5820218700483736,-0.5274637745704973
gss_adapted,71,speed10,new_3_5s,34,0.5467951041162014,0.23859197427244747,0.5873394246098198,-0.30820312984375386,-0.3487474503373723,0.5463507104807431,-0.30775873620829564
gss_adapted,71,speed10,new_5_10s,98,0.5467951041162014,0.5065523531972146,0.4562791506873184,-0.04024275091898677,0.0502732025098962,0.4588859472582942,0.04766640593892041
gss_adapted,71,speed10,no_entry_10s,1326,0.5467951041162014,0.5342822121638878,0.5507406675031519,-0.012512891952313532,-0.016458455339264044,,
gss_adapted,89,speed10,within_3s,542,-0.24473405741155146,-0.260310890379867,-0.243097300598524,-0.015576832968315524,-0.01721358978134299,,
gss_adapted,89,speed10,within_5s,576,-0.24473405741155146,-0.25995182442582315,-0.2490751288878345,-0.015217767014271688,-0.010876695537988645,,
gss_adapted,89,speed10,within_10s,674,-0.24473405741155146,-0.24313509437733657,-0.24892572519246242,0.0015989630342148897,0.005790630815125847,,
gss_adapted,89,speed10,ongoing,500,-0.24473405741155146,-0.26338065910339353,-0.24510025725571685,-0.01864660169184207,-0.01828040184767668,-0.23658867517647475,-0.026791983926918783
gss_adapted,89,speed10,new_0_3s,42,-0.24473405741155146,-0.22376602462359838,-0.21925257848908614,0.02096803278795309,-0.004513446134512239,-0.22000088927797157,-0.0037651353456268077
gss_adapted,89,speed10,new_3_5s,34,-0.24473405741155146,-0.2542278906878303,-0.34436874455860667,-0.00949383327627884,0.09014085387077636,-0.39977997376907715,0.14555208308124684
gss_adapted,89,speed10,new_5_10s,98,-0.24473405741155146,-0.14429390552092572,-0.2480475973502758,0.10044015189062575,0.10375369182935007,-0.2321036690231029,0.08780976350217717
gss_adapted,89,speed10,no_entry_10s,1326,-0.24473405741155146,-0.24554680332788695,-0.2426034510131096,-0.0008127459163354833,-0.0029433523147773533,,
gss_adapted,107,speed10,within_3s,542,0.025526824776083232,-0.023701504917602256,0.005724690182607307,-0.049228329693685485,-0.029426195100209565,,
gss_adapted,107,speed10,within_5s,576,0.025526824776083232,-0.014094366692006588,0.007622487328349823,-0.03962119146808982,-0.02171685402035641,,
gss_adapted,107,speed10,within_10s,674,0.025526824776083232,-0.02724153926535247,0.007764605886744982,-0.0527683640414357,-0.035006145152097455,,
gss_adapted,107,speed10,ongoing,500,0.025526824776083232,-0.016774351954460143,-0.0026620691692655182,-0.04230117673054337,-0.014112282785194625,-0.03260954590172319,0.01583519394726305
gss_adapted,107,speed10,new_0_3s,42,0.025526824776083232,-0.10616761162167504,0.10556706341918842,-0.13169443639775827,-0.21173467504086346,0.07507966608375459,-0.18124727770542964
gss_adapted,107,speed10,new_3_5s,34,0.025526824776083232,0.13905471913954792,0.0378756065340102,0.1135278943634647,0.10117911260553772,0.03243456787487144,0.10662015126467649
gss_adapted,107,speed10,new_5_10s,98,0.025526824776083232,-0.10451471683930377,0.008599914964659285,-0.130041541615387,-0.11311463180396306,-0.06440965099233975,-0.04010506584696402
gss_adapted,107,speed10,no_entry_10s,1326,0.025526824776083232,0.05234875340649625,0.0345552829445704,0.02682192863041302,0.01779347046192585,,
cgsm_dual,7,speed10,within_3s,542,0.17962852891534567,0.17127672181468168,0.17459303695812448,-0.008351807100663994,-0.0033163151434427995,,
cgsm_dual,7,speed10,within_5s,576,0.17962852891534567,0.17614747648541298,0.1738665737075883,-0.003481052429932685,0.002280902777824695,,
cgsm_dual,7,speed10,within_10s,674,0.17962852891534567,0.18845302655806528,0.17163672428798618,0.008824497642719614,0.016816302270079103,,
cgsm_dual,7,speed10,ongoing,500,0.17962852891534567,0.1584184892475605,0.16767659839588916,-0.021210039667785174,-0.00925810914832867,0.1793563562363799,-0.020937866988819415
cgsm_dual,7,speed10,new_0_3s,42,0.17962852891534567,0.3243509190423148,0.25693159127045045,0.1447223901269691,0.06741932777186432,0.2835626594945457,0.0407882595477691
cgsm_dual,7,speed10,new_3_5s,34,0.17962852891534567,0.2537930362364825,0.162285894831393,0.07416450732113686,0.09150714140508953,0.20191401422314137,0.05187902201334116
cgsm_dual,7,speed10,new_5_10s,98,0.17962852891534567,0.2607795249442665,0.15853067055644715,0.08115099602892081,0.10224885438781933,0.18943319999579897,0.07134632494846752
cgsm_dual,7,speed10,no_entry_10s,1326,0.17962852891534567,0.17514307536240975,0.18369072825082103,-0.00448545355293592,-0.008547652888411278,,
cgsm_dual,11,speed10,within_3s,542,0.14249139165878297,0.057270244148824485,0.13187445225599317,-0.08522114750995849,-0.0746042081071687,,
cgsm_dual,11,speed10,within_5s,576,0.14249139165878297,0.07084302759418885,0.1334075912257929,-0.07164836406459411,-0.06256456363160405,,
cgsm_dual,11,speed10,within_10s,674,0.14249139165878297,0.10374537198762865,0.13484962599607495,-0.03874601967115432,-0.031104254008446297,,
cgsm_dual,11,speed10,ongoing,500,0.14249139165878297,0.06956677633523942,0.12773371857404803,-0.07292461532354355,-0.05816694223880861,0.09392813356881773,-0.02436135723357831
cgsm_dual,11,speed10,new_0_3s,42,0.14249139165878297,-0.0891170437846865,0.18116890085057763,-0.23160843544346948,-0.2702859446352641,0.12317335361097041,-0.21229039739565692
cgsm_dual,11,speed10,new_3_5s,34,0.14249139165878297,0.2872091636938207,0.15784763009730657,0.14471777203503775,0.12936153359651414,0.13316347593598313,0.15404568775783758
cgsm_dual,11,speed10,new_5_10s,98,0.14249139165878297,0.2971305798511116,0.14332525893161038,0.1546391881923286,0.1538053209195012,0.13530076430376187,0.1618298155473497
cgsm_dual,11,speed10,no_entry_10s,1326,0.14249139165878297,0.16218582398031992,0.14637566771961644,0.019694432321536948,0.01581015626070348,,
cgsm_dual,23,speed10,within_3s,542,0.054681390568614006,-0.0057790678585587394,0.08298605756630574,-0.06046045842717274,-0.08876512542486448,,
cgsm_dual,23,speed10,within_5s,576,0.054681390568614006,0.02104520621813006,0.07889679608855733,-0.03363618435048395,-0.057851589870427274,,
cgsm_dual,23,speed10,within_10s,674,0.054681390568614006,0.027469825364361884,0.07196973967702515,-0.027211565204252122,-0.044499914312663265,,
cgsm_dual,23,speed10,ongoing,500,0.054681390568614006,-0.024272815465927123,0.08504345270196834,-0.07895420603454113,-0.10931626816789546,0.04009509146064804,-0.06436790692657517
cgsm_dual,23,speed10,new_0_3s,42,0.054681390568614006,0.21438459413392202,0.058493258332227356,0.159703203565308,0.15589133580169467,-0.07831446437725569,0.2926990585111777
cgsm_dual,23,speed10,new_3_5s,34,0.054681390568614006,0.4486556929700515,0.013709157237392286,0.3939743024014375,0.4349465357326592,0.012206587064264618,0.43644910590578684
cgsm_dual,23,speed10,new_5_10s,98,0.054681390568614006,0.06523085218303058,0.03125561219699882,0.010549461614416576,0.03397523998603176,0.013686735805261547,0.05154411637776904
cgsm_dual,23,speed10,no_entry_10s,1326,0.054681390568614006,0.06851291013698951,0.04589379833703853,0.013831519568375507,0.022619111799950985,,
cgsm_dual,47,speed10,within_3s,542,0.11661909378319979,0.10899727082230508,0.1204814257837982,-0.007621822960894711,-0.011484154961493118,,
cgsm_dual,47,speed10,within_5s,576,0.11661909378319979,0.11435512823259665,0.11887463510245581,-0.002263965550603139,-0.004519506869859163,,
cgsm_dual,47,speed10,within_10s,674,0.11661909378319979,0.10528097854435267,0.11619163495913604,-0.011338115238847118,-0.010910656414783365,,
cgsm_dual,47,speed10,ongoing,500,0.11661909378319979,0.12921358731389046,0.12173487765900344,0.01259449353069067,0.00747870965488702,0.11317361097262868,0.01603997634126178
cgsm_dual,47,speed10,new_0_3s,42,0.11661909378319979,-0.13167316360133036,0.10555937965040221,-0.24829225738453015,-0.23723254325173257,0.04761087160572798,-0.17928403520705832
cgsm_dual,47,speed10,new_3_5s,34,0.11661909378319979,0.1997656787143034,0.09326050129988021,0.0831465849311036,0.10650517741442318,0.12322403533765337,0.07654164337665002
cgsm_dual,47,speed10,new_5_10s,98,0.11661909378319979,0.051947200784877856,0.100422164729012,-0.06467189299832193,-0.04847496394413414,0.08350306371080171,-0.031555862925923855
cgsm_dual,47,speed10,no_entry_10s,1326,0.11661909378319979,0.12238220816553988,0.11683636923374198,0.00576311438234009,0.0055458389317979,,
cgsm_dual,59,speed10,within_3s,542,0.2506099805533886,0.2502967008145533,0.24473816328815237,-0.0003132797388353259,0.005558537526400925,,
cgsm_dual,59,speed10,within_5s,576,0.2506099805533886,0.23964051208976242,0.24518617298507855,-0.010969468463626203,-0.005545660895316135,,
cgsm_dual,59,speed10,within_10s,674,0.2506099805533886,0.22613678169533477,0.23990025084641703,-0.024473198858053852,-0.013763469151082258,,
cgsm_dual,59,speed10,ongoing,500,0.2506099805533886,0.2681871689558029,0.24378349093773755,0.01757718840241429,0.024403678018065367,0.2412967539475696,0.026890415008233304
cgsm_dual,59,speed10,new_0_3s,42,0.2506099805533886,0.03731493722824823,0.2561033103168995,-0.21329504332514038,-0.21878837308865123,0.19313070279376704,-0.1558157655655188
cgsm_dual,59,speed10,new_3_5s,34,0.2506099805533886,0.06976832712397855,0.2523279746243129,-0.18084165342941005,-0.18255964750033432,0.1455941544043746,-0.07582582728039604
cgsm_dual,59,speed10,new_5_10s,98,0.2506099805533886,0.14676791733624983,0.20883197378652918,-0.10384206321713879,-0.06206405645027935,0.19087880736514187,-0.04411089002889204
cgsm_dual,59,speed10,no_entry_10s,1326,0.2506099805533886,0.26304960048576287,0.25605368931847056,0.012439619932374246,0.0069959111672923124,,
cgsm_dual,71,speed10,within_3s,542,0.2769879032969475,0.17324787084136942,0.27180849380632105,-0.10374003245557809,-0.09856062296495163,,
cgsm_dual,71,speed10,within_5s,576,0.2769879032969475,0.16600219380213982,0.26955443125730816,-0.11098570949480768,-0.10355223745516834,,
cgsm_dual,71,speed10,within_10s,674,0.2769879032969475,0.2067685463971483,0.2678927093338055,-0.07021935689979919,-0.06112416293665718,,
cgsm_dual,71,speed10,ongoing,500,0.2769879032969475,0.2185245658457279,0.2703712114279184,-0.058463337451219594,-0.051846645582190515,0.20824577033652128,0.010278795509206629
cgsm_dual,71,speed10,new_0_3s,42,0.2769879032969475,-0.3657604030200413,0.28891899831111745,-0.6427483063169888,-0.6546794013311588,0.17701376953671544,-0.5427741725567568
cgsm_dual,71,speed10,new_3_5s,34,0.2769879032969475,0.05049757747089162,0.23362202238774848,-0.22649032582605588,-0.18312444491685687,0.17807117908585443,-0.1275736016149628
cgsm_dual,71,speed10,new_5_10s,98,0.2769879032969475,0.4463748636902595,0.25812585394668675,0.16938696039331202,0.18824900974357278,0.22193996626485962,0.2244348974253999
cgsm_dual,71,speed10,no_entry_10s,1326,0.2769879032969475,0.3126800952656237,0.28161095060551294,0.03569219196867618,0.031069144660110737,,
cgsm_dual,89,speed10,within_3s,542,0.16573915151506663,-0.11158626647562998,0.14183368147364717,-0.2773254179906966,-0.25341994794927714,,
cgsm_dual,89,speed10,within_5s,576,0.16573915151506663,-0.13813173266438147,0.1321237527463755,-0.3038708841794481,-0.27025548541075695,,
cgsm_dual,89,speed10,within_10s,674,0.16573915151506663,-0.06047308845141521,0.13226111907349786,-0.22621223996648185,-0.19273420752491308,,
cgsm_dual,89,speed10,ongoing,500,0.16573915151506663,-0.0745397026836872,0.1423501250661226,-0.24027885419875383,-0.2168898277498098,-0.05131842863800877,-0.023221274045678433
cgsm_dual,89,speed10,new_0_3s,42,0.16573915151506663,-0.552616787808282,0.13568554346798672,-0.7183559393233487,-0.6883023312762688,-0.11479764078991286,-0.4378191470183692
cgsm_dual,89,speed10,new_3_5s,34,0.16573915151506663,-0.5612976936733022,-0.022663934611896155,-0.7270368451883689,-0.538633759061406,-0.33629134264503463,-0.22500635102826755
cgsm_dual,89,speed10,new_5_10s,98,0.16573915151506663,0.3959695550860191,0.13306849666964554,0.23023040357095248,0.26290105841637357,0.011793461896510695,0.3841760931895084
cgsm_dual,89,speed10,no_entry_10s,1326,0.16573915151506663,0.2807218436247263,0.18275588897028333,0.11498269210965967,0.09796595465444297,,
cgsm_dual,107,speed10,within_3s,542,0.12900253795832395,0.08492053379871749,0.11273874179456318,-0.04408200415960646,-0.027818207995845695,,
cgsm_dual,107,speed10,within_5s,576,0.12900253795832395,0.10093653667718172,0.11125409037841506,-0.028066001281142228,-0.010317553701233342,,
cgsm_dual,107,speed10,within_10s,674,0.12900253795832395,0.07816837166466416,0.11129475326065774,-0.05083416629365979,-0.033126381595993584,,
cgsm_dual,107,speed10,ongoing,500,0.12900253795832395,0.07396493268013,0.11286490855056912,-0.05503760527819394,-0.03889997587043911,0.08834637587753917,-0.014381443197409166
cgsm_dual,107,speed10,new_0_3s,42,0.12900253795832395,0.21534435663904464,0.11123675660401675,0.08634181868072069,0.10410760003502789,0.07643378096488827,0.13891057567415638
cgsm_dual,107,speed10,new_3_5s,34,0.12900253795832395,0.35625046491622925,0.08758700015628934,0.2272479269579053,0.2686634647599399,0.09120186141555599,0.2650486035006733
cgsm_dual,107,speed10,new_5_10s,98,0.12900253795832395,-0.05565267983747988,0.11153375142567558,-0.18465521779580382,-0.16718643126315547,0.022461351781222823,-0.0781140316187027
cgsm_dual,107,speed10,no_entry_10s,1326,0.12900253795832395,0.1548413223338343,0.13800332746528252,0.02583878437551035,0.01683799486855178,,
dualls_adapted,7,speed10,within_3s,542,0.08795169671624899,0.15710082210297954,0.0878331972291675,0.06914912538673056,0.06926762487381204,,
dualls_adapted,7,speed10,within_5s,576,0.08795169671624899,0.18950790115114716,0.08256954024382539,0.10155620443489817,0.10693836090732177,,
dualls_adapted,7,speed10,within_10s,674,0.08795169671624899,0.18682568106877698,0.08574782400952963,0.09887398435252799,0.10107785705924735,,
dualls_adapted,7,speed10,ongoing,500,0.08795169671624899,0.1413431226015091,0.08960827131443348,0.05339142588526012,0.051734851287075626,0.1917212174545787,-0.0503780948530696
dualls_adapted,7,speed10,new_0_3s,42,0.08795169671624899,0.34469248283477055,0.06670136288076346,0.2567407861185216,0.2779911199540071,0.18815813183594504,0.1565343509988255
dualls_adapted,7,speed10,new_3_5s,34,0.08795169671624899,0.7061148671542897,-0.001339344640157813,0.6181631704380407,0.7074542117944476,0.10270820694914923,0.6034066602051404
dualls_adapted,7,speed10,new_5_10s,98,0.08795169671624899,0.17106079568668286,0.10442834899979077,0.08310909897043388,0.0666324466868921,0.19046101775189353,-0.019400222065210665
dualls_adapted,7,speed10,no_entry_10s,1326,0.08795169671624899,0.037694482950333556,0.08907191557320894,-0.05025721376591543,-0.051377432622875384,,
dualls_adapted,11,speed10,within_3s,542,0.14575497453659772,0.22012980480255676,0.1497495033402766,0.07437483026595904,0.07038030146228016,,
dualls_adapted,11,speed10,within_5s,576,0.14575497453659772,0.23560009001650745,0.14784650528058896,0.08984511547990973,0.08775358473591849,,
dualls_adapted,11,speed10,within_10s,674,0.14575497453659772,0.23336197860339983,0.14718907120036784,0.08760700406680211,0.08617290740303199,,
dualls_adapted,11,speed10,ongoing,500,0.14575497453659772,0.2210692098736763,0.14583898068039408,0.07531423533707857,0.0752302291932822,0.2548089975341536,-0.033739787660477305
dualls_adapted,11,speed10,new_0_3s,42,0.14575497453659772,0.2089464110987527,0.19630334452935425,0.06319143656215498,0.012643066569398453,0.1964103022631872,0.012536108835565496
dualls_adapted,11,speed10,new_3_5s,34,0.14575497453659772,0.48221463666242714,0.11751047738792095,0.33645966212582945,0.36470415927450617,0.12916693723616562,0.3530476994262615
dualls_adapted,11,speed10,new_5_10s,98,0.14575497453659772,0.220207364583502,0.14332496885131346,0.0744523900469043,0.07688239573218855,0.17592414541358337,0.04428321916991865
dualls_adapted,11,speed10,no_entry_10s,1326,0.14575497453659772,0.10122471756749922,0.1450260294752244,-0.0445302569690985,-0.04380131190772517,,
dualls_adapted,23,speed10,within_3s,542,0.12683757551014424,0.17442999934138406,0.14294181668275546,0.04759242383123982,0.0314881826586286,,
dualls_adapted,23,speed10,within_5s,576,0.12683757551014424,0.19596164906397462,0.1377095935953905,0.06912407355383038,0.05825205546858411,,
dualls_adapted,23,speed10,within_10s,674,0.12683757551014424,0.18139070316662775,0.13682871360681464,0.05455312765648351,0.04456198955981311,,
dualls_adapted,23,speed10,ongoing,500,0.12683757551014424,0.1488183930516243,0.14196634095095975,0.02198081754148007,0.006852052100664557,0.1846258592849174,-0.03580746623329309
dualls_adapted,23,speed10,new_0_3s,42,0.12683757551014424,0.4793300742194766,0.15455462301365674,0.35249249870933236,0.32477545120581985,0.20292910457870036,0.2764009696407762
dualls_adapted,23,speed10,new_3_5s,34,0.12683757551014424,0.5392014769946828,0.054301802026220515,0.41236390148453855,0.48489967496846226,0.13491395758159208,0.4042875194130907
dualls_adapted,23,speed10,new_5_10s,98,0.12683757551014424,0.09574922523936447,0.13165129653110327,-0.031088350270779774,-0.03590207129173881,0.17177864634458007,-0.0760294211052156
dualls_adapted,23,speed10,no_entry_10s,1326,0.12683757551014424,0.09910845934086077,0.12175912371741734,-0.027729116169283474,-0.02265066437655658,,
dualls_adapted,47,speed10,within_3s,542,0.2737587485462427,0.34631350867422744,0.2930815525595808,0.07255476012798473,0.05323195611464665,,
dualls_adapted,47,speed10,within_5s,576,0.2737587485462427,0.35780377210014397,0.28601675451039293,0.08404502355390125,0.07178701758975103,,
dualls_adapted,47,speed10,within_10s,674,0.2737587485462427,0.34716604225536485,0.28101267124807705,0.07340729370912213,0.0661533710072878,,
dualls_adapted,47,speed10,ongoing,500,0.2737587485462427,0.3319407322406769,0.2962430626053193,0.05818198369443417,0.03569766963535759,0.3645174103090032,-0.032576678068326315
dualls_adapted,47,speed10,new_0_3s,42,0.2737587485462427,0.5174179900260198,0.2554445282055496,0.24365924147977713,0.26197346182047027,0.2755250130685806,0.24189297695743922
dualls_adapted,47,speed10,new_3_5s,34,0.2737587485462427,0.540972089066225,0.1733955620792225,0.26721334051998225,0.3675765269870025,0.24724280957691758,0.2937292794893074
dualls_adapted,47,speed10,new_5_10s,98,0.2737587485462427,0.2846422423513568,0.25160091656344435,0.010883493805114108,0.03304132578791247,0.3240091964399862,-0.03936695408862939
dualls_adapted,47,speed10,no_entry_10s,1326,0.2737587485462427,0.23644614224160598,0.27007161136597396,-0.03731260630463673,-0.03362546912436798,,
dualls_adapted,59,speed10,within_3s,542,0.20190615754947067,0.15070530915172337,0.1987302485388252,-0.0512008483977473,-0.04802493938710184,,
dualls_adapted,59,speed10,within_5s,576,0.20190615754947067,0.15071490882999367,0.19918303834055517,-0.051191248719477,-0.04846812951056151,,
dualls_adapted,59,speed10,within_10s,674,0.20190615754947067,0.14802224027650646,0.19899537927005032,-0.05388391727296421,-0.05097313899354386,,
dualls_adapted,59,speed10,ongoing,500,0.20190615754947067,0.13927321088314057,0.19460204454317923,-0.0626329466663301,-0.05532883366003866,0.14034788611884552,-0.0010746752357049527
dualls_adapted,59,speed10,new_0_3s,42,0.20190615754947067,0.2868017171110426,0.2478755342012767,0.08489555956157191,0.03892618290976588,0.19649874129014433,0.09030297582089825
dualls_adapted,59,speed10,new_3_5s,34,0.20190615754947067,0.15086793899536133,0.20640104047401545,-0.05103821855410934,-0.05553310147865412,0.1975895134415306,-0.046721574446169284
dualls_adapted,59,speed10,new_5_10s,98,0.20190615754947067,0.13219594347233676,0.1978924035087156,-0.0697102140771339,-0.06569646003637883,0.14920465607902544,-0.01700871260668868
dualls_adapted,59,speed10,no_entry_10s,1326,0.20190615754947067,0.22929511700797583,0.20338569341698895,0.02738895945850517,0.025909423590986885,,
dualls_adapted,71,speed10,within_3s,542,0.14735801436007023,0.3563526342605753,0.1651922191726113,0.20899461990050505,0.191160415087964,,
dualls_adapted,71,speed10,within_5s,576,0.14735801436007023,0.3572004805319011,0.1606761949981361,0.2098424661718309,0.19652428553376503,,
dualls_adapted,71,speed10,within_10s,674,0.14735801436007023,0.3151324679218343,0.15868071176075088,0.16777445356176407,0.15645175616108342,,
dualls_adapted,71,speed10,ongoing,500,0.14735801436007023,0.3763210625052452,0.16332634454230974,0.22896304814517499,0.21299471796293548,0.3137934330319808,0.0625276294732644
dualls_adapted,71,speed10,new_0_3s,42,0.14735801436007023,0.11863325039545695,0.18740501239048765,-0.02872476396461328,-0.0687717619950307,0.3658135864798074,-0.24718033608435042
dualls_adapted,71,speed10,new_3_5s,34,0.14735801436007023,0.3707161475630367,0.08868545668738424,0.2233581332029665,0.28203069087565247,0.3086821382083052,0.06203400935473152
dualls_adapted,71,speed10,new_5_10s,98,0.14735801436007023,0.0678755774789927,0.1469521572226501,-0.07948243688107753,-0.0790765797436574,0.3024816686948128,-0.2346060912158201
dualls_adapted,71,speed10,no_entry_10s,1326,0.14735801436007023,0.06207899346970145,0.14160273679743163,-0.08527902089036879,-0.07952374332773018,,
dualls_adapted,89,speed10,within_3s,542,0.09566930954158306,0.1889445127101402,0.08766350398471075,0.09327520316855714,0.10128100872542946,,
dualls_adapted,89,speed10,within_5s,576,0.09566930954158306,0.16383187232228616,0.08190465632085754,0.0681625627807031,0.08192721600142862,,
dualls_adapted,89,speed10,within_10s,674,0.09566930954158306,0.1524592059877223,0.08075118646622632,0.05678989644613924,0.07170801952149598,,
dualls_adapted,89,speed10,ongoing,500,0.09566930954158306,0.23803105446696282,0.08370786546682654,0.14236174492537976,0.15432318900013628,0.16427864707075812,0.0737524073962047
dualls_adapted,89,speed10,new_0_3s,42,0.09566930954158306,-0.39541907963298617,0.13475443872142773,-0.4910883891745692,-0.5301735183544138,0.20318550078266762,-0.5986045804156538
dualls_adapted,89,speed10,new_3_5s,34,0.09566930954158306,-0.23649315974291632,-0.009898150555860801,-0.3321624692844994,-0.22659500918705552,0.04339389535825228,-0.2798870551011686
dualls_adapted,89,speed10,new_5_10s,98,0.09566930954158306,0.08561577936824487,0.07397160854512819,-0.010053530173338196,0.011644170823116681,0.10825507984992966,-0.02263930048168479
dualls_adapted,89,speed10,no_entry_10s,1326,0.09566930954158306,0.06680325358027246,0.1032521262480615,-0.028866055961310602,-0.03644887266778904,,
dualls_adapted,107,speed10,within_3s,542,0.07277478350326419,0.03182151319795869,0.06490468137860518,-0.0409532703053055,-0.033083168180646494,,
dualls_adapted,107,speed10,within_5s,576,0.07277478350326419,0.04244791126499573,0.06356921709608307,-0.03032687223826846,-0.021121305831087338,,
dualls_adapted,107,speed10,within_10s,674,0.07277478350326419,0.055423235260945045,0.06517980613980139,-0.017351548242319145,-0.009756570878856341,,
dualls_adapted,107,speed10,ongoing,500,0.07277478350326419,0.008668723344802856,0.05657792978963711,-0.06410606015846133,-0.047909206444834256,0.04111118579695732,-0.032442462452154465
dualls_adapted,107,speed10,new_0_3s,42,0.07277478350326419,0.3074499638307662,0.16403267648536776,0.23467518032750204,0.14341728734539846,0.18815885209924832,0.11929111173151791
dualls_adapted,107,speed10,new_3_5s,34,0.07277478350326419,0.21184519809835098,0.042280345298230666,0.1390704145950868,0.16956485280012032,0.04813687988120478,0.1637083182171462
dualls_adapted,107,speed10,new_5_10s,98,0.07277478350326419,0.13168636405346346,0.07464612541716595,0.058911580550199266,0.05704023863629751,0.07408512207417266,0.0576012419792908
dualls_adapted,107,speed10,no_entry_10s,1326,0.07277478350326419,0.08159449957816849,0.07663527727624604,0.008819716074904296,0.004959222301922445,,
